Running mode 'check' for 'D:\a\COMPILATOR\COMPILATOR\daily_life\dl_a_enter.nss' from 'D:\a\COMPILATOR\COMPILATOR\tools\nwn2_compiler\bin': D:\a\COMPILATOR\COMPILATOR\tools\nwn2_compiler\bin\NWNScriptCompiler.exe -c -a -i D:\a\COMPILATOR\COMPILATOR\daily_life -i D:\a\COMPILATOR\COMPILATOR\tools\nwn2_compiler\stock_scripts -b D:\a\COMPILATOR\COMPILATOR\artifacts\ncc D:\a\COMPILATOR\COMPILATOR\daily_life\dl_a_enter.nss
NWNScriptCompiler - built Jan 29 2014 19:24:04
Copyright (C) 2008-2014 Skywing.
Portions copyright (C) 2002-2003, Edward T. Smith.
Portions copyright (C) 2003, The Open Knights Consortium.
Compiling: dl_a_enter.NSS

dl_runtime_contract_inc.nss(196): Error: NSC1020: Undeclared identifier "DL_LogChatDebugEvent"

dl_runtime_contract_inc.nss(244): Error: NSC1020: Undeclared identifier "DL_IsAreaObject"

dl_runtime_contract_inc.nss(245): Error: NSC1039: Not all paths return a value

dl_runtime_contract_inc.nss(254): Error: NSC1020: Undeclared identifier "DL_GetAreaTier"

dl_runtime_contract_inc.nss(265): Error: NSC1020: Undeclared identifier "DL_GetAreaTier"

dl_runtime_contract_inc.nss(266): Error: NSC1039: Not all paths return a value

dl_runtime_contract_inc.nss(275): Error: NSC1020: Undeclared identifier "DL_GetAreaTier"

dl_runtime_contract_inc.nss(276): Error: NSC1039: Not all paths return a value

dl_runtime_contract_inc.nss(369): Error: NSC1020: Undeclared identifier "LOCATION_INVALID"

dl_runtime_contract_inc.nss(389): Error: NSC1020: Undeclared identifier "oActor"

dl_runtime_contract_inc.nss(389): Error: NSC1007: Required argument "oObject" missing in call to "GetIsObjectValid"

dl_runtime_contract_inc.nss(391): Error: NSC1080: Return statement outside the scope of a function

dl_runtime_contract_inc.nss(394): Error: NSC1020: Undeclared identifier "sNoopStateKey"

dl_runtime_contract_inc.nss(394): Error: NSC1020: Undeclared identifier "sNoopStateValue"

dl_runtime_contract_inc.nss(394): Error: NSC1020: Undeclared identifier "nExecutionWindow"

dl_runtime_contract_inc.nss(396): Error: NSC1020: Undeclared identifier "oActor"

dl_runtime_contract_inc.nss(396): Error: NSC1020: Undeclared identifier "sNoopStateKey"

dl_runtime_contract_inc.nss(396): Error: NSC1007: Required argument "oObject" missing in call to "GetLocalString"

dl_runtime_contract_inc.nss(396): Error: NSC1020: Undeclared identifier "sNoopStateValue"

dl_runtime_contract_inc.nss(397): Error: NSC1020: Undeclared identifier "oActor"

dl_runtime_contract_inc.nss(397): Error: NSC1007: Required argument "oObject" missing in call to "GetLocalInt"

dl_runtime_contract_inc.nss(397): Error: NSC1020: Undeclared identifier "nExecutionWindow"

dl_runtime_contract_inc.nss(398): Error: NSC1020: Undeclared identifier "oActor"

dl_runtime_contract_inc.nss(398): Error: NSC1007: Required argument "oObject" missing in call to "GetLocalString"

dl_runtime_contract_inc.nss(398): Error: NSC1020: Undeclared identifier "sNoopStateValue"

dl_runtime_contract_inc.nss(400): Error: NSC1080: Return statement outside the scope of a function

dl_runtime_contract_inc.nss(404): Error: NSC1020: Undeclared identifier "oActor"

dl_runtime_contract_inc.nss(404): Error: NSC1020: Undeclared identifier "sPreStatusKey"

dl_runtime_contract_inc.nss(404): Error: NSC1020: Undeclared identifier "sPreStatus"

dl_runtime_contract_inc.nss(404): Error: NSC1020: Undeclared identifier "sPreDiagKey"

dl_runtime_contract_inc.nss(404): Error: NSC1020: Undeclared identifier "sPreDiag"

dl_runtime_contract_inc.nss(404): Error: NSC1007: Required argument "oNpc" missing in call to "DL_SetRuntimeState"

dl_runtime_contract_inc.nss(405): Error: NSC1020: Undeclared identifier "bResetQueue"

dl_runtime_contract_inc.nss(407): Error: NSC1020: Undeclared identifier "oActor"

dl_runtime_contract_inc.nss(407): Error: NSC1007: Required argument "oActionSubject" missing in call to "AssignCommand"

dl_runtime_contract_inc.nss(410): Error: NSC1020: Undeclared identifier "nActionKind"

dl_runtime_contract_inc.nss(414): Error: NSC1020: Undeclared identifier "nActionKind"

dl_runtime_contract_inc.nss(416): Error: NSC1020: Undeclared identifier "oActor"

dl_runtime_contract_inc.nss(416): Error: NSC1020: Undeclared identifier "oTarget"

dl_runtime_contract_inc.nss(416): Error: NSC1020: Undeclared identifier "bRun"

dl_runtime_contract_inc.nss(416): Error: NSC1020: Undeclared identifier "fRange"

dl_runtime_contract_inc.nss(416): Error: NSC1020: Undeclared identifier "DL_CommandMoveToObject"

dl_runtime_contract_inc.nss(418): Error: NSC1020: Undeclared identifier "nActionKind"

dl_runtime_contract_inc.nss(420): Error: NSC1020: Undeclared identifier "oActor"

dl_runtime_contract_inc.nss(420): Error: NSC1020: Undeclared identifier "lTarget"

dl_runtime_contract_inc.nss(420): Error: NSC1020: Undeclared identifier "bRun"

dl_runtime_contract_inc.nss(420): Error: NSC1020: Undeclared identifier "DL_CommandMoveToLocation"

dl_runtime_contract_inc.nss(422): Error: NSC1020: Undeclared identifier "nActionKind"

dl_runtime_contract_inc.nss(424): Error: NSC1020: Undeclared identifier "oActor"

dl_runtime_contract_inc.nss(424): Error: NSC1020: Undeclared identifier "lTarget"

dl_runtime_contract_inc.nss(424): Error: NSC1020: Undeclared identifier "DL_CommandJumpToLocation"

dl_runtime_contract_inc.nss(426): Error: NSC1020: Undeclared identifier "nActionKind"

dl_runtime_contract_inc.nss(428): Error: NSC1020: Undeclared identifier "oActor"

dl_runtime_contract_inc.nss(428): Error: NSC1020: Undeclared identifier "oTarget"

dl_runtime_contract_inc.nss(428): Error: NSC1020: Undeclared identifier "sDialogResRef"

dl_runtime_contract_inc.nss(428): Error: NSC1020: Undeclared identifier "bPrivateConversation"

dl_runtime_contract_inc.nss(428): Error: NSC1020: Undeclared identifier "bPlayHello"

dl_runtime_contract_inc.nss(428): Error: NSC1020: Undeclared identifier "DL_CommandStartConversation"

dl_runtime_contract_inc.nss(430): Error: NSC1020: Undeclared identifier "nActionKind"

dl_runtime_contract_inc.nss(432): Error: NSC1020: Undeclared identifier "oActor"

dl_runtime_contract_inc.nss(432): Error: NSC1020: Undeclared identifier "oTarget"

dl_runtime_contract_inc.nss(432): Error: NSC1020: Undeclared identifier "DL_CommandAttack"

dl_runtime_contract_inc.nss(436): Error: NSC1080: Return statement outside the scope of a function

dl_runtime_contract_inc.nss(440): Error: NSC1020: Undeclared identifier "oActor"

dl_runtime_contract_inc.nss(441): Error: NSC1020: Undeclared identifier "sPostStatusKey"

dl_runtime_contract_inc.nss(442): Error: NSC1020: Undeclared identifier "sPostStatus"

dl_runtime_contract_inc.nss(443): Error: NSC1020: Undeclared identifier "sPostDiagKey"

dl_runtime_contract_inc.nss(444): Error: NSC1020: Undeclared identifier "sPostDiag"

dl_runtime_contract_inc.nss(446): Error: NSC1020: Undeclared identifier "nExecutionWindow"

dl_runtime_contract_inc.nss(447): Error: NSC1020: Undeclared identifier "sNoopStateKey"

dl_runtime_contract_inc.nss(449): Error: NSC1020: Undeclared identifier "sNoopStateValue"

dl_runtime_contract_inc.nss(449): Error: NSC1007: Required argument "oActor" missing in call to "DL_OnNpcActionDispatched"

dl_runtime_contract_inc.nss(451): Error: NSC1080: Return statement outside the scope of a function

dl_runtime_contract_inc.nss(550): Error: NSC1020: Undeclared identifier "OBJECT_TYPE_AREA"

dl_runtime_contract_inc.nss(551): Error: NSC1039: Not all paths return a value

dl_config_inc.nss(56): Error: NSC1003: Operator (>) not valid for specified types

dl_diag_inc.nss(6): Error: NSC1020: Undeclared identifier "DL_DIR_NONE"

dl_diag_inc.nss(10): Error: NSC1020: Undeclared identifier "DL_DIR_SLEEP"

dl_diag_inc.nss(14): Error: NSC1020: Undeclared identifier "DL_DIR_WORK"

dl_diag_inc.nss(18): Error: NSC1020: Undeclared identifier "DL_DIR_SOCIAL"

dl_diag_inc.nss(22): Error: NSC1020: Undeclared identifier "DL_DIR_MEAL"

dl_diag_inc.nss(26): Error: NSC1020: Undeclared identifier "DL_DIR_PUBLIC"

dl_diag_inc.nss(30): Error: NSC1020: Undeclared identifier "DL_DIR_CHILL"

dl_diag_inc.nss(39): Error: NSC1020: Undeclared identifier "DL_L_NPC_TRANSITION_DIAGNOSTIC"

dl_diag_inc.nss(39): Error: NSC1007: Required argument "sVarName" missing in call to "GetLocalString"

dl_diag_inc.nss(45): Error: NSC1020: Undeclared identifier "DL_L_NPC_SLEEP_DIAGNOSTIC"

dl_diag_inc.nss(45): Error: NSC1007: Required argument "sVarName" missing in call to "GetLocalString"

dl_diag_inc.nss(51): Error: NSC1020: Undeclared identifier "DL_L_NPC_WORK_DIAGNOSTIC"

dl_diag_inc.nss(51): Error: NSC1007: Required argument "sVarName" missing in call to "GetLocalString"

dl_diag_inc.nss(57): Error: NSC1020: Undeclared identifier "DL_L_NPC_FOCUS_DIAGNOSTIC"

dl_diag_inc.nss(57): Error: NSC1007: Required argument "sVarName" missing in call to "GetLocalString"

dl_diag_inc.nss(69): Error: NSC1020: Undeclared identifier "DL_L_NPC_TRANSITION_STATUS"

dl_diag_inc.nss(69): Error: NSC1007: Required argument "sVarName" missing in call to "GetLocalString"

dl_diag_inc.nss(75): Error: NSC1020: Undeclared identifier "DL_L_NPC_SLEEP_STATUS"

dl_diag_inc.nss(75): Error: NSC1007: Required argument "sVarName" missing in call to "GetLocalString"

dl_diag_inc.nss(81): Error: NSC1020: Undeclared identifier "DL_L_NPC_WORK_STATUS"

dl_diag_inc.nss(81): Error: NSC1007: Required argument "sVarName" missing in call to "GetLocalString"

dl_diag_inc.nss(87): Error: NSC1020: Undeclared identifier "DL_L_NPC_FOCUS_STATUS"

dl_diag_inc.nss(87): Error: NSC1007: Required argument "sVarName" missing in call to "GetLocalString"

dl_diag_inc.nss(115): Error: NSC1020: Undeclared identifier "DL_L_NPC_PROFILE_ID"

dl_diag_inc.nss(115): Error: NSC1007: Required argument "sVarName" missing in call to "GetLocalString"

dl_diag_inc.nss(116): Error: NSC1020: Undeclared identifier "DL_L_NPC_DIRECTIVE"

dl_diag_inc.nss(116): Error: NSC1007: Required argument "sVarName" missing in call to "GetLocalInt"

dl_diag_inc.nss(116): Error: NSC1007: Required argument "nDirective" missing in call to "DL_GetDirectiveLabel"

dl_diag_inc.nss(117): Error: NSC1020: Undeclared identifier "DL_L_NPC_STATE"

dl_diag_inc.nss(117): Error: NSC1007: Required argument "sVarName" missing in call to "GetLocalString"

dl_diag_inc.nss(119): Error: NSC1020: Undeclared identifier "DL_L_NPC_SLEEP_STATUS"

dl_diag_inc.nss(119): Error: NSC1007: Required argument "sVarName" missing in call to "GetLocalString"

dl_diag_inc.nss(120): Error: NSC1020: Undeclared identifier "DL_L_NPC_SLEEP_TARGET"

dl_diag_inc.nss(120): Error: NSC1007: Required argument "sVarName" missing in call to "GetLocalString"

dl_diag_inc.nss(121): Error: NSC1020: Undeclared identifier "DL_L_NPC_WORK_STATUS"

dl_diag_inc.nss(121): Error: NSC1007: Required argument "sVarName" missing in call to "GetLocalString"

dl_diag_inc.nss(122): Error: NSC1020: Undeclared identifier "DL_L_NPC_WORK_TARGET"

dl_diag_inc.nss(122): Error: NSC1007: Required argument "sVarName" missing in call to "GetLocalString"

dl_diag_inc.nss(123): Error: NSC1020: Undeclared identifier "DL_L_NPC_TRANSITION_STATUS"

dl_diag_inc.nss(123): Error: NSC1007: Required argument "sVarName" missing in call to "GetLocalString"

dl_diag_inc.nss(124): Error: NSC1020: Undeclared identifier "DL_L_NPC_TRANSITION_TARGET"

dl_diag_inc.nss(124): Error: NSC1007: Required argument "sVarName" missing in call to "GetLocalString"

dl_diag_inc.nss(131): Error: NSC1020: Undeclared identifier "DL_L_NPC_DIRECTIVE"

dl_diag_inc.nss(131): Error: NSC1007: Required argument "sVarName" missing in call to "GetLocalInt"

dl_diag_inc.nss(131): Error: NSC1007: Required argument "nDirective" missing in call to "DL_GetDirectiveLabel"

dl_diag_inc.nss(132): Error: NSC1020: Undeclared identifier "DL_L_NPC_STATE"

dl_diag_inc.nss(132): Error: NSC1007: Required argument "sVarName" missing in call to "GetLocalString"

dl_diag_inc.nss(134): Error: NSC1020: Undeclared identifier "DL_L_NPC_SLEEP_STATUS"

dl_diag_inc.nss(134): Error: NSC1007: Required argument "sVarName" missing in call to "GetLocalString"

dl_diag_inc.nss(135): Error: NSC1020: Undeclared identifier "DL_L_NPC_SLEEP_TARGET"

dl_diag_inc.nss(135): Error: NSC1007: Required argument "sVarName" missing in call to "GetLocalString"

dl_diag_inc.nss(136): Error: NSC1020: Undeclared identifier "DL_L_NPC_WORK_STATUS"

dl_diag_inc.nss(136): Error: NSC1007: Required argument "sVarName" missing in call to "GetLocalString"

dl_diag_inc.nss(137): Error: NSC1020: Undeclared identifier "DL_L_NPC_WORK_TARGET"

dl_diag_inc.nss(137): Error: NSC1007: Required argument "sVarName" missing in call to "GetLocalString"

dl_diag_inc.nss(138): Error: NSC1020: Undeclared identifier "DL_L_NPC_TRANSITION_STATUS"

dl_diag_inc.nss(138): Error: NSC1007: Required argument "sVarName" missing in call to "GetLocalString"

dl_diag_inc.nss(139): Error: NSC1020: Undeclared identifier "DL_L_NPC_TRANSITION_TARGET"

dl_diag_inc.nss(139): Error: NSC1007: Required argument "sVarName" missing in call to "GetLocalString"

dl_diag_inc.nss(140): Error: NSC1039: Not all paths return a value

dl_registry_inc.nss(10): Error: NSC1051: Constant "DL_TIER_WARM" must be initialized before it may be referenced

dl_registry_inc.nss(11): Error: NSC1051: Constant "DL_TIER_HOT" must be initialized before it may be referenced

dl_registry_inc.nss(70): Error: NSC1020: Undeclared identifier "DL_AddLocalInt"

dl_registry_inc.nss(71): Error: NSC1039: Not all paths return a value

dl_registry_inc.nss(166): Error: NSC1020: Undeclared identifier "DL_ShouldRunByAreaTickInterval"

dl_registry_inc.nss(763): Error: NSC1020: Undeclared identifier "DL_L_NPC_PROFILE_ID"

dl_registry_inc.nss(763): Error: NSC1007: Required argument "sVarName" missing in call to "GetLocalString"

dl_registry_inc.nss(765): Error: NSC1020: Undeclared identifier "DL_L_NPC_PROFILE_ID"

dl_registry_inc.nss(765): Error: NSC1007: Required argument "sVarName" missing in call to "SetLocalString"

dl_registry_inc.nss(767): Error: NSC1020: Undeclared identifier "DL_L_NPC_STATE"

dl_registry_inc.nss(767): Error: NSC1007: Required argument "sVarName" missing in call to "GetLocalString"

dl_registry_inc.nss(769): Error: NSC1020: Undeclared identifier "DL_L_NPC_STATE"

dl_registry_inc.nss(769): Error: NSC1007: Required argument "sVarName" missing in call to "SetLocalString"

dl_resync_inc.nss(74): Error: NSC1020: Undeclared identifier "DL_ResolveNpcDirective"

dl_resync_inc.nss(75): Error: NSC1020: Undeclared identifier "DL_ApplyDirectiveSkeleton"

dl_worker_inc.nss(43): Error: NSC1020: Undeclared identifier "DL_ClampInt"

dl_worker_inc.nss(70): Error: NSC1020: Undeclared identifier "DL_L_MODULE_WORKER_TICKS"

dl_worker_inc.nss(70): Error: NSC1007: Required argument "sKey" missing in call to "DL_IncLocalInt"

dl_worker_inc.nss(73): Error: NSC1020: Undeclared identifier "DL_L_AREA_WORKER_LAST_PROCESSED"

dl_worker_inc.nss(73): Error: NSC1007: Required argument "sVarName" missing in call to "SetLocalInt"

dl_worker_inc.nss(74): Error: NSC1020: Undeclared identifier "DL_L_MODULE_WORKER_LAST_PROCESSED"

dl_worker_inc.nss(74): Error: NSC1007: Required argument "sVarName" missing in call to "SetLocalInt"

dl_worker_inc.nss(94): Error: NSC1020: Undeclared identifier "DL_L_AREA_RESYNC_LAST_PROCESSED"

dl_worker_inc.nss(94): Error: NSC1007: Required argument "sVarName" missing in call to "SetLocalInt"

dl_worker_inc.nss(95): Error: NSC1020: Undeclared identifier "DL_L_MODULE_RESYNC_LAST_PROCESSED"

dl_worker_inc.nss(95): Error: NSC1007: Required argument "sVarName" missing in call to "SetLocalInt"

dl_worker_inc.nss(455): Error: NSC1020: Undeclared identifier "DL_ResolveNpcDirective"

dl_worker_inc.nss(456): Error: NSC1020: Undeclared identifier "DL_ApplyDirectiveSkeleton"

dl_lifecycle_inc.nss(22): Error: NSC1050: Non-constant value specified for constant "DL_NPC_RESET_DIRECTIVE_EXEC_ALL"

dl_lifecycle_inc.nss(33): Error: NSC1020: Undeclared identifier "DL_L_NPC_SLEEP_TARGET_VALID"

dl_lifecycle_inc.nss(33): Error: NSC1007: Required argument "sVarName" missing in call to "DeleteLocalInt"

dl_lifecycle_inc.nss(37): Error: NSC1020: Undeclared identifier "DL_L_NPC_WORK_TARGET"

dl_lifecycle_inc.nss(37): Error: NSC1007: Required argument "sVarName" missing in call to "DeleteLocalObject"

dl_lifecycle_inc.nss(41): Error: NSC1020: Undeclared identifier "DL_L_NPC_MEAL_TARGET"

dl_lifecycle_inc.nss(41): Error: NSC1007: Required argument "sVarName" missing in call to "DeleteLocalObject"

dl_lifecycle_inc.nss(45): Error: NSC1020: Undeclared identifier "DL_L_NPC_CHILL_TARGET"

dl_lifecycle_inc.nss(45): Error: NSC1007: Required argument "sVarName" missing in call to "DeleteLocalObject"

dl_lifecycle_inc.nss(49): Error: NSC1020: Undeclared identifier "DL_L_NPC_SOCIAL_TARGET"

dl_lifecycle_inc.nss(49): Error: NSC1007: Required argument "sVarName" missing in call to "DeleteLocalObject"

dl_lifecycle_inc.nss(50): Error: NSC1020: Undeclared identifier "DL_L_NPC_SOCIAL_PARTNER"

dl_lifecycle_inc.nss(50): Error: NSC1007: Required argument "sVarName" missing in call to "DeleteLocalObject"

dl_lifecycle_inc.nss(54): Error: NSC1020: Undeclared identifier "DL_L_NPC_PUBLIC_TARGET"

dl_lifecycle_inc.nss(54): Error: NSC1007: Required argument "sVarName" missing in call to "DeleteLocalObject"

dl_lifecycle_inc.nss(97): Error: NSC1020: Undeclared identifier "DL_L_NPC_BLOCKED_OBJ"

dl_lifecycle_inc.nss(97): Error: NSC1007: Required argument "sVarName" missing in call to "DeleteLocalObject"

dl_lifecycle_inc.nss(98): Error: NSC1020: Undeclared identifier "DL_L_NPC_BLOCKED_TAG"

dl_lifecycle_inc.nss(98): Error: NSC1007: Required argument "sVarName" missing in call to "DeleteLocalString"

dl_lifecycle_inc.nss(99): Error: NSC1020: Undeclared identifier "DL_L_NPC_BLOCKED_TYPE"

dl_lifecycle_inc.nss(99): Error: NSC1007: Required argument "sVarName" missing in call to "DeleteLocalInt"

dl_lifecycle_inc.nss(100): Error: NSC1020: Undeclared identifier "DL_L_NPC_BLOCKED_BUSY"

dl_lifecycle_inc.nss(100): Error: NSC1007: Required argument "sVarName" missing in call to "DeleteLocalInt"

dl_city_response_inc.nss(47): Error: NSC1020: Undeclared identifier "DL_ClampInt"

dl_city_response_inc.nss(55): Error: NSC1020: Undeclared identifier "DL_GetAbsoluteMinute"

dl_city_response_inc.nss(155): Error: NSC1020: Undeclared identifier "GetIsInConversation"

dl_city_response_inc.nss(155): Error: NSC1020: Undeclared identifier "GetIsInConversation"

dl_city_response_inc.nss(172): Error: NSC1020: Undeclared identifier "LOCATION_INVALID"

dl_city_response_inc.nss(185): Error: NSC1020: Undeclared identifier "DL_GetAbsoluteMinute"

dl_city_response_inc.nss(188): Error: NSC1020: Undeclared identifier "DL_OrchestrateRuntimeAction"

dl_city_response_inc.nss(189): Error: NSC1020: Undeclared identifier "LOCATION_INVALID"

dl_city_response_inc.nss(189): Error: NSC1020: Undeclared identifier "DL_OrchestrateRuntimeAction"

dl_city_response_inc.nss(193): Error: NSC1020: Undeclared identifier "LOCATION_INVALID"

dl_city_response_inc.nss(193): Error: NSC1020: Undeclared identifier "DL_OrchestrateRuntimeAction"

dl_city_response_inc.nss(200): Error: NSC1020: Undeclared identifier "DL_L_NPC_PROFILE_ID"

dl_city_response_inc.nss(200): Error: NSC1007: Required argument "sVarName" missing in call to "GetLocalString"

dl_city_response_inc.nss(200): Error: NSC1020: Undeclared identifier "DL_PROFILE_GATE_POST"

dl_city_response_inc.nss(201): Error: NSC1039: Not all paths return a value

dl_city_response_inc.nss(213): Error: NSC1020: Undeclared identifier "DL_GetAbsoluteMinute"

dl_city_response_inc.nss(243): Error: NSC1020: Undeclared identifier "DL_GetAbsoluteMinute"

dl_city_response_inc.nss(244): Error: NSC1020: Undeclared identifier "DL_IsMinuteCooldownActive"

dl_city_response_inc.nss(249): Error: NSC1020: Undeclared identifier "DL_SetMinuteCooldown"

dl_city_response_inc.nss(286): Error: NSC1020: Undeclared identifier "DL_IsMinuteCooldownActive"

dl_city_response_inc.nss(287): Error: NSC1039: Not all paths return a value

dl_city_response_inc.nss(324): Error: NSC1020: Undeclared identifier "DL_GetAbsoluteMinute"

dl_city_response_inc.nss(340): Error: NSC1020: Undeclared identifier "DL_IsMinuteCooldownActive"

dl_city_response_inc.nss(344): Error: NSC1020: Undeclared identifier "DL_SetMinuteCooldown"

dl_city_response_inc.nss(348): Error: NSC1020: Undeclared identifier "LOCATION_INVALID"

dl_city_response_inc.nss(348): Error: NSC1020: Undeclared identifier "DL_GetAbsoluteMinute"

dl_city_response_inc.nss(348): Error: NSC1020: Undeclared identifier "DL_OrchestrateRuntimeAction"

dl_legal_inc.nss(60): Error: NSC1020: Undeclared identifier "DL_GetAbsoluteMinute"

dl_legal_inc.nss(97): Error: NSC1020: Undeclared identifier "DL_GetAbsoluteMinute"

dl_legal_inc.nss(97): Error: NSC1007: Required argument "nValue" missing in call to "SetLocalInt"

dl_legal_inc.nss(112): Error: NSC1020: Undeclared identifier "DL_GetAbsoluteMinute"

dl_legal_inc.nss(148): Error: NSC1020: Undeclared identifier "DL_GetAbsoluteMinute"

dl_legal_inc.nss(148): Error: NSC1007: Required argument "nValue" missing in call to "SetLocalInt"

dl_legal_inc.nss(167): Error: NSC1020: Undeclared identifier "DL_GetAbsoluteMinute"

dl_legal_inc.nss(167): Error: NSC1007: Required argument "nValue" missing in call to "SetLocalInt"

dl_cr_crime_inc.nss(97): Error: NSC1020: Undeclared identifier "DL_GetAbsoluteMinute"

dl_cr_crime_inc.nss(145): Error: NSC1020: Undeclared identifier "DL_GetAbsoluteMinute"

dl_cr_crime_inc.nss(145): Error: NSC1007: Required argument "nValue" missing in call to "SetLocalInt"

dl_cr_crime_inc.nss(232): Error: NSC1020: Undeclared identifier "DL_GetAbsoluteMinute"

dl_cr_crime_inc.nss(233): Error: NSC1020: Undeclared identifier "DL_IsMinuteCooldownActive"

dl_cr_crime_inc.nss(237): Error: NSC1020: Undeclared identifier "DL_SetMinuteCooldown"

dl_cr_crime_inc.nss(284): Error: NSC1020: Undeclared identifier "DL_SELECTION_SCORE_INF"

dl_cr_crime_inc.nss(285): Error: NSC1020: Undeclared identifier "DL_SELECTION_SCORE_INF"

dl_cr_crime_inc.nss(314): Error: NSC1020: Undeclared identifier "DL_SelectionBuildTieKey"

dl_cr_crime_inc.nss(315): Error: NSC1020: Undeclared identifier "DL_SelectionCompare"

dl_cr_crime_inc.nss(324): Error: NSC1020: Undeclared identifier "DL_SelectionCompare"

dl_cr_crime_inc.nss(342): Error: NSC1020: Undeclared identifier "DL_GetAbsoluteMinute"

dl_cr_crime_inc.nss(351): Error: NSC1020: Undeclared identifier "LOCATION_INVALID"

dl_cr_crime_inc.nss(351): Error: NSC1020: Undeclared identifier "DL_GetAbsoluteMinute"

dl_cr_crime_inc.nss(351): Error: NSC1020: Undeclared identifier "DL_OrchestrateRuntimeAction"

dl_cr_crime_inc.nss(365): Error: NSC1020: Undeclared identifier "LOCATION_INVALID"

dl_cr_crime_inc.nss(365): Error: NSC1020: Undeclared identifier "DL_GetAbsoluteMinute"

dl_cr_crime_inc.nss(365): Error: NSC1020: Undeclared identifier "DL_OrchestrateRuntimeAction"

dl_cr_crime_inc.nss(369): Error: NSC1020: Undeclared identifier "LOCATION_INVALID"

dl_cr_crime_inc.nss(369): Error: NSC1020: Undeclared identifier "DL_GetAbsoluteMinute"

dl_cr_crime_inc.nss(369): Error: NSC1020: Undeclared identifier "DL_OrchestrateRuntimeAction"

dl_cr_crime_inc.nss(398): Error: NSC1020: Undeclared identifier "DL_PipelineUpdateDiagnostic"

dl_cr_crime_inc.nss(408): Error: NSC1020: Undeclared identifier "DL_GetAbsoluteMinute"

dl_cr_crime_inc.nss(408): Error: NSC1007: Required argument "nUntilAbsMin" missing in call to "DL_CR_SetDetainPending"

dl_cr_crime_inc.nss(415): Error: NSC1020: Undeclared identifier "DL_PipelineUpdateDiagnostic"

dl_cr_crime_inc.nss(444): Error: NSC1020: Undeclared identifier "DL_CR_EVT_PICKPOCKET"

dl_cr_crime_inc.nss(444): Error: NSC1020: Undeclared identifier "DL_CR_EVT_CONTAINER_THEFT"

dl_cr_crime_inc.nss(462): Error: NSC1020: Undeclared identifier "DL_GetAbsoluteMinute"

dl_cr_crime_inc.nss(480): Error: NSC1020: Undeclared identifier "DL_GetAbsoluteMinute"

dl_cr_crime_inc.nss(531): Error: NSC1020: Undeclared identifier "DL_CR_EVT_DOOR_LOCKPICK"

dl_cr_crime_inc.nss(535): Error: NSC1020: Undeclared identifier "DL_CR_EVT_PLACEABLE_LOCKPICK"

dl_cr_crime_inc.nss(541): Error: NSC1020: Undeclared identifier "DL_CR_EVT_RESTRICTED_ENTRY"

dl_cr_crime_inc.nss(588): Error: NSC1020: Undeclared identifier "DL_CR_EVT_RESTRICTED_ENTRY"

dl_cr_crime_inc.nss(588): Error: NSC1007: Required argument "sKind" missing in call to "DL_CR_RegisterCrimeIncident"

dl_cr_crime_inc.nss(605): Error: NSC1020: Undeclared identifier "DL_GetAbsoluteMinute"

dl_cr_crime_inc.nss(605): Error: NSC1020: Undeclared identifier "DL_OrchestrateRuntimeAction"

dl_cr_crime_inc.nss(626): Error: NSC1020: Undeclared identifier "LOCATION_INVALID"

dl_cr_crime_inc.nss(626): Error: NSC1020: Undeclared identifier "DL_GetAbsoluteMinute"

dl_cr_crime_inc.nss(626): Error: NSC1020: Undeclared identifier "DL_OrchestrateRuntimeAction"

dl_cr_crime_inc.nss(637): Error: NSC1020: Undeclared identifier "DL_GetAbsoluteMinute"

dl_cr_crime_inc.nss(637): Error: NSC1007: Required argument "nUntilAbsMin" missing in call to "DL_CR_SetDetainPending"

dl_cr_crime_inc.nss(643): Error: NSC1020: Undeclared identifier "LOCATION_INVALID"

dl_cr_crime_inc.nss(643): Error: NSC1020: Undeclared identifier "DL_GetAbsoluteMinute"

dl_cr_crime_inc.nss(643): Error: NSC1020: Undeclared identifier "DL_OrchestrateRuntimeAction"

dl_ingress_orch_inc.nss(95): Error: NSC1020: Undeclared identifier "DL_RequestNpcBlockedSignal"

Compilation aborted with errors.

Processing aborted.

Total Execution time = 93ms

Running mode 'check' for 'D:\a\COMPILATOR\COMPILATOR\daily_life\dl_a_exit.nss' from 'D:\a\COMPILATOR\COMPILATOR\tools\nwn2_compiler\bin': D:\a\COMPILATOR\COMPILATOR\tools\nwn2_compiler\bin\NWNScriptCompiler.exe -c -a -i D:\a\COMPILATOR\COMPILATOR\daily_life -i D:\a\COMPILATOR\COMPILATOR\tools\nwn2_compiler\stock_scripts -b D:\a\COMPILATOR\COMPILATOR\artifacts\ncc D:\a\COMPILATOR\COMPILATOR\daily_life\dl_a_exit.nss
NWNScriptCompiler - built Jan 29 2014 19:24:04
Copyright (C) 2008-2014 Skywing.
Portions copyright (C) 2002-2003, Edward T. Smith.
Portions copyright (C) 2003, The Open Knights Consortium.
Compiling: dl_a_exit.NSS

dl_runtime_contract_inc.nss(196): Error: NSC1020: Undeclared identifier "DL_LogChatDebugEvent"

dl_runtime_contract_inc.nss(244): Error: NSC1020: Undeclared identifier "DL_IsAreaObject"

dl_runtime_contract_inc.nss(245): Error: NSC1039: Not all paths return a value

dl_runtime_contract_inc.nss(254): Error: NSC1020: Undeclared identifier "DL_GetAreaTier"

dl_runtime_contract_inc.nss(265): Error: NSC1020: Undeclared identifier "DL_GetAreaTier"

dl_runtime_contract_inc.nss(266): Error: NSC1039: Not all paths return a value

dl_runtime_contract_inc.nss(275): Error: NSC1020: Undeclared identifier "DL_GetAreaTier"

dl_runtime_contract_inc.nss(276): Error: NSC1039: Not all paths return a value

dl_runtime_contract_inc.nss(369): Error: NSC1020: Undeclared identifier "LOCATION_INVALID"

dl_runtime_contract_inc.nss(389): Error: NSC1020: Undeclared identifier "oActor"

dl_runtime_contract_inc.nss(389): Error: NSC1007: Required argument "oObject" missing in call to "GetIsObjectValid"

dl_runtime_contract_inc.nss(391): Error: NSC1080: Return statement outside the scope of a function

dl_runtime_contract_inc.nss(394): Error: NSC1020: Undeclared identifier "sNoopStateKey"

dl_runtime_contract_inc.nss(394): Error: NSC1020: Undeclared identifier "sNoopStateValue"

dl_runtime_contract_inc.nss(394): Error: NSC1020: Undeclared identifier "nExecutionWindow"

dl_runtime_contract_inc.nss(396): Error: NSC1020: Undeclared identifier "oActor"

dl_runtime_contract_inc.nss(396): Error: NSC1020: Undeclared identifier "sNoopStateKey"

dl_runtime_contract_inc.nss(396): Error: NSC1007: Required argument "oObject" missing in call to "GetLocalString"

dl_runtime_contract_inc.nss(396): Error: NSC1020: Undeclared identifier "sNoopStateValue"

dl_runtime_contract_inc.nss(397): Error: NSC1020: Undeclared identifier "oActor"

dl_runtime_contract_inc.nss(397): Error: NSC1007: Required argument "oObject" missing in call to "GetLocalInt"

dl_runtime_contract_inc.nss(397): Error: NSC1020: Undeclared identifier "nExecutionWindow"

dl_runtime_contract_inc.nss(398): Error: NSC1020: Undeclared identifier "oActor"

dl_runtime_contract_inc.nss(398): Error: NSC1007: Required argument "oObject" missing in call to "GetLocalString"

dl_runtime_contract_inc.nss(398): Error: NSC1020: Undeclared identifier "sNoopStateValue"

dl_runtime_contract_inc.nss(400): Error: NSC1080: Return statement outside the scope of a function

dl_runtime_contract_inc.nss(404): Error: NSC1020: Undeclared identifier "oActor"

dl_runtime_contract_inc.nss(404): Error: NSC1020: Undeclared identifier "sPreStatusKey"

dl_runtime_contract_inc.nss(404): Error: NSC1020: Undeclared identifier "sPreStatus"

dl_runtime_contract_inc.nss(404): Error: NSC1020: Undeclared identifier "sPreDiagKey"

dl_runtime_contract_inc.nss(404): Error: NSC1020: Undeclared identifier "sPreDiag"

dl_runtime_contract_inc.nss(404): Error: NSC1007: Required argument "oNpc" missing in call to "DL_SetRuntimeState"

dl_runtime_contract_inc.nss(405): Error: NSC1020: Undeclared identifier "bResetQueue"

dl_runtime_contract_inc.nss(407): Error: NSC1020: Undeclared identifier "oActor"

dl_runtime_contract_inc.nss(407): Error: NSC1007: Required argument "oActionSubject" missing in call to "AssignCommand"

dl_runtime_contract_inc.nss(410): Error: NSC1020: Undeclared identifier "nActionKind"

dl_runtime_contract_inc.nss(414): Error: NSC1020: Undeclared identifier "nActionKind"

dl_runtime_contract_inc.nss(416): Error: NSC1020: Undeclared identifier "oActor"

dl_runtime_contract_inc.nss(416): Error: NSC1020: Undeclared identifier "oTarget"

dl_runtime_contract_inc.nss(416): Error: NSC1020: Undeclared identifier "bRun"

dl_runtime_contract_inc.nss(416): Error: NSC1020: Undeclared identifier "fRange"

dl_runtime_contract_inc.nss(416): Error: NSC1020: Undeclared identifier "DL_CommandMoveToObject"

dl_runtime_contract_inc.nss(418): Error: NSC1020: Undeclared identifier "nActionKind"

dl_runtime_contract_inc.nss(420): Error: NSC1020: Undeclared identifier "oActor"

dl_runtime_contract_inc.nss(420): Error: NSC1020: Undeclared identifier "lTarget"

dl_runtime_contract_inc.nss(420): Error: NSC1020: Undeclared identifier "bRun"

dl_runtime_contract_inc.nss(420): Error: NSC1020: Undeclared identifier "DL_CommandMoveToLocation"

dl_runtime_contract_inc.nss(422): Error: NSC1020: Undeclared identifier "nActionKind"

dl_runtime_contract_inc.nss(424): Error: NSC1020: Undeclared identifier "oActor"

dl_runtime_contract_inc.nss(424): Error: NSC1020: Undeclared identifier "lTarget"

dl_runtime_contract_inc.nss(424): Error: NSC1020: Undeclared identifier "DL_CommandJumpToLocation"

dl_runtime_contract_inc.nss(426): Error: NSC1020: Undeclared identifier "nActionKind"

dl_runtime_contract_inc.nss(428): Error: NSC1020: Undeclared identifier "oActor"

dl_runtime_contract_inc.nss(428): Error: NSC1020: Undeclared identifier "oTarget"

dl_runtime_contract_inc.nss(428): Error: NSC1020: Undeclared identifier "sDialogResRef"

dl_runtime_contract_inc.nss(428): Error: NSC1020: Undeclared identifier "bPrivateConversation"

dl_runtime_contract_inc.nss(428): Error: NSC1020: Undeclared identifier "bPlayHello"

dl_runtime_contract_inc.nss(428): Error: NSC1020: Undeclared identifier "DL_CommandStartConversation"

dl_runtime_contract_inc.nss(430): Error: NSC1020: Undeclared identifier "nActionKind"

dl_runtime_contract_inc.nss(432): Error: NSC1020: Undeclared identifier "oActor"

dl_runtime_contract_inc.nss(432): Error: NSC1020: Undeclared identifier "oTarget"

dl_runtime_contract_inc.nss(432): Error: NSC1020: Undeclared identifier "DL_CommandAttack"

dl_runtime_contract_inc.nss(436): Error: NSC1080: Return statement outside the scope of a function

dl_runtime_contract_inc.nss(440): Error: NSC1020: Undeclared identifier "oActor"

dl_runtime_contract_inc.nss(441): Error: NSC1020: Undeclared identifier "sPostStatusKey"

dl_runtime_contract_inc.nss(442): Error: NSC1020: Undeclared identifier "sPostStatus"

dl_runtime_contract_inc.nss(443): Error: NSC1020: Undeclared identifier "sPostDiagKey"

dl_runtime_contract_inc.nss(444): Error: NSC1020: Undeclared identifier "sPostDiag"

dl_runtime_contract_inc.nss(446): Error: NSC1020: Undeclared identifier "nExecutionWindow"

dl_runtime_contract_inc.nss(447): Error: NSC1020: Undeclared identifier "sNoopStateKey"

dl_runtime_contract_inc.nss(449): Error: NSC1020: Undeclared identifier "sNoopStateValue"

dl_runtime_contract_inc.nss(449): Error: NSC1007: Required argument "oActor" missing in call to "DL_OnNpcActionDispatched"

dl_runtime_contract_inc.nss(451): Error: NSC1080: Return statement outside the scope of a function

dl_runtime_contract_inc.nss(550): Error: NSC1020: Undeclared identifier "OBJECT_TYPE_AREA"

dl_runtime_contract_inc.nss(551): Error: NSC1039: Not all paths return a value

dl_config_inc.nss(56): Error: NSC1003: Operator (>) not valid for specified types

dl_diag_inc.nss(6): Error: NSC1020: Undeclared identifier "DL_DIR_NONE"

dl_diag_inc.nss(10): Error: NSC1020: Undeclared identifier "DL_DIR_SLEEP"

dl_diag_inc.nss(14): Error: NSC1020: Undeclared identifier "DL_DIR_WORK"

dl_diag_inc.nss(18): Error: NSC1020: Undeclared identifier "DL_DIR_SOCIAL"

dl_diag_inc.nss(22): Error: NSC1020: Undeclared identifier "DL_DIR_MEAL"

dl_diag_inc.nss(26): Error: NSC1020: Undeclared identifier "DL_DIR_PUBLIC"

dl_diag_inc.nss(30): Error: NSC1020: Undeclared identifier "DL_DIR_CHILL"

dl_diag_inc.nss(39): Error: NSC1020: Undeclared identifier "DL_L_NPC_TRANSITION_DIAGNOSTIC"

dl_diag_inc.nss(39): Error: NSC1007: Required argument "sVarName" missing in call to "GetLocalString"

dl_diag_inc.nss(45): Error: NSC1020: Undeclared identifier "DL_L_NPC_SLEEP_DIAGNOSTIC"

dl_diag_inc.nss(45): Error: NSC1007: Required argument "sVarName" missing in call to "GetLocalString"

dl_diag_inc.nss(51): Error: NSC1020: Undeclared identifier "DL_L_NPC_WORK_DIAGNOSTIC"

dl_diag_inc.nss(51): Error: NSC1007: Required argument "sVarName" missing in call to "GetLocalString"

dl_diag_inc.nss(57): Error: NSC1020: Undeclared identifier "DL_L_NPC_FOCUS_DIAGNOSTIC"

dl_diag_inc.nss(57): Error: NSC1007: Required argument "sVarName" missing in call to "GetLocalString"

dl_diag_inc.nss(69): Error: NSC1020: Undeclared identifier "DL_L_NPC_TRANSITION_STATUS"

dl_diag_inc.nss(69): Error: NSC1007: Required argument "sVarName" missing in call to "GetLocalString"

dl_diag_inc.nss(75): Error: NSC1020: Undeclared identifier "DL_L_NPC_SLEEP_STATUS"

dl_diag_inc.nss(75): Error: NSC1007: Required argument "sVarName" missing in call to "GetLocalString"

dl_diag_inc.nss(81): Error: NSC1020: Undeclared identifier "DL_L_NPC_WORK_STATUS"

dl_diag_inc.nss(81): Error: NSC1007: Required argument "sVarName" missing in call to "GetLocalString"

dl_diag_inc.nss(87): Error: NSC1020: Undeclared identifier "DL_L_NPC_FOCUS_STATUS"

dl_diag_inc.nss(87): Error: NSC1007: Required argument "sVarName" missing in call to "GetLocalString"

dl_diag_inc.nss(115): Error: NSC1020: Undeclared identifier "DL_L_NPC_PROFILE_ID"

dl_diag_inc.nss(115): Error: NSC1007: Required argument "sVarName" missing in call to "GetLocalString"

dl_diag_inc.nss(116): Error: NSC1020: Undeclared identifier "DL_L_NPC_DIRECTIVE"

dl_diag_inc.nss(116): Error: NSC1007: Required argument "sVarName" missing in call to "GetLocalInt"

dl_diag_inc.nss(116): Error: NSC1007: Required argument "nDirective" missing in call to "DL_GetDirectiveLabel"

dl_diag_inc.nss(117): Error: NSC1020: Undeclared identifier "DL_L_NPC_STATE"

dl_diag_inc.nss(117): Error: NSC1007: Required argument "sVarName" missing in call to "GetLocalString"

dl_diag_inc.nss(119): Error: NSC1020: Undeclared identifier "DL_L_NPC_SLEEP_STATUS"

dl_diag_inc.nss(119): Error: NSC1007: Required argument "sVarName" missing in call to "GetLocalString"

dl_diag_inc.nss(120): Error: NSC1020: Undeclared identifier "DL_L_NPC_SLEEP_TARGET"

dl_diag_inc.nss(120): Error: NSC1007: Required argument "sVarName" missing in call to "GetLocalString"

dl_diag_inc.nss(121): Error: NSC1020: Undeclared identifier "DL_L_NPC_WORK_STATUS"

dl_diag_inc.nss(121): Error: NSC1007: Required argument "sVarName" missing in call to "GetLocalString"

dl_diag_inc.nss(122): Error: NSC1020: Undeclared identifier "DL_L_NPC_WORK_TARGET"

dl_diag_inc.nss(122): Error: NSC1007: Required argument "sVarName" missing in call to "GetLocalString"

dl_diag_inc.nss(123): Error: NSC1020: Undeclared identifier "DL_L_NPC_TRANSITION_STATUS"

dl_diag_inc.nss(123): Error: NSC1007: Required argument "sVarName" missing in call to "GetLocalString"

dl_diag_inc.nss(124): Error: NSC1020: Undeclared identifier "DL_L_NPC_TRANSITION_TARGET"

dl_diag_inc.nss(124): Error: NSC1007: Required argument "sVarName" missing in call to "GetLocalString"

dl_diag_inc.nss(131): Error: NSC1020: Undeclared identifier "DL_L_NPC_DIRECTIVE"

dl_diag_inc.nss(131): Error: NSC1007: Required argument "sVarName" missing in call to "GetLocalInt"

dl_diag_inc.nss(131): Error: NSC1007: Required argument "nDirective" missing in call to "DL_GetDirectiveLabel"

dl_diag_inc.nss(132): Error: NSC1020: Undeclared identifier "DL_L_NPC_STATE"

dl_diag_inc.nss(132): Error: NSC1007: Required argument "sVarName" missing in call to "GetLocalString"

dl_diag_inc.nss(134): Error: NSC1020: Undeclared identifier "DL_L_NPC_SLEEP_STATUS"

dl_diag_inc.nss(134): Error: NSC1007: Required argument "sVarName" missing in call to "GetLocalString"

dl_diag_inc.nss(135): Error: NSC1020: Undeclared identifier "DL_L_NPC_SLEEP_TARGET"

dl_diag_inc.nss(135): Error: NSC1007: Required argument "sVarName" missing in call to "GetLocalString"

dl_diag_inc.nss(136): Error: NSC1020: Undeclared identifier "DL_L_NPC_WORK_STATUS"

dl_diag_inc.nss(136): Error: NSC1007: Required argument "sVarName" missing in call to "GetLocalString"

dl_diag_inc.nss(137): Error: NSC1020: Undeclared identifier "DL_L_NPC_WORK_TARGET"

dl_diag_inc.nss(137): Error: NSC1007: Required argument "sVarName" missing in call to "GetLocalString"

dl_diag_inc.nss(138): Error: NSC1020: Undeclared identifier "DL_L_NPC_TRANSITION_STATUS"

dl_diag_inc.nss(138): Error: NSC1007: Required argument "sVarName" missing in call to "GetLocalString"

dl_diag_inc.nss(139): Error: NSC1020: Undeclared identifier "DL_L_NPC_TRANSITION_TARGET"

dl_diag_inc.nss(139): Error: NSC1007: Required argument "sVarName" missing in call to "GetLocalString"

dl_diag_inc.nss(140): Error: NSC1039: Not all paths return a value

dl_registry_inc.nss(10): Error: NSC1051: Constant "DL_TIER_WARM" must be initialized before it may be referenced

dl_registry_inc.nss(11): Error: NSC1051: Constant "DL_TIER_HOT" must be initialized before it may be referenced

dl_registry_inc.nss(70): Error: NSC1020: Undeclared identifier "DL_AddLocalInt"

dl_registry_inc.nss(71): Error: NSC1039: Not all paths return a value

dl_registry_inc.nss(166): Error: NSC1020: Undeclared identifier "DL_ShouldRunByAreaTickInterval"

dl_registry_inc.nss(763): Error: NSC1020: Undeclared identifier "DL_L_NPC_PROFILE_ID"

dl_registry_inc.nss(763): Error: NSC1007: Required argument "sVarName" missing in call to "GetLocalString"

dl_registry_inc.nss(765): Error: NSC1020: Undeclared identifier "DL_L_NPC_PROFILE_ID"

dl_registry_inc.nss(765): Error: NSC1007: Required argument "sVarName" missing in call to "SetLocalString"

dl_registry_inc.nss(767): Error: NSC1020: Undeclared identifier "DL_L_NPC_STATE"

dl_registry_inc.nss(767): Error: NSC1007: Required argument "sVarName" missing in call to "GetLocalString"

dl_registry_inc.nss(769): Error: NSC1020: Undeclared identifier "DL_L_NPC_STATE"

dl_registry_inc.nss(769): Error: NSC1007: Required argument "sVarName" missing in call to "SetLocalString"

dl_resync_inc.nss(74): Error: NSC1020: Undeclared identifier "DL_ResolveNpcDirective"

dl_resync_inc.nss(75): Error: NSC1020: Undeclared identifier "DL_ApplyDirectiveSkeleton"

dl_worker_inc.nss(43): Error: NSC1020: Undeclared identifier "DL_ClampInt"

dl_worker_inc.nss(70): Error: NSC1020: Undeclared identifier "DL_L_MODULE_WORKER_TICKS"

dl_worker_inc.nss(70): Error: NSC1007: Required argument "sKey" missing in call to "DL_IncLocalInt"

dl_worker_inc.nss(73): Error: NSC1020: Undeclared identifier "DL_L_AREA_WORKER_LAST_PROCESSED"

dl_worker_inc.nss(73): Error: NSC1007: Required argument "sVarName" missing in call to "SetLocalInt"

dl_worker_inc.nss(74): Error: NSC1020: Undeclared identifier "DL_L_MODULE_WORKER_LAST_PROCESSED"

dl_worker_inc.nss(74): Error: NSC1007: Required argument "sVarName" missing in call to "SetLocalInt"

dl_worker_inc.nss(94): Error: NSC1020: Undeclared identifier "DL_L_AREA_RESYNC_LAST_PROCESSED"

dl_worker_inc.nss(94): Error: NSC1007: Required argument "sVarName" missing in call to "SetLocalInt"

dl_worker_inc.nss(95): Error: NSC1020: Undeclared identifier "DL_L_MODULE_RESYNC_LAST_PROCESSED"

dl_worker_inc.nss(95): Error: NSC1007: Required argument "sVarName" missing in call to "SetLocalInt"

dl_worker_inc.nss(455): Error: NSC1020: Undeclared identifier "DL_ResolveNpcDirective"

dl_worker_inc.nss(456): Error: NSC1020: Undeclared identifier "DL_ApplyDirectiveSkeleton"

dl_lifecycle_inc.nss(22): Error: NSC1050: Non-constant value specified for constant "DL_NPC_RESET_DIRECTIVE_EXEC_ALL"

dl_lifecycle_inc.nss(33): Error: NSC1020: Undeclared identifier "DL_L_NPC_SLEEP_TARGET_VALID"

dl_lifecycle_inc.nss(33): Error: NSC1007: Required argument "sVarName" missing in call to "DeleteLocalInt"

dl_lifecycle_inc.nss(37): Error: NSC1020: Undeclared identifier "DL_L_NPC_WORK_TARGET"

dl_lifecycle_inc.nss(37): Error: NSC1007: Required argument "sVarName" missing in call to "DeleteLocalObject"

dl_lifecycle_inc.nss(41): Error: NSC1020: Undeclared identifier "DL_L_NPC_MEAL_TARGET"

dl_lifecycle_inc.nss(41): Error: NSC1007: Required argument "sVarName" missing in call to "DeleteLocalObject"

dl_lifecycle_inc.nss(45): Error: NSC1020: Undeclared identifier "DL_L_NPC_CHILL_TARGET"

dl_lifecycle_inc.nss(45): Error: NSC1007: Required argument "sVarName" missing in call to "DeleteLocalObject"

dl_lifecycle_inc.nss(49): Error: NSC1020: Undeclared identifier "DL_L_NPC_SOCIAL_TARGET"

dl_lifecycle_inc.nss(49): Error: NSC1007: Required argument "sVarName" missing in call to "DeleteLocalObject"

dl_lifecycle_inc.nss(50): Error: NSC1020: Undeclared identifier "DL_L_NPC_SOCIAL_PARTNER"

dl_lifecycle_inc.nss(50): Error: NSC1007: Required argument "sVarName" missing in call to "DeleteLocalObject"

dl_lifecycle_inc.nss(54): Error: NSC1020: Undeclared identifier "DL_L_NPC_PUBLIC_TARGET"

dl_lifecycle_inc.nss(54): Error: NSC1007: Required argument "sVarName" missing in call to "DeleteLocalObject"

dl_lifecycle_inc.nss(97): Error: NSC1020: Undeclared identifier "DL_L_NPC_BLOCKED_OBJ"

dl_lifecycle_inc.nss(97): Error: NSC1007: Required argument "sVarName" missing in call to "DeleteLocalObject"

dl_lifecycle_inc.nss(98): Error: NSC1020: Undeclared identifier "DL_L_NPC_BLOCKED_TAG"

dl_lifecycle_inc.nss(98): Error: NSC1007: Required argument "sVarName" missing in call to "DeleteLocalString"

dl_lifecycle_inc.nss(99): Error: NSC1020: Undeclared identifier "DL_L_NPC_BLOCKED_TYPE"

dl_lifecycle_inc.nss(99): Error: NSC1007: Required argument "sVarName" missing in call to "DeleteLocalInt"

dl_lifecycle_inc.nss(100): Error: NSC1020: Undeclared identifier "DL_L_NPC_BLOCKED_BUSY"

dl_lifecycle_inc.nss(100): Error: NSC1007: Required argument "sVarName" missing in call to "DeleteLocalInt"

dl_city_response_inc.nss(47): Error: NSC1020: Undeclared identifier "DL_ClampInt"

dl_city_response_inc.nss(55): Error: NSC1020: Undeclared identifier "DL_GetAbsoluteMinute"

dl_city_response_inc.nss(155): Error: NSC1020: Undeclared identifier "GetIsInConversation"

dl_city_response_inc.nss(155): Error: NSC1020: Undeclared identifier "GetIsInConversation"

dl_city_response_inc.nss(172): Error: NSC1020: Undeclared identifier "LOCATION_INVALID"

dl_city_response_inc.nss(185): Error: NSC1020: Undeclared identifier "DL_GetAbsoluteMinute"

dl_city_response_inc.nss(188): Error: NSC1020: Undeclared identifier "DL_OrchestrateRuntimeAction"

dl_city_response_inc.nss(189): Error: NSC1020: Undeclared identifier "LOCATION_INVALID"

dl_city_response_inc.nss(189): Error: NSC1020: Undeclared identifier "DL_OrchestrateRuntimeAction"

dl_city_response_inc.nss(193): Error: NSC1020: Undeclared identifier "LOCATION_INVALID"

dl_city_response_inc.nss(193): Error: NSC1020: Undeclared identifier "DL_OrchestrateRuntimeAction"

dl_city_response_inc.nss(200): Error: NSC1020: Undeclared identifier "DL_L_NPC_PROFILE_ID"

dl_city_response_inc.nss(200): Error: NSC1007: Required argument "sVarName" missing in call to "GetLocalString"

dl_city_response_inc.nss(200): Error: NSC1020: Undeclared identifier "DL_PROFILE_GATE_POST"

dl_city_response_inc.nss(201): Error: NSC1039: Not all paths return a value

dl_city_response_inc.nss(213): Error: NSC1020: Undeclared identifier "DL_GetAbsoluteMinute"

dl_city_response_inc.nss(243): Error: NSC1020: Undeclared identifier "DL_GetAbsoluteMinute"

dl_city_response_inc.nss(244): Error: NSC1020: Undeclared identifier "DL_IsMinuteCooldownActive"

dl_city_response_inc.nss(249): Error: NSC1020: Undeclared identifier "DL_SetMinuteCooldown"

dl_city_response_inc.nss(286): Error: NSC1020: Undeclared identifier "DL_IsMinuteCooldownActive"

dl_city_response_inc.nss(287): Error: NSC1039: Not all paths return a value

dl_city_response_inc.nss(324): Error: NSC1020: Undeclared identifier "DL_GetAbsoluteMinute"

dl_city_response_inc.nss(340): Error: NSC1020: Undeclared identifier "DL_IsMinuteCooldownActive"

dl_city_response_inc.nss(344): Error: NSC1020: Undeclared identifier "DL_SetMinuteCooldown"

dl_city_response_inc.nss(348): Error: NSC1020: Undeclared identifier "LOCATION_INVALID"

dl_city_response_inc.nss(348): Error: NSC1020: Undeclared identifier "DL_GetAbsoluteMinute"

dl_city_response_inc.nss(348): Error: NSC1020: Undeclared identifier "DL_OrchestrateRuntimeAction"

dl_legal_inc.nss(60): Error: NSC1020: Undeclared identifier "DL_GetAbsoluteMinute"

dl_legal_inc.nss(97): Error: NSC1020: Undeclared identifier "DL_GetAbsoluteMinute"

dl_legal_inc.nss(97): Error: NSC1007: Required argument "nValue" missing in call to "SetLocalInt"

dl_legal_inc.nss(112): Error: NSC1020: Undeclared identifier "DL_GetAbsoluteMinute"

dl_legal_inc.nss(148): Error: NSC1020: Undeclared identifier "DL_GetAbsoluteMinute"

dl_legal_inc.nss(148): Error: NSC1007: Required argument "nValue" missing in call to "SetLocalInt"

dl_legal_inc.nss(167): Error: NSC1020: Undeclared identifier "DL_GetAbsoluteMinute"

dl_legal_inc.nss(167): Error: NSC1007: Required argument "nValue" missing in call to "SetLocalInt"

dl_cr_crime_inc.nss(97): Error: NSC1020: Undeclared identifier "DL_GetAbsoluteMinute"

dl_cr_crime_inc.nss(145): Error: NSC1020: Undeclared identifier "DL_GetAbsoluteMinute"

dl_cr_crime_inc.nss(145): Error: NSC1007: Required argument "nValue" missing in call to "SetLocalInt"

dl_cr_crime_inc.nss(232): Error: NSC1020: Undeclared identifier "DL_GetAbsoluteMinute"

dl_cr_crime_inc.nss(233): Error: NSC1020: Undeclared identifier "DL_IsMinuteCooldownActive"

dl_cr_crime_inc.nss(237): Error: NSC1020: Undeclared identifier "DL_SetMinuteCooldown"

dl_cr_crime_inc.nss(284): Error: NSC1020: Undeclared identifier "DL_SELECTION_SCORE_INF"

dl_cr_crime_inc.nss(285): Error: NSC1020: Undeclared identifier "DL_SELECTION_SCORE_INF"

dl_cr_crime_inc.nss(314): Error: NSC1020: Undeclared identifier "DL_SelectionBuildTieKey"

dl_cr_crime_inc.nss(315): Error: NSC1020: Undeclared identifier "DL_SelectionCompare"

dl_cr_crime_inc.nss(324): Error: NSC1020: Undeclared identifier "DL_SelectionCompare"

dl_cr_crime_inc.nss(342): Error: NSC1020: Undeclared identifier "DL_GetAbsoluteMinute"

dl_cr_crime_inc.nss(351): Error: NSC1020: Undeclared identifier "LOCATION_INVALID"

dl_cr_crime_inc.nss(351): Error: NSC1020: Undeclared identifier "DL_GetAbsoluteMinute"

dl_cr_crime_inc.nss(351): Error: NSC1020: Undeclared identifier "DL_OrchestrateRuntimeAction"

dl_cr_crime_inc.nss(365): Error: NSC1020: Undeclared identifier "LOCATION_INVALID"

dl_cr_crime_inc.nss(365): Error: NSC1020: Undeclared identifier "DL_GetAbsoluteMinute"

dl_cr_crime_inc.nss(365): Error: NSC1020: Undeclared identifier "DL_OrchestrateRuntimeAction"

dl_cr_crime_inc.nss(369): Error: NSC1020: Undeclared identifier "LOCATION_INVALID"

dl_cr_crime_inc.nss(369): Error: NSC1020: Undeclared identifier "DL_GetAbsoluteMinute"

dl_cr_crime_inc.nss(369): Error: NSC1020: Undeclared identifier "DL_OrchestrateRuntimeAction"

dl_cr_crime_inc.nss(398): Error: NSC1020: Undeclared identifier "DL_PipelineUpdateDiagnostic"

dl_cr_crime_inc.nss(408): Error: NSC1020: Undeclared identifier "DL_GetAbsoluteMinute"

dl_cr_crime_inc.nss(408): Error: NSC1007: Required argument "nUntilAbsMin" missing in call to "DL_CR_SetDetainPending"

dl_cr_crime_inc.nss(415): Error: NSC1020: Undeclared identifier "DL_PipelineUpdateDiagnostic"

dl_cr_crime_inc.nss(444): Error: NSC1020: Undeclared identifier "DL_CR_EVT_PICKPOCKET"

dl_cr_crime_inc.nss(444): Error: NSC1020: Undeclared identifier "DL_CR_EVT_CONTAINER_THEFT"

dl_cr_crime_inc.nss(462): Error: NSC1020: Undeclared identifier "DL_GetAbsoluteMinute"

dl_cr_crime_inc.nss(480): Error: NSC1020: Undeclared identifier "DL_GetAbsoluteMinute"

dl_cr_crime_inc.nss(531): Error: NSC1020: Undeclared identifier "DL_CR_EVT_DOOR_LOCKPICK"

dl_cr_crime_inc.nss(535): Error: NSC1020: Undeclared identifier "DL_CR_EVT_PLACEABLE_LOCKPICK"

dl_cr_crime_inc.nss(541): Error: NSC1020: Undeclared identifier "DL_CR_EVT_RESTRICTED_ENTRY"

dl_cr_crime_inc.nss(588): Error: NSC1020: Undeclared identifier "DL_CR_EVT_RESTRICTED_ENTRY"

dl_cr_crime_inc.nss(588): Error: NSC1007: Required argument "sKind" missing in call to "DL_CR_RegisterCrimeIncident"

dl_cr_crime_inc.nss(605): Error: NSC1020: Undeclared identifier "DL_GetAbsoluteMinute"

dl_cr_crime_inc.nss(605): Error: NSC1020: Undeclared identifier "DL_OrchestrateRuntimeAction"

dl_cr_crime_inc.nss(626): Error: NSC1020: Undeclared identifier "LOCATION_INVALID"

dl_cr_crime_inc.nss(626): Error: NSC1020: Undeclared identifier "DL_GetAbsoluteMinute"

dl_cr_crime_inc.nss(626): Error: NSC1020: Undeclared identifier "DL_OrchestrateRuntimeAction"

dl_cr_crime_inc.nss(637): Error: NSC1020: Undeclared identifier "DL_GetAbsoluteMinute"

dl_cr_crime_inc.nss(637): Error: NSC1007: Required argument "nUntilAbsMin" missing in call to "DL_CR_SetDetainPending"

dl_cr_crime_inc.nss(643): Error: NSC1020: Undeclared identifier "LOCATION_INVALID"

dl_cr_crime_inc.nss(643): Error: NSC1020: Undeclared identifier "DL_GetAbsoluteMinute"

dl_cr_crime_inc.nss(643): Error: NSC1020: Undeclared identifier "DL_OrchestrateRuntimeAction"

Compilation aborted with errors.

Processing aborted.

Total Execution time = 15ms

Running mode 'check' for 'D:\a\COMPILATOR\COMPILATOR\daily_life\dl_a_hb.nss' from 'D:\a\COMPILATOR\COMPILATOR\tools\nwn2_compiler\bin': D:\a\COMPILATOR\COMPILATOR\tools\nwn2_compiler\bin\NWNScriptCompiler.exe -c -a -i D:\a\COMPILATOR\COMPILATOR\daily_life -i D:\a\COMPILATOR\COMPILATOR\tools\nwn2_compiler\stock_scripts -b D:\a\COMPILATOR\COMPILATOR\artifacts\ncc D:\a\COMPILATOR\COMPILATOR\daily_life\dl_a_hb.nss
NWNScriptCompiler - built Jan 29 2014 19:24:04
Copyright (C) 2008-2014 Skywing.
Portions copyright (C) 2002-2003, Edward T. Smith.
Portions copyright (C) 2003, The Open Knights Consortium.
Compiling: dl_a_hb.NSS

dl_runtime_contract_inc.nss(196): Error: NSC1020: Undeclared identifier "DL_LogChatDebugEvent"

dl_runtime_contract_inc.nss(244): Error: NSC1020: Undeclared identifier "DL_IsAreaObject"

dl_runtime_contract_inc.nss(245): Error: NSC1039: Not all paths return a value

dl_runtime_contract_inc.nss(254): Error: NSC1020: Undeclared identifier "DL_GetAreaTier"

dl_runtime_contract_inc.nss(265): Error: NSC1020: Undeclared identifier "DL_GetAreaTier"

dl_runtime_contract_inc.nss(266): Error: NSC1039: Not all paths return a value

dl_runtime_contract_inc.nss(275): Error: NSC1020: Undeclared identifier "DL_GetAreaTier"

dl_runtime_contract_inc.nss(276): Error: NSC1039: Not all paths return a value

dl_runtime_contract_inc.nss(369): Error: NSC1020: Undeclared identifier "LOCATION_INVALID"

dl_runtime_contract_inc.nss(389): Error: NSC1020: Undeclared identifier "oActor"

dl_runtime_contract_inc.nss(389): Error: NSC1007: Required argument "oObject" missing in call to "GetIsObjectValid"

dl_runtime_contract_inc.nss(391): Error: NSC1080: Return statement outside the scope of a function

dl_runtime_contract_inc.nss(394): Error: NSC1020: Undeclared identifier "sNoopStateKey"

dl_runtime_contract_inc.nss(394): Error: NSC1020: Undeclared identifier "sNoopStateValue"

dl_runtime_contract_inc.nss(394): Error: NSC1020: Undeclared identifier "nExecutionWindow"

dl_runtime_contract_inc.nss(396): Error: NSC1020: Undeclared identifier "oActor"

dl_runtime_contract_inc.nss(396): Error: NSC1020: Undeclared identifier "sNoopStateKey"

dl_runtime_contract_inc.nss(396): Error: NSC1007: Required argument "oObject" missing in call to "GetLocalString"

dl_runtime_contract_inc.nss(396): Error: NSC1020: Undeclared identifier "sNoopStateValue"

dl_runtime_contract_inc.nss(397): Error: NSC1020: Undeclared identifier "oActor"

dl_runtime_contract_inc.nss(397): Error: NSC1007: Required argument "oObject" missing in call to "GetLocalInt"

dl_runtime_contract_inc.nss(397): Error: NSC1020: Undeclared identifier "nExecutionWindow"

dl_runtime_contract_inc.nss(398): Error: NSC1020: Undeclared identifier "oActor"

dl_runtime_contract_inc.nss(398): Error: NSC1007: Required argument "oObject" missing in call to "GetLocalString"

dl_runtime_contract_inc.nss(398): Error: NSC1020: Undeclared identifier "sNoopStateValue"

dl_runtime_contract_inc.nss(400): Error: NSC1080: Return statement outside the scope of a function

dl_runtime_contract_inc.nss(404): Error: NSC1020: Undeclared identifier "oActor"

dl_runtime_contract_inc.nss(404): Error: NSC1020: Undeclared identifier "sPreStatusKey"

dl_runtime_contract_inc.nss(404): Error: NSC1020: Undeclared identifier "sPreStatus"

dl_runtime_contract_inc.nss(404): Error: NSC1020: Undeclared identifier "sPreDiagKey"

dl_runtime_contract_inc.nss(404): Error: NSC1020: Undeclared identifier "sPreDiag"

dl_runtime_contract_inc.nss(404): Error: NSC1007: Required argument "oNpc" missing in call to "DL_SetRuntimeState"

dl_runtime_contract_inc.nss(405): Error: NSC1020: Undeclared identifier "bResetQueue"

dl_runtime_contract_inc.nss(407): Error: NSC1020: Undeclared identifier "oActor"

dl_runtime_contract_inc.nss(407): Error: NSC1007: Required argument "oActionSubject" missing in call to "AssignCommand"

dl_runtime_contract_inc.nss(410): Error: NSC1020: Undeclared identifier "nActionKind"

dl_runtime_contract_inc.nss(414): Error: NSC1020: Undeclared identifier "nActionKind"

dl_runtime_contract_inc.nss(416): Error: NSC1020: Undeclared identifier "oActor"

dl_runtime_contract_inc.nss(416): Error: NSC1020: Undeclared identifier "oTarget"

dl_runtime_contract_inc.nss(416): Error: NSC1020: Undeclared identifier "bRun"

dl_runtime_contract_inc.nss(416): Error: NSC1020: Undeclared identifier "fRange"

dl_runtime_contract_inc.nss(416): Error: NSC1020: Undeclared identifier "DL_CommandMoveToObject"

dl_runtime_contract_inc.nss(418): Error: NSC1020: Undeclared identifier "nActionKind"

dl_runtime_contract_inc.nss(420): Error: NSC1020: Undeclared identifier "oActor"

dl_runtime_contract_inc.nss(420): Error: NSC1020: Undeclared identifier "lTarget"

dl_runtime_contract_inc.nss(420): Error: NSC1020: Undeclared identifier "bRun"

dl_runtime_contract_inc.nss(420): Error: NSC1020: Undeclared identifier "DL_CommandMoveToLocation"

dl_runtime_contract_inc.nss(422): Error: NSC1020: Undeclared identifier "nActionKind"

dl_runtime_contract_inc.nss(424): Error: NSC1020: Undeclared identifier "oActor"

dl_runtime_contract_inc.nss(424): Error: NSC1020: Undeclared identifier "lTarget"

dl_runtime_contract_inc.nss(424): Error: NSC1020: Undeclared identifier "DL_CommandJumpToLocation"

dl_runtime_contract_inc.nss(426): Error: NSC1020: Undeclared identifier "nActionKind"

dl_runtime_contract_inc.nss(428): Error: NSC1020: Undeclared identifier "oActor"

dl_runtime_contract_inc.nss(428): Error: NSC1020: Undeclared identifier "oTarget"

dl_runtime_contract_inc.nss(428): Error: NSC1020: Undeclared identifier "sDialogResRef"

dl_runtime_contract_inc.nss(428): Error: NSC1020: Undeclared identifier "bPrivateConversation"

dl_runtime_contract_inc.nss(428): Error: NSC1020: Undeclared identifier "bPlayHello"

dl_runtime_contract_inc.nss(428): Error: NSC1020: Undeclared identifier "DL_CommandStartConversation"

dl_runtime_contract_inc.nss(430): Error: NSC1020: Undeclared identifier "nActionKind"

dl_runtime_contract_inc.nss(432): Error: NSC1020: Undeclared identifier "oActor"

dl_runtime_contract_inc.nss(432): Error: NSC1020: Undeclared identifier "oTarget"

dl_runtime_contract_inc.nss(432): Error: NSC1020: Undeclared identifier "DL_CommandAttack"

dl_runtime_contract_inc.nss(436): Error: NSC1080: Return statement outside the scope of a function

dl_runtime_contract_inc.nss(440): Error: NSC1020: Undeclared identifier "oActor"

dl_runtime_contract_inc.nss(441): Error: NSC1020: Undeclared identifier "sPostStatusKey"

dl_runtime_contract_inc.nss(442): Error: NSC1020: Undeclared identifier "sPostStatus"

dl_runtime_contract_inc.nss(443): Error: NSC1020: Undeclared identifier "sPostDiagKey"

dl_runtime_contract_inc.nss(444): Error: NSC1020: Undeclared identifier "sPostDiag"

dl_runtime_contract_inc.nss(446): Error: NSC1020: Undeclared identifier "nExecutionWindow"

dl_runtime_contract_inc.nss(447): Error: NSC1020: Undeclared identifier "sNoopStateKey"

dl_runtime_contract_inc.nss(449): Error: NSC1020: Undeclared identifier "sNoopStateValue"

dl_runtime_contract_inc.nss(449): Error: NSC1007: Required argument "oActor" missing in call to "DL_OnNpcActionDispatched"

dl_runtime_contract_inc.nss(451): Error: NSC1080: Return statement outside the scope of a function

dl_runtime_contract_inc.nss(550): Error: NSC1020: Undeclared identifier "OBJECT_TYPE_AREA"

dl_runtime_contract_inc.nss(551): Error: NSC1039: Not all paths return a value

dl_config_inc.nss(56): Error: NSC1003: Operator (>) not valid for specified types

dl_diag_inc.nss(6): Error: NSC1020: Undeclared identifier "DL_DIR_NONE"

dl_diag_inc.nss(10): Error: NSC1020: Undeclared identifier "DL_DIR_SLEEP"

dl_diag_inc.nss(14): Error: NSC1020: Undeclared identifier "DL_DIR_WORK"

dl_diag_inc.nss(18): Error: NSC1020: Undeclared identifier "DL_DIR_SOCIAL"

dl_diag_inc.nss(22): Error: NSC1020: Undeclared identifier "DL_DIR_MEAL"

dl_diag_inc.nss(26): Error: NSC1020: Undeclared identifier "DL_DIR_PUBLIC"

dl_diag_inc.nss(30): Error: NSC1020: Undeclared identifier "DL_DIR_CHILL"

dl_diag_inc.nss(39): Error: NSC1020: Undeclared identifier "DL_L_NPC_TRANSITION_DIAGNOSTIC"

dl_diag_inc.nss(39): Error: NSC1007: Required argument "sVarName" missing in call to "GetLocalString"

dl_diag_inc.nss(45): Error: NSC1020: Undeclared identifier "DL_L_NPC_SLEEP_DIAGNOSTIC"

dl_diag_inc.nss(45): Error: NSC1007: Required argument "sVarName" missing in call to "GetLocalString"

dl_diag_inc.nss(51): Error: NSC1020: Undeclared identifier "DL_L_NPC_WORK_DIAGNOSTIC"

dl_diag_inc.nss(51): Error: NSC1007: Required argument "sVarName" missing in call to "GetLocalString"

dl_diag_inc.nss(57): Error: NSC1020: Undeclared identifier "DL_L_NPC_FOCUS_DIAGNOSTIC"

dl_diag_inc.nss(57): Error: NSC1007: Required argument "sVarName" missing in call to "GetLocalString"

dl_diag_inc.nss(69): Error: NSC1020: Undeclared identifier "DL_L_NPC_TRANSITION_STATUS"

dl_diag_inc.nss(69): Error: NSC1007: Required argument "sVarName" missing in call to "GetLocalString"

dl_diag_inc.nss(75): Error: NSC1020: Undeclared identifier "DL_L_NPC_SLEEP_STATUS"

dl_diag_inc.nss(75): Error: NSC1007: Required argument "sVarName" missing in call to "GetLocalString"

dl_diag_inc.nss(81): Error: NSC1020: Undeclared identifier "DL_L_NPC_WORK_STATUS"

dl_diag_inc.nss(81): Error: NSC1007: Required argument "sVarName" missing in call to "GetLocalString"

dl_diag_inc.nss(87): Error: NSC1020: Undeclared identifier "DL_L_NPC_FOCUS_STATUS"

dl_diag_inc.nss(87): Error: NSC1007: Required argument "sVarName" missing in call to "GetLocalString"

dl_diag_inc.nss(115): Error: NSC1020: Undeclared identifier "DL_L_NPC_PROFILE_ID"

dl_diag_inc.nss(115): Error: NSC1007: Required argument "sVarName" missing in call to "GetLocalString"

dl_diag_inc.nss(116): Error: NSC1020: Undeclared identifier "DL_L_NPC_DIRECTIVE"

dl_diag_inc.nss(116): Error: NSC1007: Required argument "sVarName" missing in call to "GetLocalInt"

dl_diag_inc.nss(116): Error: NSC1007: Required argument "nDirective" missing in call to "DL_GetDirectiveLabel"

dl_diag_inc.nss(117): Error: NSC1020: Undeclared identifier "DL_L_NPC_STATE"

dl_diag_inc.nss(117): Error: NSC1007: Required argument "sVarName" missing in call to "GetLocalString"

dl_diag_inc.nss(119): Error: NSC1020: Undeclared identifier "DL_L_NPC_SLEEP_STATUS"

dl_diag_inc.nss(119): Error: NSC1007: Required argument "sVarName" missing in call to "GetLocalString"

dl_diag_inc.nss(120): Error: NSC1020: Undeclared identifier "DL_L_NPC_SLEEP_TARGET"

dl_diag_inc.nss(120): Error: NSC1007: Required argument "sVarName" missing in call to "GetLocalString"

dl_diag_inc.nss(121): Error: NSC1020: Undeclared identifier "DL_L_NPC_WORK_STATUS"

dl_diag_inc.nss(121): Error: NSC1007: Required argument "sVarName" missing in call to "GetLocalString"

dl_diag_inc.nss(122): Error: NSC1020: Undeclared identifier "DL_L_NPC_WORK_TARGET"

dl_diag_inc.nss(122): Error: NSC1007: Required argument "sVarName" missing in call to "GetLocalString"

dl_diag_inc.nss(123): Error: NSC1020: Undeclared identifier "DL_L_NPC_TRANSITION_STATUS"

dl_diag_inc.nss(123): Error: NSC1007: Required argument "sVarName" missing in call to "GetLocalString"

dl_diag_inc.nss(124): Error: NSC1020: Undeclared identifier "DL_L_NPC_TRANSITION_TARGET"

dl_diag_inc.nss(124): Error: NSC1007: Required argument "sVarName" missing in call to "GetLocalString"

dl_diag_inc.nss(131): Error: NSC1020: Undeclared identifier "DL_L_NPC_DIRECTIVE"

dl_diag_inc.nss(131): Error: NSC1007: Required argument "sVarName" missing in call to "GetLocalInt"

dl_diag_inc.nss(131): Error: NSC1007: Required argument "nDirective" missing in call to "DL_GetDirectiveLabel"

dl_diag_inc.nss(132): Error: NSC1020: Undeclared identifier "DL_L_NPC_STATE"

dl_diag_inc.nss(132): Error: NSC1007: Required argument "sVarName" missing in call to "GetLocalString"

dl_diag_inc.nss(134): Error: NSC1020: Undeclared identifier "DL_L_NPC_SLEEP_STATUS"

dl_diag_inc.nss(134): Error: NSC1007: Required argument "sVarName" missing in call to "GetLocalString"

dl_diag_inc.nss(135): Error: NSC1020: Undeclared identifier "DL_L_NPC_SLEEP_TARGET"

dl_diag_inc.nss(135): Error: NSC1007: Required argument "sVarName" missing in call to "GetLocalString"

dl_diag_inc.nss(136): Error: NSC1020: Undeclared identifier "DL_L_NPC_WORK_STATUS"

dl_diag_inc.nss(136): Error: NSC1007: Required argument "sVarName" missing in call to "GetLocalString"

dl_diag_inc.nss(137): Error: NSC1020: Undeclared identifier "DL_L_NPC_WORK_TARGET"

dl_diag_inc.nss(137): Error: NSC1007: Required argument "sVarName" missing in call to "GetLocalString"

dl_diag_inc.nss(138): Error: NSC1020: Undeclared identifier "DL_L_NPC_TRANSITION_STATUS"

dl_diag_inc.nss(138): Error: NSC1007: Required argument "sVarName" missing in call to "GetLocalString"

dl_diag_inc.nss(139): Error: NSC1020: Undeclared identifier "DL_L_NPC_TRANSITION_TARGET"

dl_diag_inc.nss(139): Error: NSC1007: Required argument "sVarName" missing in call to "GetLocalString"

dl_diag_inc.nss(140): Error: NSC1039: Not all paths return a value

dl_registry_inc.nss(10): Error: NSC1051: Constant "DL_TIER_WARM" must be initialized before it may be referenced

dl_registry_inc.nss(11): Error: NSC1051: Constant "DL_TIER_HOT" must be initialized before it may be referenced

dl_registry_inc.nss(70): Error: NSC1020: Undeclared identifier "DL_AddLocalInt"

dl_registry_inc.nss(71): Error: NSC1039: Not all paths return a value

dl_registry_inc.nss(166): Error: NSC1020: Undeclared identifier "DL_ShouldRunByAreaTickInterval"

dl_registry_inc.nss(763): Error: NSC1020: Undeclared identifier "DL_L_NPC_PROFILE_ID"

dl_registry_inc.nss(763): Error: NSC1007: Required argument "sVarName" missing in call to "GetLocalString"

dl_registry_inc.nss(765): Error: NSC1020: Undeclared identifier "DL_L_NPC_PROFILE_ID"

dl_registry_inc.nss(765): Error: NSC1007: Required argument "sVarName" missing in call to "SetLocalString"

dl_registry_inc.nss(767): Error: NSC1020: Undeclared identifier "DL_L_NPC_STATE"

dl_registry_inc.nss(767): Error: NSC1007: Required argument "sVarName" missing in call to "GetLocalString"

dl_registry_inc.nss(769): Error: NSC1020: Undeclared identifier "DL_L_NPC_STATE"

dl_registry_inc.nss(769): Error: NSC1007: Required argument "sVarName" missing in call to "SetLocalString"

dl_resync_inc.nss(74): Error: NSC1020: Undeclared identifier "DL_ResolveNpcDirective"

dl_resync_inc.nss(75): Error: NSC1020: Undeclared identifier "DL_ApplyDirectiveSkeleton"

dl_worker_inc.nss(43): Error: NSC1020: Undeclared identifier "DL_ClampInt"

dl_worker_inc.nss(70): Error: NSC1020: Undeclared identifier "DL_L_MODULE_WORKER_TICKS"

dl_worker_inc.nss(70): Error: NSC1007: Required argument "sKey" missing in call to "DL_IncLocalInt"

dl_worker_inc.nss(73): Error: NSC1020: Undeclared identifier "DL_L_AREA_WORKER_LAST_PROCESSED"

dl_worker_inc.nss(73): Error: NSC1007: Required argument "sVarName" missing in call to "SetLocalInt"

dl_worker_inc.nss(74): Error: NSC1020: Undeclared identifier "DL_L_MODULE_WORKER_LAST_PROCESSED"

dl_worker_inc.nss(74): Error: NSC1007: Required argument "sVarName" missing in call to "SetLocalInt"

dl_worker_inc.nss(94): Error: NSC1020: Undeclared identifier "DL_L_AREA_RESYNC_LAST_PROCESSED"

dl_worker_inc.nss(94): Error: NSC1007: Required argument "sVarName" missing in call to "SetLocalInt"

dl_worker_inc.nss(95): Error: NSC1020: Undeclared identifier "DL_L_MODULE_RESYNC_LAST_PROCESSED"

dl_worker_inc.nss(95): Error: NSC1007: Required argument "sVarName" missing in call to "SetLocalInt"

dl_worker_inc.nss(455): Error: NSC1020: Undeclared identifier "DL_ResolveNpcDirective"

dl_worker_inc.nss(456): Error: NSC1020: Undeclared identifier "DL_ApplyDirectiveSkeleton"

dl_lifecycle_inc.nss(22): Error: NSC1050: Non-constant value specified for constant "DL_NPC_RESET_DIRECTIVE_EXEC_ALL"

dl_lifecycle_inc.nss(33): Error: NSC1020: Undeclared identifier "DL_L_NPC_SLEEP_TARGET_VALID"

dl_lifecycle_inc.nss(33): Error: NSC1007: Required argument "sVarName" missing in call to "DeleteLocalInt"

dl_lifecycle_inc.nss(37): Error: NSC1020: Undeclared identifier "DL_L_NPC_WORK_TARGET"

dl_lifecycle_inc.nss(37): Error: NSC1007: Required argument "sVarName" missing in call to "DeleteLocalObject"

dl_lifecycle_inc.nss(41): Error: NSC1020: Undeclared identifier "DL_L_NPC_MEAL_TARGET"

dl_lifecycle_inc.nss(41): Error: NSC1007: Required argument "sVarName" missing in call to "DeleteLocalObject"

dl_lifecycle_inc.nss(45): Error: NSC1020: Undeclared identifier "DL_L_NPC_CHILL_TARGET"

dl_lifecycle_inc.nss(45): Error: NSC1007: Required argument "sVarName" missing in call to "DeleteLocalObject"

dl_lifecycle_inc.nss(49): Error: NSC1020: Undeclared identifier "DL_L_NPC_SOCIAL_TARGET"

dl_lifecycle_inc.nss(49): Error: NSC1007: Required argument "sVarName" missing in call to "DeleteLocalObject"

dl_lifecycle_inc.nss(50): Error: NSC1020: Undeclared identifier "DL_L_NPC_SOCIAL_PARTNER"

dl_lifecycle_inc.nss(50): Error: NSC1007: Required argument "sVarName" missing in call to "DeleteLocalObject"

dl_lifecycle_inc.nss(54): Error: NSC1020: Undeclared identifier "DL_L_NPC_PUBLIC_TARGET"

dl_lifecycle_inc.nss(54): Error: NSC1007: Required argument "sVarName" missing in call to "DeleteLocalObject"

dl_lifecycle_inc.nss(97): Error: NSC1020: Undeclared identifier "DL_L_NPC_BLOCKED_OBJ"

dl_lifecycle_inc.nss(97): Error: NSC1007: Required argument "sVarName" missing in call to "DeleteLocalObject"

dl_lifecycle_inc.nss(98): Error: NSC1020: Undeclared identifier "DL_L_NPC_BLOCKED_TAG"

dl_lifecycle_inc.nss(98): Error: NSC1007: Required argument "sVarName" missing in call to "DeleteLocalString"

dl_lifecycle_inc.nss(99): Error: NSC1020: Undeclared identifier "DL_L_NPC_BLOCKED_TYPE"

dl_lifecycle_inc.nss(99): Error: NSC1007: Required argument "sVarName" missing in call to "DeleteLocalInt"

dl_lifecycle_inc.nss(100): Error: NSC1020: Undeclared identifier "DL_L_NPC_BLOCKED_BUSY"

dl_lifecycle_inc.nss(100): Error: NSC1007: Required argument "sVarName" missing in call to "DeleteLocalInt"

dl_city_response_inc.nss(47): Error: NSC1020: Undeclared identifier "DL_ClampInt"

dl_city_response_inc.nss(55): Error: NSC1020: Undeclared identifier "DL_GetAbsoluteMinute"

dl_city_response_inc.nss(155): Error: NSC1020: Undeclared identifier "GetIsInConversation"

dl_city_response_inc.nss(155): Error: NSC1020: Undeclared identifier "GetIsInConversation"

dl_city_response_inc.nss(172): Error: NSC1020: Undeclared identifier "LOCATION_INVALID"

dl_city_response_inc.nss(185): Error: NSC1020: Undeclared identifier "DL_GetAbsoluteMinute"

dl_city_response_inc.nss(188): Error: NSC1020: Undeclared identifier "DL_OrchestrateRuntimeAction"

dl_city_response_inc.nss(189): Error: NSC1020: Undeclared identifier "LOCATION_INVALID"

dl_city_response_inc.nss(189): Error: NSC1020: Undeclared identifier "DL_OrchestrateRuntimeAction"

dl_city_response_inc.nss(193): Error: NSC1020: Undeclared identifier "LOCATION_INVALID"

dl_city_response_inc.nss(193): Error: NSC1020: Undeclared identifier "DL_OrchestrateRuntimeAction"

dl_city_response_inc.nss(200): Error: NSC1020: Undeclared identifier "DL_L_NPC_PROFILE_ID"

dl_city_response_inc.nss(200): Error: NSC1007: Required argument "sVarName" missing in call to "GetLocalString"

dl_city_response_inc.nss(200): Error: NSC1020: Undeclared identifier "DL_PROFILE_GATE_POST"

dl_city_response_inc.nss(201): Error: NSC1039: Not all paths return a value

dl_city_response_inc.nss(213): Error: NSC1020: Undeclared identifier "DL_GetAbsoluteMinute"

dl_city_response_inc.nss(243): Error: NSC1020: Undeclared identifier "DL_GetAbsoluteMinute"

dl_city_response_inc.nss(244): Error: NSC1020: Undeclared identifier "DL_IsMinuteCooldownActive"

dl_city_response_inc.nss(249): Error: NSC1020: Undeclared identifier "DL_SetMinuteCooldown"

dl_city_response_inc.nss(286): Error: NSC1020: Undeclared identifier "DL_IsMinuteCooldownActive"

dl_city_response_inc.nss(287): Error: NSC1039: Not all paths return a value

dl_city_response_inc.nss(324): Error: NSC1020: Undeclared identifier "DL_GetAbsoluteMinute"

dl_city_response_inc.nss(340): Error: NSC1020: Undeclared identifier "DL_IsMinuteCooldownActive"

dl_city_response_inc.nss(344): Error: NSC1020: Undeclared identifier "DL_SetMinuteCooldown"

dl_city_response_inc.nss(348): Error: NSC1020: Undeclared identifier "LOCATION_INVALID"

dl_city_response_inc.nss(348): Error: NSC1020: Undeclared identifier "DL_GetAbsoluteMinute"

dl_city_response_inc.nss(348): Error: NSC1020: Undeclared identifier "DL_OrchestrateRuntimeAction"

dl_legal_inc.nss(60): Error: NSC1020: Undeclared identifier "DL_GetAbsoluteMinute"

dl_legal_inc.nss(97): Error: NSC1020: Undeclared identifier "DL_GetAbsoluteMinute"

dl_legal_inc.nss(97): Error: NSC1007: Required argument "nValue" missing in call to "SetLocalInt"

dl_legal_inc.nss(112): Error: NSC1020: Undeclared identifier "DL_GetAbsoluteMinute"

dl_legal_inc.nss(148): Error: NSC1020: Undeclared identifier "DL_GetAbsoluteMinute"

dl_legal_inc.nss(148): Error: NSC1007: Required argument "nValue" missing in call to "SetLocalInt"

dl_legal_inc.nss(167): Error: NSC1020: Undeclared identifier "DL_GetAbsoluteMinute"

dl_legal_inc.nss(167): Error: NSC1007: Required argument "nValue" missing in call to "SetLocalInt"

dl_cr_crime_inc.nss(97): Error: NSC1020: Undeclared identifier "DL_GetAbsoluteMinute"

dl_cr_crime_inc.nss(145): Error: NSC1020: Undeclared identifier "DL_GetAbsoluteMinute"

dl_cr_crime_inc.nss(145): Error: NSC1007: Required argument "nValue" missing in call to "SetLocalInt"

dl_cr_crime_inc.nss(232): Error: NSC1020: Undeclared identifier "DL_GetAbsoluteMinute"

dl_cr_crime_inc.nss(233): Error: NSC1020: Undeclared identifier "DL_IsMinuteCooldownActive"

dl_cr_crime_inc.nss(237): Error: NSC1020: Undeclared identifier "DL_SetMinuteCooldown"

dl_cr_crime_inc.nss(284): Error: NSC1020: Undeclared identifier "DL_SELECTION_SCORE_INF"

dl_cr_crime_inc.nss(285): Error: NSC1020: Undeclared identifier "DL_SELECTION_SCORE_INF"

dl_cr_crime_inc.nss(314): Error: NSC1020: Undeclared identifier "DL_SelectionBuildTieKey"

dl_cr_crime_inc.nss(315): Error: NSC1020: Undeclared identifier "DL_SelectionCompare"

dl_cr_crime_inc.nss(324): Error: NSC1020: Undeclared identifier "DL_SelectionCompare"

dl_cr_crime_inc.nss(342): Error: NSC1020: Undeclared identifier "DL_GetAbsoluteMinute"

dl_cr_crime_inc.nss(351): Error: NSC1020: Undeclared identifier "LOCATION_INVALID"

dl_cr_crime_inc.nss(351): Error: NSC1020: Undeclared identifier "DL_GetAbsoluteMinute"

dl_cr_crime_inc.nss(351): Error: NSC1020: Undeclared identifier "DL_OrchestrateRuntimeAction"

dl_cr_crime_inc.nss(365): Error: NSC1020: Undeclared identifier "LOCATION_INVALID"

dl_cr_crime_inc.nss(365): Error: NSC1020: Undeclared identifier "DL_GetAbsoluteMinute"

dl_cr_crime_inc.nss(365): Error: NSC1020: Undeclared identifier "DL_OrchestrateRuntimeAction"

dl_cr_crime_inc.nss(369): Error: NSC1020: Undeclared identifier "LOCATION_INVALID"

dl_cr_crime_inc.nss(369): Error: NSC1020: Undeclared identifier "DL_GetAbsoluteMinute"

dl_cr_crime_inc.nss(369): Error: NSC1020: Undeclared identifier "DL_OrchestrateRuntimeAction"

dl_cr_crime_inc.nss(398): Error: NSC1020: Undeclared identifier "DL_PipelineUpdateDiagnostic"

dl_cr_crime_inc.nss(408): Error: NSC1020: Undeclared identifier "DL_GetAbsoluteMinute"

dl_cr_crime_inc.nss(408): Error: NSC1007: Required argument "nUntilAbsMin" missing in call to "DL_CR_SetDetainPending"

dl_cr_crime_inc.nss(415): Error: NSC1020: Undeclared identifier "DL_PipelineUpdateDiagnostic"

dl_cr_crime_inc.nss(444): Error: NSC1020: Undeclared identifier "DL_CR_EVT_PICKPOCKET"

dl_cr_crime_inc.nss(444): Error: NSC1020: Undeclared identifier "DL_CR_EVT_CONTAINER_THEFT"

dl_cr_crime_inc.nss(462): Error: NSC1020: Undeclared identifier "DL_GetAbsoluteMinute"

dl_cr_crime_inc.nss(480): Error: NSC1020: Undeclared identifier "DL_GetAbsoluteMinute"

dl_cr_crime_inc.nss(531): Error: NSC1020: Undeclared identifier "DL_CR_EVT_DOOR_LOCKPICK"

dl_cr_crime_inc.nss(535): Error: NSC1020: Undeclared identifier "DL_CR_EVT_PLACEABLE_LOCKPICK"

dl_cr_crime_inc.nss(541): Error: NSC1020: Undeclared identifier "DL_CR_EVT_RESTRICTED_ENTRY"

dl_cr_crime_inc.nss(588): Error: NSC1020: Undeclared identifier "DL_CR_EVT_RESTRICTED_ENTRY"

dl_cr_crime_inc.nss(588): Error: NSC1007: Required argument "sKind" missing in call to "DL_CR_RegisterCrimeIncident"

dl_cr_crime_inc.nss(605): Error: NSC1020: Undeclared identifier "DL_GetAbsoluteMinute"

dl_cr_crime_inc.nss(605): Error: NSC1020: Undeclared identifier "DL_OrchestrateRuntimeAction"

dl_cr_crime_inc.nss(626): Error: NSC1020: Undeclared identifier "LOCATION_INVALID"

dl_cr_crime_inc.nss(626): Error: NSC1020: Undeclared identifier "DL_GetAbsoluteMinute"

dl_cr_crime_inc.nss(626): Error: NSC1020: Undeclared identifier "DL_OrchestrateRuntimeAction"

dl_cr_crime_inc.nss(637): Error: NSC1020: Undeclared identifier "DL_GetAbsoluteMinute"

dl_cr_crime_inc.nss(637): Error: NSC1007: Required argument "nUntilAbsMin" missing in call to "DL_CR_SetDetainPending"

dl_cr_crime_inc.nss(643): Error: NSC1020: Undeclared identifier "LOCATION_INVALID"

dl_cr_crime_inc.nss(643): Error: NSC1020: Undeclared identifier "DL_GetAbsoluteMinute"

dl_cr_crime_inc.nss(643): Error: NSC1020: Undeclared identifier "DL_OrchestrateRuntimeAction"

Compilation aborted with errors.

Processing aborted.

Total Execution time = 15ms

Running mode 'check' for 'D:\a\COMPILATOR\COMPILATOR\daily_life\dl_blocked.nss' from 'D:\a\COMPILATOR\COMPILATOR\tools\nwn2_compiler\bin': D:\a\COMPILATOR\COMPILATOR\tools\nwn2_compiler\bin\NWNScriptCompiler.exe -c -a -i D:\a\COMPILATOR\COMPILATOR\daily_life -i D:\a\COMPILATOR\COMPILATOR\tools\nwn2_compiler\stock_scripts -b D:\a\COMPILATOR\COMPILATOR\artifacts\ncc D:\a\COMPILATOR\COMPILATOR\daily_life\dl_blocked.nss
NWNScriptCompiler - built Jan 29 2014 19:24:04
Copyright (C) 2008-2014 Skywing.
Portions copyright (C) 2002-2003, Edward T. Smith.
Portions copyright (C) 2003, The Open Knights Consortium.
Compiling: dl_blocked.NSS

dl_runtime_contract_inc.nss(196): Error: NSC1020: Undeclared identifier "DL_LogChatDebugEvent"

dl_runtime_contract_inc.nss(244): Error: NSC1020: Undeclared identifier "DL_IsAreaObject"

dl_runtime_contract_inc.nss(245): Error: NSC1039: Not all paths return a value

dl_runtime_contract_inc.nss(254): Error: NSC1020: Undeclared identifier "DL_GetAreaTier"

dl_runtime_contract_inc.nss(265): Error: NSC1020: Undeclared identifier "DL_GetAreaTier"

dl_runtime_contract_inc.nss(266): Error: NSC1039: Not all paths return a value

dl_runtime_contract_inc.nss(275): Error: NSC1020: Undeclared identifier "DL_GetAreaTier"

dl_runtime_contract_inc.nss(276): Error: NSC1039: Not all paths return a value

dl_runtime_contract_inc.nss(369): Error: NSC1020: Undeclared identifier "LOCATION_INVALID"

dl_runtime_contract_inc.nss(389): Error: NSC1020: Undeclared identifier "oActor"

dl_runtime_contract_inc.nss(389): Error: NSC1007: Required argument "oObject" missing in call to "GetIsObjectValid"

dl_runtime_contract_inc.nss(391): Error: NSC1080: Return statement outside the scope of a function

dl_runtime_contract_inc.nss(394): Error: NSC1020: Undeclared identifier "sNoopStateKey"

dl_runtime_contract_inc.nss(394): Error: NSC1020: Undeclared identifier "sNoopStateValue"

dl_runtime_contract_inc.nss(394): Error: NSC1020: Undeclared identifier "nExecutionWindow"

dl_runtime_contract_inc.nss(396): Error: NSC1020: Undeclared identifier "oActor"

dl_runtime_contract_inc.nss(396): Error: NSC1020: Undeclared identifier "sNoopStateKey"

dl_runtime_contract_inc.nss(396): Error: NSC1007: Required argument "oObject" missing in call to "GetLocalString"

dl_runtime_contract_inc.nss(396): Error: NSC1020: Undeclared identifier "sNoopStateValue"

dl_runtime_contract_inc.nss(397): Error: NSC1020: Undeclared identifier "oActor"

dl_runtime_contract_inc.nss(397): Error: NSC1007: Required argument "oObject" missing in call to "GetLocalInt"

dl_runtime_contract_inc.nss(397): Error: NSC1020: Undeclared identifier "nExecutionWindow"

dl_runtime_contract_inc.nss(398): Error: NSC1020: Undeclared identifier "oActor"

dl_runtime_contract_inc.nss(398): Error: NSC1007: Required argument "oObject" missing in call to "GetLocalString"

dl_runtime_contract_inc.nss(398): Error: NSC1020: Undeclared identifier "sNoopStateValue"

dl_runtime_contract_inc.nss(400): Error: NSC1080: Return statement outside the scope of a function

dl_runtime_contract_inc.nss(404): Error: NSC1020: Undeclared identifier "oActor"

dl_runtime_contract_inc.nss(404): Error: NSC1020: Undeclared identifier "sPreStatusKey"

dl_runtime_contract_inc.nss(404): Error: NSC1020: Undeclared identifier "sPreStatus"

dl_runtime_contract_inc.nss(404): Error: NSC1020: Undeclared identifier "sPreDiagKey"

dl_runtime_contract_inc.nss(404): Error: NSC1020: Undeclared identifier "sPreDiag"

dl_runtime_contract_inc.nss(404): Error: NSC1007: Required argument "oNpc" missing in call to "DL_SetRuntimeState"

dl_runtime_contract_inc.nss(405): Error: NSC1020: Undeclared identifier "bResetQueue"

dl_runtime_contract_inc.nss(407): Error: NSC1020: Undeclared identifier "oActor"

dl_runtime_contract_inc.nss(407): Error: NSC1007: Required argument "oActionSubject" missing in call to "AssignCommand"

dl_runtime_contract_inc.nss(410): Error: NSC1020: Undeclared identifier "nActionKind"

dl_runtime_contract_inc.nss(414): Error: NSC1020: Undeclared identifier "nActionKind"

dl_runtime_contract_inc.nss(416): Error: NSC1020: Undeclared identifier "oActor"

dl_runtime_contract_inc.nss(416): Error: NSC1020: Undeclared identifier "oTarget"

dl_runtime_contract_inc.nss(416): Error: NSC1020: Undeclared identifier "bRun"

dl_runtime_contract_inc.nss(416): Error: NSC1020: Undeclared identifier "fRange"

dl_runtime_contract_inc.nss(416): Error: NSC1020: Undeclared identifier "DL_CommandMoveToObject"

dl_runtime_contract_inc.nss(418): Error: NSC1020: Undeclared identifier "nActionKind"

dl_runtime_contract_inc.nss(420): Error: NSC1020: Undeclared identifier "oActor"

dl_runtime_contract_inc.nss(420): Error: NSC1020: Undeclared identifier "lTarget"

dl_runtime_contract_inc.nss(420): Error: NSC1020: Undeclared identifier "bRun"

dl_runtime_contract_inc.nss(420): Error: NSC1020: Undeclared identifier "DL_CommandMoveToLocation"

dl_runtime_contract_inc.nss(422): Error: NSC1020: Undeclared identifier "nActionKind"

dl_runtime_contract_inc.nss(424): Error: NSC1020: Undeclared identifier "oActor"

dl_runtime_contract_inc.nss(424): Error: NSC1020: Undeclared identifier "lTarget"

dl_runtime_contract_inc.nss(424): Error: NSC1020: Undeclared identifier "DL_CommandJumpToLocation"

dl_runtime_contract_inc.nss(426): Error: NSC1020: Undeclared identifier "nActionKind"

dl_runtime_contract_inc.nss(428): Error: NSC1020: Undeclared identifier "oActor"

dl_runtime_contract_inc.nss(428): Error: NSC1020: Undeclared identifier "oTarget"

dl_runtime_contract_inc.nss(428): Error: NSC1020: Undeclared identifier "sDialogResRef"

dl_runtime_contract_inc.nss(428): Error: NSC1020: Undeclared identifier "bPrivateConversation"

dl_runtime_contract_inc.nss(428): Error: NSC1020: Undeclared identifier "bPlayHello"

dl_runtime_contract_inc.nss(428): Error: NSC1020: Undeclared identifier "DL_CommandStartConversation"

dl_runtime_contract_inc.nss(430): Error: NSC1020: Undeclared identifier "nActionKind"

dl_runtime_contract_inc.nss(432): Error: NSC1020: Undeclared identifier "oActor"

dl_runtime_contract_inc.nss(432): Error: NSC1020: Undeclared identifier "oTarget"

dl_runtime_contract_inc.nss(432): Error: NSC1020: Undeclared identifier "DL_CommandAttack"

dl_runtime_contract_inc.nss(436): Error: NSC1080: Return statement outside the scope of a function

dl_runtime_contract_inc.nss(440): Error: NSC1020: Undeclared identifier "oActor"

dl_runtime_contract_inc.nss(441): Error: NSC1020: Undeclared identifier "sPostStatusKey"

dl_runtime_contract_inc.nss(442): Error: NSC1020: Undeclared identifier "sPostStatus"

dl_runtime_contract_inc.nss(443): Error: NSC1020: Undeclared identifier "sPostDiagKey"

dl_runtime_contract_inc.nss(444): Error: NSC1020: Undeclared identifier "sPostDiag"

dl_runtime_contract_inc.nss(446): Error: NSC1020: Undeclared identifier "nExecutionWindow"

dl_runtime_contract_inc.nss(447): Error: NSC1020: Undeclared identifier "sNoopStateKey"

dl_runtime_contract_inc.nss(449): Error: NSC1020: Undeclared identifier "sNoopStateValue"

dl_runtime_contract_inc.nss(449): Error: NSC1007: Required argument "oActor" missing in call to "DL_OnNpcActionDispatched"

dl_runtime_contract_inc.nss(451): Error: NSC1080: Return statement outside the scope of a function

dl_runtime_contract_inc.nss(550): Error: NSC1020: Undeclared identifier "OBJECT_TYPE_AREA"

dl_runtime_contract_inc.nss(551): Error: NSC1039: Not all paths return a value

dl_config_inc.nss(56): Error: NSC1003: Operator (>) not valid for specified types

dl_diag_inc.nss(6): Error: NSC1020: Undeclared identifier "DL_DIR_NONE"

dl_diag_inc.nss(10): Error: NSC1020: Undeclared identifier "DL_DIR_SLEEP"

dl_diag_inc.nss(14): Error: NSC1020: Undeclared identifier "DL_DIR_WORK"

dl_diag_inc.nss(18): Error: NSC1020: Undeclared identifier "DL_DIR_SOCIAL"

dl_diag_inc.nss(22): Error: NSC1020: Undeclared identifier "DL_DIR_MEAL"

dl_diag_inc.nss(26): Error: NSC1020: Undeclared identifier "DL_DIR_PUBLIC"

dl_diag_inc.nss(30): Error: NSC1020: Undeclared identifier "DL_DIR_CHILL"

dl_diag_inc.nss(39): Error: NSC1020: Undeclared identifier "DL_L_NPC_TRANSITION_DIAGNOSTIC"

dl_diag_inc.nss(39): Error: NSC1007: Required argument "sVarName" missing in call to "GetLocalString"

dl_diag_inc.nss(45): Error: NSC1020: Undeclared identifier "DL_L_NPC_SLEEP_DIAGNOSTIC"

dl_diag_inc.nss(45): Error: NSC1007: Required argument "sVarName" missing in call to "GetLocalString"

dl_diag_inc.nss(51): Error: NSC1020: Undeclared identifier "DL_L_NPC_WORK_DIAGNOSTIC"

dl_diag_inc.nss(51): Error: NSC1007: Required argument "sVarName" missing in call to "GetLocalString"

dl_diag_inc.nss(57): Error: NSC1020: Undeclared identifier "DL_L_NPC_FOCUS_DIAGNOSTIC"

dl_diag_inc.nss(57): Error: NSC1007: Required argument "sVarName" missing in call to "GetLocalString"

dl_diag_inc.nss(69): Error: NSC1020: Undeclared identifier "DL_L_NPC_TRANSITION_STATUS"

dl_diag_inc.nss(69): Error: NSC1007: Required argument "sVarName" missing in call to "GetLocalString"

dl_diag_inc.nss(75): Error: NSC1020: Undeclared identifier "DL_L_NPC_SLEEP_STATUS"

dl_diag_inc.nss(75): Error: NSC1007: Required argument "sVarName" missing in call to "GetLocalString"

dl_diag_inc.nss(81): Error: NSC1020: Undeclared identifier "DL_L_NPC_WORK_STATUS"

dl_diag_inc.nss(81): Error: NSC1007: Required argument "sVarName" missing in call to "GetLocalString"

dl_diag_inc.nss(87): Error: NSC1020: Undeclared identifier "DL_L_NPC_FOCUS_STATUS"

dl_diag_inc.nss(87): Error: NSC1007: Required argument "sVarName" missing in call to "GetLocalString"

dl_diag_inc.nss(115): Error: NSC1020: Undeclared identifier "DL_L_NPC_PROFILE_ID"

dl_diag_inc.nss(115): Error: NSC1007: Required argument "sVarName" missing in call to "GetLocalString"

dl_diag_inc.nss(116): Error: NSC1020: Undeclared identifier "DL_L_NPC_DIRECTIVE"

dl_diag_inc.nss(116): Error: NSC1007: Required argument "sVarName" missing in call to "GetLocalInt"

dl_diag_inc.nss(116): Error: NSC1007: Required argument "nDirective" missing in call to "DL_GetDirectiveLabel"

dl_diag_inc.nss(117): Error: NSC1020: Undeclared identifier "DL_L_NPC_STATE"

dl_diag_inc.nss(117): Error: NSC1007: Required argument "sVarName" missing in call to "GetLocalString"

dl_diag_inc.nss(119): Error: NSC1020: Undeclared identifier "DL_L_NPC_SLEEP_STATUS"

dl_diag_inc.nss(119): Error: NSC1007: Required argument "sVarName" missing in call to "GetLocalString"

dl_diag_inc.nss(120): Error: NSC1020: Undeclared identifier "DL_L_NPC_SLEEP_TARGET"

dl_diag_inc.nss(120): Error: NSC1007: Required argument "sVarName" missing in call to "GetLocalString"

dl_diag_inc.nss(121): Error: NSC1020: Undeclared identifier "DL_L_NPC_WORK_STATUS"

dl_diag_inc.nss(121): Error: NSC1007: Required argument "sVarName" missing in call to "GetLocalString"

dl_diag_inc.nss(122): Error: NSC1020: Undeclared identifier "DL_L_NPC_WORK_TARGET"

dl_diag_inc.nss(122): Error: NSC1007: Required argument "sVarName" missing in call to "GetLocalString"

dl_diag_inc.nss(123): Error: NSC1020: Undeclared identifier "DL_L_NPC_TRANSITION_STATUS"

dl_diag_inc.nss(123): Error: NSC1007: Required argument "sVarName" missing in call to "GetLocalString"

dl_diag_inc.nss(124): Error: NSC1020: Undeclared identifier "DL_L_NPC_TRANSITION_TARGET"

dl_diag_inc.nss(124): Error: NSC1007: Required argument "sVarName" missing in call to "GetLocalString"

dl_diag_inc.nss(131): Error: NSC1020: Undeclared identifier "DL_L_NPC_DIRECTIVE"

dl_diag_inc.nss(131): Error: NSC1007: Required argument "sVarName" missing in call to "GetLocalInt"

dl_diag_inc.nss(131): Error: NSC1007: Required argument "nDirective" missing in call to "DL_GetDirectiveLabel"

dl_diag_inc.nss(132): Error: NSC1020: Undeclared identifier "DL_L_NPC_STATE"

dl_diag_inc.nss(132): Error: NSC1007: Required argument "sVarName" missing in call to "GetLocalString"

dl_diag_inc.nss(134): Error: NSC1020: Undeclared identifier "DL_L_NPC_SLEEP_STATUS"

dl_diag_inc.nss(134): Error: NSC1007: Required argument "sVarName" missing in call to "GetLocalString"

dl_diag_inc.nss(135): Error: NSC1020: Undeclared identifier "DL_L_NPC_SLEEP_TARGET"

dl_diag_inc.nss(135): Error: NSC1007: Required argument "sVarName" missing in call to "GetLocalString"

dl_diag_inc.nss(136): Error: NSC1020: Undeclared identifier "DL_L_NPC_WORK_STATUS"

dl_diag_inc.nss(136): Error: NSC1007: Required argument "sVarName" missing in call to "GetLocalString"

dl_diag_inc.nss(137): Error: NSC1020: Undeclared identifier "DL_L_NPC_WORK_TARGET"

dl_diag_inc.nss(137): Error: NSC1007: Required argument "sVarName" missing in call to "GetLocalString"

dl_diag_inc.nss(138): Error: NSC1020: Undeclared identifier "DL_L_NPC_TRANSITION_STATUS"

dl_diag_inc.nss(138): Error: NSC1007: Required argument "sVarName" missing in call to "GetLocalString"

dl_diag_inc.nss(139): Error: NSC1020: Undeclared identifier "DL_L_NPC_TRANSITION_TARGET"

dl_diag_inc.nss(139): Error: NSC1007: Required argument "sVarName" missing in call to "GetLocalString"

dl_diag_inc.nss(140): Error: NSC1039: Not all paths return a value

dl_registry_inc.nss(10): Error: NSC1051: Constant "DL_TIER_WARM" must be initialized before it may be referenced

dl_registry_inc.nss(11): Error: NSC1051: Constant "DL_TIER_HOT" must be initialized before it may be referenced

dl_registry_inc.nss(70): Error: NSC1020: Undeclared identifier "DL_AddLocalInt"

dl_registry_inc.nss(71): Error: NSC1039: Not all paths return a value

dl_registry_inc.nss(166): Error: NSC1020: Undeclared identifier "DL_ShouldRunByAreaTickInterval"

dl_registry_inc.nss(763): Error: NSC1020: Undeclared identifier "DL_L_NPC_PROFILE_ID"

dl_registry_inc.nss(763): Error: NSC1007: Required argument "sVarName" missing in call to "GetLocalString"

dl_registry_inc.nss(765): Error: NSC1020: Undeclared identifier "DL_L_NPC_PROFILE_ID"

dl_registry_inc.nss(765): Error: NSC1007: Required argument "sVarName" missing in call to "SetLocalString"

dl_registry_inc.nss(767): Error: NSC1020: Undeclared identifier "DL_L_NPC_STATE"

dl_registry_inc.nss(767): Error: NSC1007: Required argument "sVarName" missing in call to "GetLocalString"

dl_registry_inc.nss(769): Error: NSC1020: Undeclared identifier "DL_L_NPC_STATE"

dl_registry_inc.nss(769): Error: NSC1007: Required argument "sVarName" missing in call to "SetLocalString"

dl_resync_inc.nss(74): Error: NSC1020: Undeclared identifier "DL_ResolveNpcDirective"

dl_resync_inc.nss(75): Error: NSC1020: Undeclared identifier "DL_ApplyDirectiveSkeleton"

dl_worker_inc.nss(43): Error: NSC1020: Undeclared identifier "DL_ClampInt"

dl_worker_inc.nss(70): Error: NSC1020: Undeclared identifier "DL_L_MODULE_WORKER_TICKS"

dl_worker_inc.nss(70): Error: NSC1007: Required argument "sKey" missing in call to "DL_IncLocalInt"

dl_worker_inc.nss(73): Error: NSC1020: Undeclared identifier "DL_L_AREA_WORKER_LAST_PROCESSED"

dl_worker_inc.nss(73): Error: NSC1007: Required argument "sVarName" missing in call to "SetLocalInt"

dl_worker_inc.nss(74): Error: NSC1020: Undeclared identifier "DL_L_MODULE_WORKER_LAST_PROCESSED"

dl_worker_inc.nss(74): Error: NSC1007: Required argument "sVarName" missing in call to "SetLocalInt"

dl_worker_inc.nss(94): Error: NSC1020: Undeclared identifier "DL_L_AREA_RESYNC_LAST_PROCESSED"

dl_worker_inc.nss(94): Error: NSC1007: Required argument "sVarName" missing in call to "SetLocalInt"

dl_worker_inc.nss(95): Error: NSC1020: Undeclared identifier "DL_L_MODULE_RESYNC_LAST_PROCESSED"

dl_worker_inc.nss(95): Error: NSC1007: Required argument "sVarName" missing in call to "SetLocalInt"

dl_worker_inc.nss(455): Error: NSC1020: Undeclared identifier "DL_ResolveNpcDirective"

dl_worker_inc.nss(456): Error: NSC1020: Undeclared identifier "DL_ApplyDirectiveSkeleton"

dl_lifecycle_inc.nss(22): Error: NSC1050: Non-constant value specified for constant "DL_NPC_RESET_DIRECTIVE_EXEC_ALL"

dl_lifecycle_inc.nss(33): Error: NSC1020: Undeclared identifier "DL_L_NPC_SLEEP_TARGET_VALID"

dl_lifecycle_inc.nss(33): Error: NSC1007: Required argument "sVarName" missing in call to "DeleteLocalInt"

dl_lifecycle_inc.nss(37): Error: NSC1020: Undeclared identifier "DL_L_NPC_WORK_TARGET"

dl_lifecycle_inc.nss(37): Error: NSC1007: Required argument "sVarName" missing in call to "DeleteLocalObject"

dl_lifecycle_inc.nss(41): Error: NSC1020: Undeclared identifier "DL_L_NPC_MEAL_TARGET"

dl_lifecycle_inc.nss(41): Error: NSC1007: Required argument "sVarName" missing in call to "DeleteLocalObject"

dl_lifecycle_inc.nss(45): Error: NSC1020: Undeclared identifier "DL_L_NPC_CHILL_TARGET"

dl_lifecycle_inc.nss(45): Error: NSC1007: Required argument "sVarName" missing in call to "DeleteLocalObject"

dl_lifecycle_inc.nss(49): Error: NSC1020: Undeclared identifier "DL_L_NPC_SOCIAL_TARGET"

dl_lifecycle_inc.nss(49): Error: NSC1007: Required argument "sVarName" missing in call to "DeleteLocalObject"

dl_lifecycle_inc.nss(50): Error: NSC1020: Undeclared identifier "DL_L_NPC_SOCIAL_PARTNER"

dl_lifecycle_inc.nss(50): Error: NSC1007: Required argument "sVarName" missing in call to "DeleteLocalObject"

dl_lifecycle_inc.nss(54): Error: NSC1020: Undeclared identifier "DL_L_NPC_PUBLIC_TARGET"

dl_lifecycle_inc.nss(54): Error: NSC1007: Required argument "sVarName" missing in call to "DeleteLocalObject"

dl_city_response_inc.nss(47): Error: NSC1020: Undeclared identifier "DL_ClampInt"

dl_city_response_inc.nss(55): Error: NSC1020: Undeclared identifier "DL_GetAbsoluteMinute"

dl_city_response_inc.nss(155): Error: NSC1020: Undeclared identifier "GetIsInConversation"

dl_city_response_inc.nss(155): Error: NSC1020: Undeclared identifier "GetIsInConversation"

dl_city_response_inc.nss(172): Error: NSC1020: Undeclared identifier "LOCATION_INVALID"

dl_city_response_inc.nss(185): Error: NSC1020: Undeclared identifier "DL_GetAbsoluteMinute"

dl_city_response_inc.nss(188): Error: NSC1020: Undeclared identifier "DL_OrchestrateRuntimeAction"

dl_city_response_inc.nss(189): Error: NSC1020: Undeclared identifier "LOCATION_INVALID"

dl_city_response_inc.nss(189): Error: NSC1020: Undeclared identifier "DL_OrchestrateRuntimeAction"

dl_city_response_inc.nss(193): Error: NSC1020: Undeclared identifier "LOCATION_INVALID"

dl_city_response_inc.nss(193): Error: NSC1020: Undeclared identifier "DL_OrchestrateRuntimeAction"

dl_city_response_inc.nss(200): Error: NSC1020: Undeclared identifier "DL_L_NPC_PROFILE_ID"

dl_city_response_inc.nss(200): Error: NSC1007: Required argument "sVarName" missing in call to "GetLocalString"

dl_city_response_inc.nss(200): Error: NSC1020: Undeclared identifier "DL_PROFILE_GATE_POST"

dl_city_response_inc.nss(201): Error: NSC1039: Not all paths return a value

dl_city_response_inc.nss(213): Error: NSC1020: Undeclared identifier "DL_GetAbsoluteMinute"

dl_city_response_inc.nss(243): Error: NSC1020: Undeclared identifier "DL_GetAbsoluteMinute"

dl_city_response_inc.nss(244): Error: NSC1020: Undeclared identifier "DL_IsMinuteCooldownActive"

dl_city_response_inc.nss(249): Error: NSC1020: Undeclared identifier "DL_SetMinuteCooldown"

dl_city_response_inc.nss(286): Error: NSC1020: Undeclared identifier "DL_IsMinuteCooldownActive"

dl_city_response_inc.nss(287): Error: NSC1039: Not all paths return a value

dl_city_response_inc.nss(324): Error: NSC1020: Undeclared identifier "DL_GetAbsoluteMinute"

dl_city_response_inc.nss(340): Error: NSC1020: Undeclared identifier "DL_IsMinuteCooldownActive"

dl_city_response_inc.nss(344): Error: NSC1020: Undeclared identifier "DL_SetMinuteCooldown"

dl_city_response_inc.nss(348): Error: NSC1020: Undeclared identifier "LOCATION_INVALID"

dl_city_response_inc.nss(348): Error: NSC1020: Undeclared identifier "DL_GetAbsoluteMinute"

dl_city_response_inc.nss(348): Error: NSC1020: Undeclared identifier "DL_OrchestrateRuntimeAction"

dl_legal_inc.nss(60): Error: NSC1020: Undeclared identifier "DL_GetAbsoluteMinute"

dl_legal_inc.nss(97): Error: NSC1020: Undeclared identifier "DL_GetAbsoluteMinute"

dl_legal_inc.nss(97): Error: NSC1007: Required argument "nValue" missing in call to "SetLocalInt"

dl_legal_inc.nss(112): Error: NSC1020: Undeclared identifier "DL_GetAbsoluteMinute"

dl_legal_inc.nss(148): Error: NSC1020: Undeclared identifier "DL_GetAbsoluteMinute"

dl_legal_inc.nss(148): Error: NSC1007: Required argument "nValue" missing in call to "SetLocalInt"

dl_legal_inc.nss(167): Error: NSC1020: Undeclared identifier "DL_GetAbsoluteMinute"

dl_legal_inc.nss(167): Error: NSC1007: Required argument "nValue" missing in call to "SetLocalInt"

dl_cr_crime_inc.nss(97): Error: NSC1020: Undeclared identifier "DL_GetAbsoluteMinute"

dl_cr_crime_inc.nss(145): Error: NSC1020: Undeclared identifier "DL_GetAbsoluteMinute"

dl_cr_crime_inc.nss(145): Error: NSC1007: Required argument "nValue" missing in call to "SetLocalInt"

dl_cr_crime_inc.nss(232): Error: NSC1020: Undeclared identifier "DL_GetAbsoluteMinute"

dl_cr_crime_inc.nss(233): Error: NSC1020: Undeclared identifier "DL_IsMinuteCooldownActive"

dl_cr_crime_inc.nss(237): Error: NSC1020: Undeclared identifier "DL_SetMinuteCooldown"

dl_cr_crime_inc.nss(284): Error: NSC1020: Undeclared identifier "DL_SELECTION_SCORE_INF"

dl_cr_crime_inc.nss(285): Error: NSC1020: Undeclared identifier "DL_SELECTION_SCORE_INF"

dl_cr_crime_inc.nss(314): Error: NSC1020: Undeclared identifier "DL_SelectionBuildTieKey"

dl_cr_crime_inc.nss(315): Error: NSC1020: Undeclared identifier "DL_SelectionCompare"

dl_cr_crime_inc.nss(324): Error: NSC1020: Undeclared identifier "DL_SelectionCompare"

dl_cr_crime_inc.nss(342): Error: NSC1020: Undeclared identifier "DL_GetAbsoluteMinute"

dl_cr_crime_inc.nss(351): Error: NSC1020: Undeclared identifier "LOCATION_INVALID"

dl_cr_crime_inc.nss(351): Error: NSC1020: Undeclared identifier "DL_GetAbsoluteMinute"

dl_cr_crime_inc.nss(351): Error: NSC1020: Undeclared identifier "DL_OrchestrateRuntimeAction"

dl_cr_crime_inc.nss(365): Error: NSC1020: Undeclared identifier "LOCATION_INVALID"

dl_cr_crime_inc.nss(365): Error: NSC1020: Undeclared identifier "DL_GetAbsoluteMinute"

dl_cr_crime_inc.nss(365): Error: NSC1020: Undeclared identifier "DL_OrchestrateRuntimeAction"

dl_cr_crime_inc.nss(369): Error: NSC1020: Undeclared identifier "LOCATION_INVALID"

dl_cr_crime_inc.nss(369): Error: NSC1020: Undeclared identifier "DL_GetAbsoluteMinute"

dl_cr_crime_inc.nss(369): Error: NSC1020: Undeclared identifier "DL_OrchestrateRuntimeAction"

dl_cr_crime_inc.nss(398): Error: NSC1020: Undeclared identifier "DL_PipelineUpdateDiagnostic"

dl_cr_crime_inc.nss(408): Error: NSC1020: Undeclared identifier "DL_GetAbsoluteMinute"

dl_cr_crime_inc.nss(408): Error: NSC1007: Required argument "nUntilAbsMin" missing in call to "DL_CR_SetDetainPending"

dl_cr_crime_inc.nss(415): Error: NSC1020: Undeclared identifier "DL_PipelineUpdateDiagnostic"

dl_cr_crime_inc.nss(444): Error: NSC1020: Undeclared identifier "DL_CR_EVT_PICKPOCKET"

dl_cr_crime_inc.nss(444): Error: NSC1020: Undeclared identifier "DL_CR_EVT_CONTAINER_THEFT"

dl_cr_crime_inc.nss(462): Error: NSC1020: Undeclared identifier "DL_GetAbsoluteMinute"

dl_cr_crime_inc.nss(480): Error: NSC1020: Undeclared identifier "DL_GetAbsoluteMinute"

dl_cr_crime_inc.nss(531): Error: NSC1020: Undeclared identifier "DL_CR_EVT_DOOR_LOCKPICK"

dl_cr_crime_inc.nss(535): Error: NSC1020: Undeclared identifier "DL_CR_EVT_PLACEABLE_LOCKPICK"

dl_cr_crime_inc.nss(541): Error: NSC1020: Undeclared identifier "DL_CR_EVT_RESTRICTED_ENTRY"

dl_cr_crime_inc.nss(588): Error: NSC1020: Undeclared identifier "DL_CR_EVT_RESTRICTED_ENTRY"

dl_cr_crime_inc.nss(588): Error: NSC1007: Required argument "sKind" missing in call to "DL_CR_RegisterCrimeIncident"

dl_cr_crime_inc.nss(605): Error: NSC1020: Undeclared identifier "DL_GetAbsoluteMinute"

dl_cr_crime_inc.nss(605): Error: NSC1020: Undeclared identifier "DL_OrchestrateRuntimeAction"

dl_cr_crime_inc.nss(626): Error: NSC1020: Undeclared identifier "LOCATION_INVALID"

dl_cr_crime_inc.nss(626): Error: NSC1020: Undeclared identifier "DL_GetAbsoluteMinute"

dl_cr_crime_inc.nss(626): Error: NSC1020: Undeclared identifier "DL_OrchestrateRuntimeAction"

dl_cr_crime_inc.nss(637): Error: NSC1020: Undeclared identifier "DL_GetAbsoluteMinute"

dl_cr_crime_inc.nss(637): Error: NSC1007: Required argument "nUntilAbsMin" missing in call to "DL_CR_SetDetainPending"

dl_cr_crime_inc.nss(643): Error: NSC1020: Undeclared identifier "LOCATION_INVALID"

dl_cr_crime_inc.nss(643): Error: NSC1020: Undeclared identifier "DL_GetAbsoluteMinute"

dl_cr_crime_inc.nss(643): Error: NSC1020: Undeclared identifier "DL_OrchestrateRuntimeAction"

dl_blocked_inc.nss(1): Error: NSC1051: Constant "DL_L_NPC_BLOCKED_OBJ" must be initialized before it may be referenced

dl_blocked_inc.nss(2): Error: NSC1051: Constant "DL_L_NPC_BLOCKED_TAG" must be initialized before it may be referenced

dl_blocked_inc.nss(3): Error: NSC1051: Constant "DL_L_NPC_BLOCKED_TYPE" must be initialized before it may be referenced

dl_blocked_inc.nss(4): Error: NSC1051: Constant "DL_L_NPC_BLOCKED_BUSY" must be initialized before it may be referenced

dl_blocked_inc.nss(11): Error: NSC1020: Undeclared identifier "DL_DIR_SLEEP"

dl_blocked_inc.nss(12): Error: NSC1020: Undeclared identifier "DL_DIR_WORK"

dl_blocked_inc.nss(13): Error: NSC1020: Undeclared identifier "DL_DIR_MEAL"

dl_blocked_inc.nss(14): Error: NSC1020: Undeclared identifier "DL_DIR_CHILL"

dl_blocked_inc.nss(15): Error: NSC1020: Undeclared identifier "DL_DIR_SOCIAL"

dl_blocked_inc.nss(16): Error: NSC1020: Undeclared identifier "DL_DIR_PUBLIC"

dl_blocked_inc.nss(17): Error: NSC1039: Not all paths return a value

dl_blocked_inc.nss(43): Error: NSC1020: Undeclared identifier "DL_L_NPC_DIRECTIVE"

dl_blocked_inc.nss(43): Error: NSC1007: Required argument "sVarName" missing in call to "GetLocalInt"

dl_blocked_inc.nss(51): Error: NSC1020: Undeclared identifier "DL_ApplyDirectiveSkeleton"

dl_blocked_inc.nss(115): Error: NSC1020: Undeclared identifier "DL_L_NPC_DIRECTIVE"

dl_blocked_inc.nss(115): Error: NSC1007: Required argument "sVarName" missing in call to "GetLocalInt"

Compilation aborted with errors.

Processing aborted.

Total Execution time = 32ms

Running mode 'check' for 'D:\a\COMPILATOR\COMPILATOR\daily_life\dl_cr_detain_accept.nss' from 'D:\a\COMPILATOR\COMPILATOR\tools\nwn2_compiler\bin': D:\a\COMPILATOR\COMPILATOR\tools\nwn2_compiler\bin\NWNScriptCompiler.exe -c -a -i D:\a\COMPILATOR\COMPILATOR\daily_life -i D:\a\COMPILATOR\COMPILATOR\tools\nwn2_compiler\stock_scripts -b D:\a\COMPILATOR\COMPILATOR\artifacts\ncc D:\a\COMPILATOR\COMPILATOR\daily_life\dl_cr_detain_accept.nss
NWNScriptCompiler - built Jan 29 2014 19:24:04
Copyright (C) 2008-2014 Skywing.
Portions copyright (C) 2002-2003, Edward T. Smith.
Portions copyright (C) 2003, The Open Knights Consortium.
Compiling: dl_cr_detain_accept.NSS

dl_runtime_contract_inc.nss(196): Error: NSC1020: Undeclared identifier "DL_LogChatDebugEvent"

dl_runtime_contract_inc.nss(244): Error: NSC1020: Undeclared identifier "DL_IsAreaObject"

dl_runtime_contract_inc.nss(245): Error: NSC1039: Not all paths return a value

dl_runtime_contract_inc.nss(254): Error: NSC1020: Undeclared identifier "DL_GetAreaTier"

dl_runtime_contract_inc.nss(265): Error: NSC1020: Undeclared identifier "DL_GetAreaTier"

dl_runtime_contract_inc.nss(266): Error: NSC1039: Not all paths return a value

dl_runtime_contract_inc.nss(275): Error: NSC1020: Undeclared identifier "DL_GetAreaTier"

dl_runtime_contract_inc.nss(276): Error: NSC1039: Not all paths return a value

dl_runtime_contract_inc.nss(369): Error: NSC1020: Undeclared identifier "LOCATION_INVALID"

dl_runtime_contract_inc.nss(389): Error: NSC1020: Undeclared identifier "oActor"

dl_runtime_contract_inc.nss(389): Error: NSC1007: Required argument "oObject" missing in call to "GetIsObjectValid"

dl_runtime_contract_inc.nss(391): Error: NSC1080: Return statement outside the scope of a function

dl_runtime_contract_inc.nss(394): Error: NSC1020: Undeclared identifier "sNoopStateKey"

dl_runtime_contract_inc.nss(394): Error: NSC1020: Undeclared identifier "sNoopStateValue"

dl_runtime_contract_inc.nss(394): Error: NSC1020: Undeclared identifier "nExecutionWindow"

dl_runtime_contract_inc.nss(396): Error: NSC1020: Undeclared identifier "oActor"

dl_runtime_contract_inc.nss(396): Error: NSC1020: Undeclared identifier "sNoopStateKey"

dl_runtime_contract_inc.nss(396): Error: NSC1007: Required argument "oObject" missing in call to "GetLocalString"

dl_runtime_contract_inc.nss(396): Error: NSC1020: Undeclared identifier "sNoopStateValue"

dl_runtime_contract_inc.nss(397): Error: NSC1020: Undeclared identifier "oActor"

dl_runtime_contract_inc.nss(397): Error: NSC1007: Required argument "oObject" missing in call to "GetLocalInt"

dl_runtime_contract_inc.nss(397): Error: NSC1020: Undeclared identifier "nExecutionWindow"

dl_runtime_contract_inc.nss(398): Error: NSC1020: Undeclared identifier "oActor"

dl_runtime_contract_inc.nss(398): Error: NSC1007: Required argument "oObject" missing in call to "GetLocalString"

dl_runtime_contract_inc.nss(398): Error: NSC1020: Undeclared identifier "sNoopStateValue"

dl_runtime_contract_inc.nss(400): Error: NSC1080: Return statement outside the scope of a function

dl_runtime_contract_inc.nss(404): Error: NSC1020: Undeclared identifier "oActor"

dl_runtime_contract_inc.nss(404): Error: NSC1020: Undeclared identifier "sPreStatusKey"

dl_runtime_contract_inc.nss(404): Error: NSC1020: Undeclared identifier "sPreStatus"

dl_runtime_contract_inc.nss(404): Error: NSC1020: Undeclared identifier "sPreDiagKey"

dl_runtime_contract_inc.nss(404): Error: NSC1020: Undeclared identifier "sPreDiag"

dl_runtime_contract_inc.nss(404): Error: NSC1007: Required argument "oNpc" missing in call to "DL_SetRuntimeState"

dl_runtime_contract_inc.nss(405): Error: NSC1020: Undeclared identifier "bResetQueue"

dl_runtime_contract_inc.nss(407): Error: NSC1020: Undeclared identifier "oActor"

dl_runtime_contract_inc.nss(407): Error: NSC1007: Required argument "oActionSubject" missing in call to "AssignCommand"

dl_runtime_contract_inc.nss(410): Error: NSC1020: Undeclared identifier "nActionKind"

dl_runtime_contract_inc.nss(414): Error: NSC1020: Undeclared identifier "nActionKind"

dl_runtime_contract_inc.nss(416): Error: NSC1020: Undeclared identifier "oActor"

dl_runtime_contract_inc.nss(416): Error: NSC1020: Undeclared identifier "oTarget"

dl_runtime_contract_inc.nss(416): Error: NSC1020: Undeclared identifier "bRun"

dl_runtime_contract_inc.nss(416): Error: NSC1020: Undeclared identifier "fRange"

dl_runtime_contract_inc.nss(416): Error: NSC1020: Undeclared identifier "DL_CommandMoveToObject"

dl_runtime_contract_inc.nss(418): Error: NSC1020: Undeclared identifier "nActionKind"

dl_runtime_contract_inc.nss(420): Error: NSC1020: Undeclared identifier "oActor"

dl_runtime_contract_inc.nss(420): Error: NSC1020: Undeclared identifier "lTarget"

dl_runtime_contract_inc.nss(420): Error: NSC1020: Undeclared identifier "bRun"

dl_runtime_contract_inc.nss(420): Error: NSC1020: Undeclared identifier "DL_CommandMoveToLocation"

dl_runtime_contract_inc.nss(422): Error: NSC1020: Undeclared identifier "nActionKind"

dl_runtime_contract_inc.nss(424): Error: NSC1020: Undeclared identifier "oActor"

dl_runtime_contract_inc.nss(424): Error: NSC1020: Undeclared identifier "lTarget"

dl_runtime_contract_inc.nss(424): Error: NSC1020: Undeclared identifier "DL_CommandJumpToLocation"

dl_runtime_contract_inc.nss(426): Error: NSC1020: Undeclared identifier "nActionKind"

dl_runtime_contract_inc.nss(428): Error: NSC1020: Undeclared identifier "oActor"

dl_runtime_contract_inc.nss(428): Error: NSC1020: Undeclared identifier "oTarget"

dl_runtime_contract_inc.nss(428): Error: NSC1020: Undeclared identifier "sDialogResRef"

dl_runtime_contract_inc.nss(428): Error: NSC1020: Undeclared identifier "bPrivateConversation"

dl_runtime_contract_inc.nss(428): Error: NSC1020: Undeclared identifier "bPlayHello"

dl_runtime_contract_inc.nss(428): Error: NSC1020: Undeclared identifier "DL_CommandStartConversation"

dl_runtime_contract_inc.nss(430): Error: NSC1020: Undeclared identifier "nActionKind"

dl_runtime_contract_inc.nss(432): Error: NSC1020: Undeclared identifier "oActor"

dl_runtime_contract_inc.nss(432): Error: NSC1020: Undeclared identifier "oTarget"

dl_runtime_contract_inc.nss(432): Error: NSC1020: Undeclared identifier "DL_CommandAttack"

dl_runtime_contract_inc.nss(436): Error: NSC1080: Return statement outside the scope of a function

dl_runtime_contract_inc.nss(440): Error: NSC1020: Undeclared identifier "oActor"

dl_runtime_contract_inc.nss(441): Error: NSC1020: Undeclared identifier "sPostStatusKey"

dl_runtime_contract_inc.nss(442): Error: NSC1020: Undeclared identifier "sPostStatus"

dl_runtime_contract_inc.nss(443): Error: NSC1020: Undeclared identifier "sPostDiagKey"

dl_runtime_contract_inc.nss(444): Error: NSC1020: Undeclared identifier "sPostDiag"

dl_runtime_contract_inc.nss(446): Error: NSC1020: Undeclared identifier "nExecutionWindow"

dl_runtime_contract_inc.nss(447): Error: NSC1020: Undeclared identifier "sNoopStateKey"

dl_runtime_contract_inc.nss(449): Error: NSC1020: Undeclared identifier "sNoopStateValue"

dl_runtime_contract_inc.nss(449): Error: NSC1007: Required argument "oActor" missing in call to "DL_OnNpcActionDispatched"

dl_runtime_contract_inc.nss(451): Error: NSC1080: Return statement outside the scope of a function

dl_runtime_contract_inc.nss(550): Error: NSC1020: Undeclared identifier "OBJECT_TYPE_AREA"

dl_runtime_contract_inc.nss(551): Error: NSC1039: Not all paths return a value

dl_config_inc.nss(56): Error: NSC1003: Operator (>) not valid for specified types

dl_diag_inc.nss(6): Error: NSC1020: Undeclared identifier "DL_DIR_NONE"

dl_diag_inc.nss(10): Error: NSC1020: Undeclared identifier "DL_DIR_SLEEP"

dl_diag_inc.nss(14): Error: NSC1020: Undeclared identifier "DL_DIR_WORK"

dl_diag_inc.nss(18): Error: NSC1020: Undeclared identifier "DL_DIR_SOCIAL"

dl_diag_inc.nss(22): Error: NSC1020: Undeclared identifier "DL_DIR_MEAL"

dl_diag_inc.nss(26): Error: NSC1020: Undeclared identifier "DL_DIR_PUBLIC"

dl_diag_inc.nss(30): Error: NSC1020: Undeclared identifier "DL_DIR_CHILL"

dl_diag_inc.nss(39): Error: NSC1020: Undeclared identifier "DL_L_NPC_TRANSITION_DIAGNOSTIC"

dl_diag_inc.nss(39): Error: NSC1007: Required argument "sVarName" missing in call to "GetLocalString"

dl_diag_inc.nss(45): Error: NSC1020: Undeclared identifier "DL_L_NPC_SLEEP_DIAGNOSTIC"

dl_diag_inc.nss(45): Error: NSC1007: Required argument "sVarName" missing in call to "GetLocalString"

dl_diag_inc.nss(51): Error: NSC1020: Undeclared identifier "DL_L_NPC_WORK_DIAGNOSTIC"

dl_diag_inc.nss(51): Error: NSC1007: Required argument "sVarName" missing in call to "GetLocalString"

dl_diag_inc.nss(57): Error: NSC1020: Undeclared identifier "DL_L_NPC_FOCUS_DIAGNOSTIC"

dl_diag_inc.nss(57): Error: NSC1007: Required argument "sVarName" missing in call to "GetLocalString"

dl_diag_inc.nss(69): Error: NSC1020: Undeclared identifier "DL_L_NPC_TRANSITION_STATUS"

dl_diag_inc.nss(69): Error: NSC1007: Required argument "sVarName" missing in call to "GetLocalString"

dl_diag_inc.nss(75): Error: NSC1020: Undeclared identifier "DL_L_NPC_SLEEP_STATUS"

dl_diag_inc.nss(75): Error: NSC1007: Required argument "sVarName" missing in call to "GetLocalString"

dl_diag_inc.nss(81): Error: NSC1020: Undeclared identifier "DL_L_NPC_WORK_STATUS"

dl_diag_inc.nss(81): Error: NSC1007: Required argument "sVarName" missing in call to "GetLocalString"

dl_diag_inc.nss(87): Error: NSC1020: Undeclared identifier "DL_L_NPC_FOCUS_STATUS"

dl_diag_inc.nss(87): Error: NSC1007: Required argument "sVarName" missing in call to "GetLocalString"

dl_diag_inc.nss(115): Error: NSC1020: Undeclared identifier "DL_L_NPC_PROFILE_ID"

dl_diag_inc.nss(115): Error: NSC1007: Required argument "sVarName" missing in call to "GetLocalString"

dl_diag_inc.nss(116): Error: NSC1020: Undeclared identifier "DL_L_NPC_DIRECTIVE"

dl_diag_inc.nss(116): Error: NSC1007: Required argument "sVarName" missing in call to "GetLocalInt"

dl_diag_inc.nss(116): Error: NSC1007: Required argument "nDirective" missing in call to "DL_GetDirectiveLabel"

dl_diag_inc.nss(117): Error: NSC1020: Undeclared identifier "DL_L_NPC_STATE"

dl_diag_inc.nss(117): Error: NSC1007: Required argument "sVarName" missing in call to "GetLocalString"

dl_diag_inc.nss(119): Error: NSC1020: Undeclared identifier "DL_L_NPC_SLEEP_STATUS"

dl_diag_inc.nss(119): Error: NSC1007: Required argument "sVarName" missing in call to "GetLocalString"

dl_diag_inc.nss(120): Error: NSC1020: Undeclared identifier "DL_L_NPC_SLEEP_TARGET"

dl_diag_inc.nss(120): Error: NSC1007: Required argument "sVarName" missing in call to "GetLocalString"

dl_diag_inc.nss(121): Error: NSC1020: Undeclared identifier "DL_L_NPC_WORK_STATUS"

dl_diag_inc.nss(121): Error: NSC1007: Required argument "sVarName" missing in call to "GetLocalString"

dl_diag_inc.nss(122): Error: NSC1020: Undeclared identifier "DL_L_NPC_WORK_TARGET"

dl_diag_inc.nss(122): Error: NSC1007: Required argument "sVarName" missing in call to "GetLocalString"

dl_diag_inc.nss(123): Error: NSC1020: Undeclared identifier "DL_L_NPC_TRANSITION_STATUS"

dl_diag_inc.nss(123): Error: NSC1007: Required argument "sVarName" missing in call to "GetLocalString"

dl_diag_inc.nss(124): Error: NSC1020: Undeclared identifier "DL_L_NPC_TRANSITION_TARGET"

dl_diag_inc.nss(124): Error: NSC1007: Required argument "sVarName" missing in call to "GetLocalString"

dl_diag_inc.nss(131): Error: NSC1020: Undeclared identifier "DL_L_NPC_DIRECTIVE"

dl_diag_inc.nss(131): Error: NSC1007: Required argument "sVarName" missing in call to "GetLocalInt"

dl_diag_inc.nss(131): Error: NSC1007: Required argument "nDirective" missing in call to "DL_GetDirectiveLabel"

dl_diag_inc.nss(132): Error: NSC1020: Undeclared identifier "DL_L_NPC_STATE"

dl_diag_inc.nss(132): Error: NSC1007: Required argument "sVarName" missing in call to "GetLocalString"

dl_diag_inc.nss(134): Error: NSC1020: Undeclared identifier "DL_L_NPC_SLEEP_STATUS"

dl_diag_inc.nss(134): Error: NSC1007: Required argument "sVarName" missing in call to "GetLocalString"

dl_diag_inc.nss(135): Error: NSC1020: Undeclared identifier "DL_L_NPC_SLEEP_TARGET"

dl_diag_inc.nss(135): Error: NSC1007: Required argument "sVarName" missing in call to "GetLocalString"

dl_diag_inc.nss(136): Error: NSC1020: Undeclared identifier "DL_L_NPC_WORK_STATUS"

dl_diag_inc.nss(136): Error: NSC1007: Required argument "sVarName" missing in call to "GetLocalString"

dl_diag_inc.nss(137): Error: NSC1020: Undeclared identifier "DL_L_NPC_WORK_TARGET"

dl_diag_inc.nss(137): Error: NSC1007: Required argument "sVarName" missing in call to "GetLocalString"

dl_diag_inc.nss(138): Error: NSC1020: Undeclared identifier "DL_L_NPC_TRANSITION_STATUS"

dl_diag_inc.nss(138): Error: NSC1007: Required argument "sVarName" missing in call to "GetLocalString"

dl_diag_inc.nss(139): Error: NSC1020: Undeclared identifier "DL_L_NPC_TRANSITION_TARGET"

dl_diag_inc.nss(139): Error: NSC1007: Required argument "sVarName" missing in call to "GetLocalString"

dl_diag_inc.nss(140): Error: NSC1039: Not all paths return a value

dl_registry_inc.nss(10): Error: NSC1051: Constant "DL_TIER_WARM" must be initialized before it may be referenced

dl_registry_inc.nss(11): Error: NSC1051: Constant "DL_TIER_HOT" must be initialized before it may be referenced

dl_registry_inc.nss(70): Error: NSC1020: Undeclared identifier "DL_AddLocalInt"

dl_registry_inc.nss(71): Error: NSC1039: Not all paths return a value

dl_registry_inc.nss(166): Error: NSC1020: Undeclared identifier "DL_ShouldRunByAreaTickInterval"

dl_registry_inc.nss(763): Error: NSC1020: Undeclared identifier "DL_L_NPC_PROFILE_ID"

dl_registry_inc.nss(763): Error: NSC1007: Required argument "sVarName" missing in call to "GetLocalString"

dl_registry_inc.nss(765): Error: NSC1020: Undeclared identifier "DL_L_NPC_PROFILE_ID"

dl_registry_inc.nss(765): Error: NSC1007: Required argument "sVarName" missing in call to "SetLocalString"

dl_registry_inc.nss(767): Error: NSC1020: Undeclared identifier "DL_L_NPC_STATE"

dl_registry_inc.nss(767): Error: NSC1007: Required argument "sVarName" missing in call to "GetLocalString"

dl_registry_inc.nss(769): Error: NSC1020: Undeclared identifier "DL_L_NPC_STATE"

dl_registry_inc.nss(769): Error: NSC1007: Required argument "sVarName" missing in call to "SetLocalString"

dl_resync_inc.nss(74): Error: NSC1020: Undeclared identifier "DL_ResolveNpcDirective"

dl_resync_inc.nss(75): Error: NSC1020: Undeclared identifier "DL_ApplyDirectiveSkeleton"

dl_worker_inc.nss(43): Error: NSC1020: Undeclared identifier "DL_ClampInt"

dl_worker_inc.nss(70): Error: NSC1020: Undeclared identifier "DL_L_MODULE_WORKER_TICKS"

dl_worker_inc.nss(70): Error: NSC1007: Required argument "sKey" missing in call to "DL_IncLocalInt"

dl_worker_inc.nss(73): Error: NSC1020: Undeclared identifier "DL_L_AREA_WORKER_LAST_PROCESSED"

dl_worker_inc.nss(73): Error: NSC1007: Required argument "sVarName" missing in call to "SetLocalInt"

dl_worker_inc.nss(74): Error: NSC1020: Undeclared identifier "DL_L_MODULE_WORKER_LAST_PROCESSED"

dl_worker_inc.nss(74): Error: NSC1007: Required argument "sVarName" missing in call to "SetLocalInt"

dl_worker_inc.nss(94): Error: NSC1020: Undeclared identifier "DL_L_AREA_RESYNC_LAST_PROCESSED"

dl_worker_inc.nss(94): Error: NSC1007: Required argument "sVarName" missing in call to "SetLocalInt"

dl_worker_inc.nss(95): Error: NSC1020: Undeclared identifier "DL_L_MODULE_RESYNC_LAST_PROCESSED"

dl_worker_inc.nss(95): Error: NSC1007: Required argument "sVarName" missing in call to "SetLocalInt"

dl_worker_inc.nss(455): Error: NSC1020: Undeclared identifier "DL_ResolveNpcDirective"

dl_worker_inc.nss(456): Error: NSC1020: Undeclared identifier "DL_ApplyDirectiveSkeleton"

dl_lifecycle_inc.nss(22): Error: NSC1050: Non-constant value specified for constant "DL_NPC_RESET_DIRECTIVE_EXEC_ALL"

dl_lifecycle_inc.nss(33): Error: NSC1020: Undeclared identifier "DL_L_NPC_SLEEP_TARGET_VALID"

dl_lifecycle_inc.nss(33): Error: NSC1007: Required argument "sVarName" missing in call to "DeleteLocalInt"

dl_lifecycle_inc.nss(37): Error: NSC1020: Undeclared identifier "DL_L_NPC_WORK_TARGET"

dl_lifecycle_inc.nss(37): Error: NSC1007: Required argument "sVarName" missing in call to "DeleteLocalObject"

dl_lifecycle_inc.nss(41): Error: NSC1020: Undeclared identifier "DL_L_NPC_MEAL_TARGET"

dl_lifecycle_inc.nss(41): Error: NSC1007: Required argument "sVarName" missing in call to "DeleteLocalObject"

dl_lifecycle_inc.nss(45): Error: NSC1020: Undeclared identifier "DL_L_NPC_CHILL_TARGET"

dl_lifecycle_inc.nss(45): Error: NSC1007: Required argument "sVarName" missing in call to "DeleteLocalObject"

dl_lifecycle_inc.nss(49): Error: NSC1020: Undeclared identifier "DL_L_NPC_SOCIAL_TARGET"

dl_lifecycle_inc.nss(49): Error: NSC1007: Required argument "sVarName" missing in call to "DeleteLocalObject"

dl_lifecycle_inc.nss(50): Error: NSC1020: Undeclared identifier "DL_L_NPC_SOCIAL_PARTNER"

dl_lifecycle_inc.nss(50): Error: NSC1007: Required argument "sVarName" missing in call to "DeleteLocalObject"

dl_lifecycle_inc.nss(54): Error: NSC1020: Undeclared identifier "DL_L_NPC_PUBLIC_TARGET"

dl_lifecycle_inc.nss(54): Error: NSC1007: Required argument "sVarName" missing in call to "DeleteLocalObject"

dl_lifecycle_inc.nss(97): Error: NSC1020: Undeclared identifier "DL_L_NPC_BLOCKED_OBJ"

dl_lifecycle_inc.nss(97): Error: NSC1007: Required argument "sVarName" missing in call to "DeleteLocalObject"

dl_lifecycle_inc.nss(98): Error: NSC1020: Undeclared identifier "DL_L_NPC_BLOCKED_TAG"

dl_lifecycle_inc.nss(98): Error: NSC1007: Required argument "sVarName" missing in call to "DeleteLocalString"

dl_lifecycle_inc.nss(99): Error: NSC1020: Undeclared identifier "DL_L_NPC_BLOCKED_TYPE"

dl_lifecycle_inc.nss(99): Error: NSC1007: Required argument "sVarName" missing in call to "DeleteLocalInt"

dl_lifecycle_inc.nss(100): Error: NSC1020: Undeclared identifier "DL_L_NPC_BLOCKED_BUSY"

dl_lifecycle_inc.nss(100): Error: NSC1007: Required argument "sVarName" missing in call to "DeleteLocalInt"

dl_city_response_inc.nss(47): Error: NSC1020: Undeclared identifier "DL_ClampInt"

dl_city_response_inc.nss(55): Error: NSC1020: Undeclared identifier "DL_GetAbsoluteMinute"

dl_city_response_inc.nss(155): Error: NSC1020: Undeclared identifier "GetIsInConversation"

dl_city_response_inc.nss(155): Error: NSC1020: Undeclared identifier "GetIsInConversation"

dl_city_response_inc.nss(172): Error: NSC1020: Undeclared identifier "LOCATION_INVALID"

dl_city_response_inc.nss(185): Error: NSC1020: Undeclared identifier "DL_GetAbsoluteMinute"

dl_city_response_inc.nss(188): Error: NSC1020: Undeclared identifier "DL_OrchestrateRuntimeAction"

dl_city_response_inc.nss(189): Error: NSC1020: Undeclared identifier "LOCATION_INVALID"

dl_city_response_inc.nss(189): Error: NSC1020: Undeclared identifier "DL_OrchestrateRuntimeAction"

dl_city_response_inc.nss(193): Error: NSC1020: Undeclared identifier "LOCATION_INVALID"

dl_city_response_inc.nss(193): Error: NSC1020: Undeclared identifier "DL_OrchestrateRuntimeAction"

dl_city_response_inc.nss(200): Error: NSC1020: Undeclared identifier "DL_L_NPC_PROFILE_ID"

dl_city_response_inc.nss(200): Error: NSC1007: Required argument "sVarName" missing in call to "GetLocalString"

dl_city_response_inc.nss(200): Error: NSC1020: Undeclared identifier "DL_PROFILE_GATE_POST"

dl_city_response_inc.nss(201): Error: NSC1039: Not all paths return a value

dl_city_response_inc.nss(213): Error: NSC1020: Undeclared identifier "DL_GetAbsoluteMinute"

dl_city_response_inc.nss(243): Error: NSC1020: Undeclared identifier "DL_GetAbsoluteMinute"

dl_city_response_inc.nss(244): Error: NSC1020: Undeclared identifier "DL_IsMinuteCooldownActive"

dl_city_response_inc.nss(249): Error: NSC1020: Undeclared identifier "DL_SetMinuteCooldown"

dl_city_response_inc.nss(286): Error: NSC1020: Undeclared identifier "DL_IsMinuteCooldownActive"

dl_city_response_inc.nss(287): Error: NSC1039: Not all paths return a value

dl_city_response_inc.nss(324): Error: NSC1020: Undeclared identifier "DL_GetAbsoluteMinute"

dl_city_response_inc.nss(340): Error: NSC1020: Undeclared identifier "DL_IsMinuteCooldownActive"

dl_city_response_inc.nss(344): Error: NSC1020: Undeclared identifier "DL_SetMinuteCooldown"

dl_city_response_inc.nss(348): Error: NSC1020: Undeclared identifier "LOCATION_INVALID"

dl_city_response_inc.nss(348): Error: NSC1020: Undeclared identifier "DL_GetAbsoluteMinute"

dl_city_response_inc.nss(348): Error: NSC1020: Undeclared identifier "DL_OrchestrateRuntimeAction"

dl_legal_inc.nss(60): Error: NSC1020: Undeclared identifier "DL_GetAbsoluteMinute"

dl_legal_inc.nss(97): Error: NSC1020: Undeclared identifier "DL_GetAbsoluteMinute"

dl_legal_inc.nss(97): Error: NSC1007: Required argument "nValue" missing in call to "SetLocalInt"

dl_legal_inc.nss(112): Error: NSC1020: Undeclared identifier "DL_GetAbsoluteMinute"

dl_legal_inc.nss(148): Error: NSC1020: Undeclared identifier "DL_GetAbsoluteMinute"

dl_legal_inc.nss(148): Error: NSC1007: Required argument "nValue" missing in call to "SetLocalInt"

dl_legal_inc.nss(167): Error: NSC1020: Undeclared identifier "DL_GetAbsoluteMinute"

dl_legal_inc.nss(167): Error: NSC1007: Required argument "nValue" missing in call to "SetLocalInt"

dl_cr_crime_inc.nss(97): Error: NSC1020: Undeclared identifier "DL_GetAbsoluteMinute"

dl_cr_crime_inc.nss(145): Error: NSC1020: Undeclared identifier "DL_GetAbsoluteMinute"

dl_cr_crime_inc.nss(145): Error: NSC1007: Required argument "nValue" missing in call to "SetLocalInt"

dl_cr_crime_inc.nss(232): Error: NSC1020: Undeclared identifier "DL_GetAbsoluteMinute"

dl_cr_crime_inc.nss(233): Error: NSC1020: Undeclared identifier "DL_IsMinuteCooldownActive"

dl_cr_crime_inc.nss(237): Error: NSC1020: Undeclared identifier "DL_SetMinuteCooldown"

dl_cr_crime_inc.nss(284): Error: NSC1020: Undeclared identifier "DL_SELECTION_SCORE_INF"

dl_cr_crime_inc.nss(285): Error: NSC1020: Undeclared identifier "DL_SELECTION_SCORE_INF"

dl_cr_crime_inc.nss(314): Error: NSC1020: Undeclared identifier "DL_SelectionBuildTieKey"

dl_cr_crime_inc.nss(315): Error: NSC1020: Undeclared identifier "DL_SelectionCompare"

dl_cr_crime_inc.nss(324): Error: NSC1020: Undeclared identifier "DL_SelectionCompare"

dl_cr_crime_inc.nss(342): Error: NSC1020: Undeclared identifier "DL_GetAbsoluteMinute"

dl_cr_crime_inc.nss(351): Error: NSC1020: Undeclared identifier "LOCATION_INVALID"

dl_cr_crime_inc.nss(351): Error: NSC1020: Undeclared identifier "DL_GetAbsoluteMinute"

dl_cr_crime_inc.nss(351): Error: NSC1020: Undeclared identifier "DL_OrchestrateRuntimeAction"

dl_cr_crime_inc.nss(365): Error: NSC1020: Undeclared identifier "LOCATION_INVALID"

dl_cr_crime_inc.nss(365): Error: NSC1020: Undeclared identifier "DL_GetAbsoluteMinute"

dl_cr_crime_inc.nss(365): Error: NSC1020: Undeclared identifier "DL_OrchestrateRuntimeAction"

dl_cr_crime_inc.nss(369): Error: NSC1020: Undeclared identifier "LOCATION_INVALID"

dl_cr_crime_inc.nss(369): Error: NSC1020: Undeclared identifier "DL_GetAbsoluteMinute"

dl_cr_crime_inc.nss(369): Error: NSC1020: Undeclared identifier "DL_OrchestrateRuntimeAction"

dl_cr_crime_inc.nss(398): Error: NSC1020: Undeclared identifier "DL_PipelineUpdateDiagnostic"

dl_cr_crime_inc.nss(408): Error: NSC1020: Undeclared identifier "DL_GetAbsoluteMinute"

dl_cr_crime_inc.nss(408): Error: NSC1007: Required argument "nUntilAbsMin" missing in call to "DL_CR_SetDetainPending"

dl_cr_crime_inc.nss(415): Error: NSC1020: Undeclared identifier "DL_PipelineUpdateDiagnostic"

dl_cr_crime_inc.nss(444): Error: NSC1020: Undeclared identifier "DL_CR_EVT_PICKPOCKET"

dl_cr_crime_inc.nss(444): Error: NSC1020: Undeclared identifier "DL_CR_EVT_CONTAINER_THEFT"

dl_cr_crime_inc.nss(462): Error: NSC1020: Undeclared identifier "DL_GetAbsoluteMinute"

dl_cr_crime_inc.nss(480): Error: NSC1020: Undeclared identifier "DL_GetAbsoluteMinute"

dl_cr_crime_inc.nss(531): Error: NSC1020: Undeclared identifier "DL_CR_EVT_DOOR_LOCKPICK"

dl_cr_crime_inc.nss(535): Error: NSC1020: Undeclared identifier "DL_CR_EVT_PLACEABLE_LOCKPICK"

dl_cr_crime_inc.nss(541): Error: NSC1020: Undeclared identifier "DL_CR_EVT_RESTRICTED_ENTRY"

dl_cr_crime_inc.nss(588): Error: NSC1020: Undeclared identifier "DL_CR_EVT_RESTRICTED_ENTRY"

dl_cr_crime_inc.nss(588): Error: NSC1007: Required argument "sKind" missing in call to "DL_CR_RegisterCrimeIncident"

dl_cr_crime_inc.nss(605): Error: NSC1020: Undeclared identifier "DL_GetAbsoluteMinute"

dl_cr_crime_inc.nss(605): Error: NSC1020: Undeclared identifier "DL_OrchestrateRuntimeAction"

dl_cr_crime_inc.nss(626): Error: NSC1020: Undeclared identifier "LOCATION_INVALID"

dl_cr_crime_inc.nss(626): Error: NSC1020: Undeclared identifier "DL_GetAbsoluteMinute"

dl_cr_crime_inc.nss(626): Error: NSC1020: Undeclared identifier "DL_OrchestrateRuntimeAction"

dl_cr_crime_inc.nss(637): Error: NSC1020: Undeclared identifier "DL_GetAbsoluteMinute"

dl_cr_crime_inc.nss(637): Error: NSC1007: Required argument "nUntilAbsMin" missing in call to "DL_CR_SetDetainPending"

dl_cr_crime_inc.nss(643): Error: NSC1020: Undeclared identifier "LOCATION_INVALID"

dl_cr_crime_inc.nss(643): Error: NSC1020: Undeclared identifier "DL_GetAbsoluteMinute"

dl_cr_crime_inc.nss(643): Error: NSC1020: Undeclared identifier "DL_OrchestrateRuntimeAction"

Compilation aborted with errors.

Processing aborted.

Total Execution time = 31ms

Running mode 'check' for 'D:\a\COMPILATOR\COMPILATOR\daily_life\dl_cr_detain_refuse.nss' from 'D:\a\COMPILATOR\COMPILATOR\tools\nwn2_compiler\bin': D:\a\COMPILATOR\COMPILATOR\tools\nwn2_compiler\bin\NWNScriptCompiler.exe -c -a -i D:\a\COMPILATOR\COMPILATOR\daily_life -i D:\a\COMPILATOR\COMPILATOR\tools\nwn2_compiler\stock_scripts -b D:\a\COMPILATOR\COMPILATOR\artifacts\ncc D:\a\COMPILATOR\COMPILATOR\daily_life\dl_cr_detain_refuse.nss
NWNScriptCompiler - built Jan 29 2014 19:24:04
Copyright (C) 2008-2014 Skywing.
Portions copyright (C) 2002-2003, Edward T. Smith.
Portions copyright (C) 2003, The Open Knights Consortium.
Compiling: dl_cr_detain_refuse.NSS

dl_runtime_contract_inc.nss(196): Error: NSC1020: Undeclared identifier "DL_LogChatDebugEvent"

dl_runtime_contract_inc.nss(244): Error: NSC1020: Undeclared identifier "DL_IsAreaObject"

dl_runtime_contract_inc.nss(245): Error: NSC1039: Not all paths return a value

dl_runtime_contract_inc.nss(254): Error: NSC1020: Undeclared identifier "DL_GetAreaTier"

dl_runtime_contract_inc.nss(265): Error: NSC1020: Undeclared identifier "DL_GetAreaTier"

dl_runtime_contract_inc.nss(266): Error: NSC1039: Not all paths return a value

dl_runtime_contract_inc.nss(275): Error: NSC1020: Undeclared identifier "DL_GetAreaTier"

dl_runtime_contract_inc.nss(276): Error: NSC1039: Not all paths return a value

dl_runtime_contract_inc.nss(369): Error: NSC1020: Undeclared identifier "LOCATION_INVALID"

dl_runtime_contract_inc.nss(389): Error: NSC1020: Undeclared identifier "oActor"

dl_runtime_contract_inc.nss(389): Error: NSC1007: Required argument "oObject" missing in call to "GetIsObjectValid"

dl_runtime_contract_inc.nss(391): Error: NSC1080: Return statement outside the scope of a function

dl_runtime_contract_inc.nss(394): Error: NSC1020: Undeclared identifier "sNoopStateKey"

dl_runtime_contract_inc.nss(394): Error: NSC1020: Undeclared identifier "sNoopStateValue"

dl_runtime_contract_inc.nss(394): Error: NSC1020: Undeclared identifier "nExecutionWindow"

dl_runtime_contract_inc.nss(396): Error: NSC1020: Undeclared identifier "oActor"

dl_runtime_contract_inc.nss(396): Error: NSC1020: Undeclared identifier "sNoopStateKey"

dl_runtime_contract_inc.nss(396): Error: NSC1007: Required argument "oObject" missing in call to "GetLocalString"

dl_runtime_contract_inc.nss(396): Error: NSC1020: Undeclared identifier "sNoopStateValue"

dl_runtime_contract_inc.nss(397): Error: NSC1020: Undeclared identifier "oActor"

dl_runtime_contract_inc.nss(397): Error: NSC1007: Required argument "oObject" missing in call to "GetLocalInt"

dl_runtime_contract_inc.nss(397): Error: NSC1020: Undeclared identifier "nExecutionWindow"

dl_runtime_contract_inc.nss(398): Error: NSC1020: Undeclared identifier "oActor"

dl_runtime_contract_inc.nss(398): Error: NSC1007: Required argument "oObject" missing in call to "GetLocalString"

dl_runtime_contract_inc.nss(398): Error: NSC1020: Undeclared identifier "sNoopStateValue"

dl_runtime_contract_inc.nss(400): Error: NSC1080: Return statement outside the scope of a function

dl_runtime_contract_inc.nss(404): Error: NSC1020: Undeclared identifier "oActor"

dl_runtime_contract_inc.nss(404): Error: NSC1020: Undeclared identifier "sPreStatusKey"

dl_runtime_contract_inc.nss(404): Error: NSC1020: Undeclared identifier "sPreStatus"

dl_runtime_contract_inc.nss(404): Error: NSC1020: Undeclared identifier "sPreDiagKey"

dl_runtime_contract_inc.nss(404): Error: NSC1020: Undeclared identifier "sPreDiag"

dl_runtime_contract_inc.nss(404): Error: NSC1007: Required argument "oNpc" missing in call to "DL_SetRuntimeState"

dl_runtime_contract_inc.nss(405): Error: NSC1020: Undeclared identifier "bResetQueue"

dl_runtime_contract_inc.nss(407): Error: NSC1020: Undeclared identifier "oActor"

dl_runtime_contract_inc.nss(407): Error: NSC1007: Required argument "oActionSubject" missing in call to "AssignCommand"

dl_runtime_contract_inc.nss(410): Error: NSC1020: Undeclared identifier "nActionKind"

dl_runtime_contract_inc.nss(414): Error: NSC1020: Undeclared identifier "nActionKind"

dl_runtime_contract_inc.nss(416): Error: NSC1020: Undeclared identifier "oActor"

dl_runtime_contract_inc.nss(416): Error: NSC1020: Undeclared identifier "oTarget"

dl_runtime_contract_inc.nss(416): Error: NSC1020: Undeclared identifier "bRun"

dl_runtime_contract_inc.nss(416): Error: NSC1020: Undeclared identifier "fRange"

dl_runtime_contract_inc.nss(416): Error: NSC1020: Undeclared identifier "DL_CommandMoveToObject"

dl_runtime_contract_inc.nss(418): Error: NSC1020: Undeclared identifier "nActionKind"

dl_runtime_contract_inc.nss(420): Error: NSC1020: Undeclared identifier "oActor"

dl_runtime_contract_inc.nss(420): Error: NSC1020: Undeclared identifier "lTarget"

dl_runtime_contract_inc.nss(420): Error: NSC1020: Undeclared identifier "bRun"

dl_runtime_contract_inc.nss(420): Error: NSC1020: Undeclared identifier "DL_CommandMoveToLocation"

dl_runtime_contract_inc.nss(422): Error: NSC1020: Undeclared identifier "nActionKind"

dl_runtime_contract_inc.nss(424): Error: NSC1020: Undeclared identifier "oActor"

dl_runtime_contract_inc.nss(424): Error: NSC1020: Undeclared identifier "lTarget"

dl_runtime_contract_inc.nss(424): Error: NSC1020: Undeclared identifier "DL_CommandJumpToLocation"

dl_runtime_contract_inc.nss(426): Error: NSC1020: Undeclared identifier "nActionKind"

dl_runtime_contract_inc.nss(428): Error: NSC1020: Undeclared identifier "oActor"

dl_runtime_contract_inc.nss(428): Error: NSC1020: Undeclared identifier "oTarget"

dl_runtime_contract_inc.nss(428): Error: NSC1020: Undeclared identifier "sDialogResRef"

dl_runtime_contract_inc.nss(428): Error: NSC1020: Undeclared identifier "bPrivateConversation"

dl_runtime_contract_inc.nss(428): Error: NSC1020: Undeclared identifier "bPlayHello"

dl_runtime_contract_inc.nss(428): Error: NSC1020: Undeclared identifier "DL_CommandStartConversation"

dl_runtime_contract_inc.nss(430): Error: NSC1020: Undeclared identifier "nActionKind"

dl_runtime_contract_inc.nss(432): Error: NSC1020: Undeclared identifier "oActor"

dl_runtime_contract_inc.nss(432): Error: NSC1020: Undeclared identifier "oTarget"

dl_runtime_contract_inc.nss(432): Error: NSC1020: Undeclared identifier "DL_CommandAttack"

dl_runtime_contract_inc.nss(436): Error: NSC1080: Return statement outside the scope of a function

dl_runtime_contract_inc.nss(440): Error: NSC1020: Undeclared identifier "oActor"

dl_runtime_contract_inc.nss(441): Error: NSC1020: Undeclared identifier "sPostStatusKey"

dl_runtime_contract_inc.nss(442): Error: NSC1020: Undeclared identifier "sPostStatus"

dl_runtime_contract_inc.nss(443): Error: NSC1020: Undeclared identifier "sPostDiagKey"

dl_runtime_contract_inc.nss(444): Error: NSC1020: Undeclared identifier "sPostDiag"

dl_runtime_contract_inc.nss(446): Error: NSC1020: Undeclared identifier "nExecutionWindow"

dl_runtime_contract_inc.nss(447): Error: NSC1020: Undeclared identifier "sNoopStateKey"

dl_runtime_contract_inc.nss(449): Error: NSC1020: Undeclared identifier "sNoopStateValue"

dl_runtime_contract_inc.nss(449): Error: NSC1007: Required argument "oActor" missing in call to "DL_OnNpcActionDispatched"

dl_runtime_contract_inc.nss(451): Error: NSC1080: Return statement outside the scope of a function

dl_runtime_contract_inc.nss(550): Error: NSC1020: Undeclared identifier "OBJECT_TYPE_AREA"

dl_runtime_contract_inc.nss(551): Error: NSC1039: Not all paths return a value

dl_config_inc.nss(56): Error: NSC1003: Operator (>) not valid for specified types

dl_diag_inc.nss(6): Error: NSC1020: Undeclared identifier "DL_DIR_NONE"

dl_diag_inc.nss(10): Error: NSC1020: Undeclared identifier "DL_DIR_SLEEP"

dl_diag_inc.nss(14): Error: NSC1020: Undeclared identifier "DL_DIR_WORK"

dl_diag_inc.nss(18): Error: NSC1020: Undeclared identifier "DL_DIR_SOCIAL"

dl_diag_inc.nss(22): Error: NSC1020: Undeclared identifier "DL_DIR_MEAL"

dl_diag_inc.nss(26): Error: NSC1020: Undeclared identifier "DL_DIR_PUBLIC"

dl_diag_inc.nss(30): Error: NSC1020: Undeclared identifier "DL_DIR_CHILL"

dl_diag_inc.nss(39): Error: NSC1020: Undeclared identifier "DL_L_NPC_TRANSITION_DIAGNOSTIC"

dl_diag_inc.nss(39): Error: NSC1007: Required argument "sVarName" missing in call to "GetLocalString"

dl_diag_inc.nss(45): Error: NSC1020: Undeclared identifier "DL_L_NPC_SLEEP_DIAGNOSTIC"

dl_diag_inc.nss(45): Error: NSC1007: Required argument "sVarName" missing in call to "GetLocalString"

dl_diag_inc.nss(51): Error: NSC1020: Undeclared identifier "DL_L_NPC_WORK_DIAGNOSTIC"

dl_diag_inc.nss(51): Error: NSC1007: Required argument "sVarName" missing in call to "GetLocalString"

dl_diag_inc.nss(57): Error: NSC1020: Undeclared identifier "DL_L_NPC_FOCUS_DIAGNOSTIC"

dl_diag_inc.nss(57): Error: NSC1007: Required argument "sVarName" missing in call to "GetLocalString"

dl_diag_inc.nss(69): Error: NSC1020: Undeclared identifier "DL_L_NPC_TRANSITION_STATUS"

dl_diag_inc.nss(69): Error: NSC1007: Required argument "sVarName" missing in call to "GetLocalString"

dl_diag_inc.nss(75): Error: NSC1020: Undeclared identifier "DL_L_NPC_SLEEP_STATUS"

dl_diag_inc.nss(75): Error: NSC1007: Required argument "sVarName" missing in call to "GetLocalString"

dl_diag_inc.nss(81): Error: NSC1020: Undeclared identifier "DL_L_NPC_WORK_STATUS"

dl_diag_inc.nss(81): Error: NSC1007: Required argument "sVarName" missing in call to "GetLocalString"

dl_diag_inc.nss(87): Error: NSC1020: Undeclared identifier "DL_L_NPC_FOCUS_STATUS"

dl_diag_inc.nss(87): Error: NSC1007: Required argument "sVarName" missing in call to "GetLocalString"

dl_diag_inc.nss(115): Error: NSC1020: Undeclared identifier "DL_L_NPC_PROFILE_ID"

dl_diag_inc.nss(115): Error: NSC1007: Required argument "sVarName" missing in call to "GetLocalString"

dl_diag_inc.nss(116): Error: NSC1020: Undeclared identifier "DL_L_NPC_DIRECTIVE"

dl_diag_inc.nss(116): Error: NSC1007: Required argument "sVarName" missing in call to "GetLocalInt"

dl_diag_inc.nss(116): Error: NSC1007: Required argument "nDirective" missing in call to "DL_GetDirectiveLabel"

dl_diag_inc.nss(117): Error: NSC1020: Undeclared identifier "DL_L_NPC_STATE"

dl_diag_inc.nss(117): Error: NSC1007: Required argument "sVarName" missing in call to "GetLocalString"

dl_diag_inc.nss(119): Error: NSC1020: Undeclared identifier "DL_L_NPC_SLEEP_STATUS"

dl_diag_inc.nss(119): Error: NSC1007: Required argument "sVarName" missing in call to "GetLocalString"

dl_diag_inc.nss(120): Error: NSC1020: Undeclared identifier "DL_L_NPC_SLEEP_TARGET"

dl_diag_inc.nss(120): Error: NSC1007: Required argument "sVarName" missing in call to "GetLocalString"

dl_diag_inc.nss(121): Error: NSC1020: Undeclared identifier "DL_L_NPC_WORK_STATUS"

dl_diag_inc.nss(121): Error: NSC1007: Required argument "sVarName" missing in call to "GetLocalString"

dl_diag_inc.nss(122): Error: NSC1020: Undeclared identifier "DL_L_NPC_WORK_TARGET"

dl_diag_inc.nss(122): Error: NSC1007: Required argument "sVarName" missing in call to "GetLocalString"

dl_diag_inc.nss(123): Error: NSC1020: Undeclared identifier "DL_L_NPC_TRANSITION_STATUS"

dl_diag_inc.nss(123): Error: NSC1007: Required argument "sVarName" missing in call to "GetLocalString"

dl_diag_inc.nss(124): Error: NSC1020: Undeclared identifier "DL_L_NPC_TRANSITION_TARGET"

dl_diag_inc.nss(124): Error: NSC1007: Required argument "sVarName" missing in call to "GetLocalString"

dl_diag_inc.nss(131): Error: NSC1020: Undeclared identifier "DL_L_NPC_DIRECTIVE"

dl_diag_inc.nss(131): Error: NSC1007: Required argument "sVarName" missing in call to "GetLocalInt"

dl_diag_inc.nss(131): Error: NSC1007: Required argument "nDirective" missing in call to "DL_GetDirectiveLabel"

dl_diag_inc.nss(132): Error: NSC1020: Undeclared identifier "DL_L_NPC_STATE"

dl_diag_inc.nss(132): Error: NSC1007: Required argument "sVarName" missing in call to "GetLocalString"

dl_diag_inc.nss(134): Error: NSC1020: Undeclared identifier "DL_L_NPC_SLEEP_STATUS"

dl_diag_inc.nss(134): Error: NSC1007: Required argument "sVarName" missing in call to "GetLocalString"

dl_diag_inc.nss(135): Error: NSC1020: Undeclared identifier "DL_L_NPC_SLEEP_TARGET"

dl_diag_inc.nss(135): Error: NSC1007: Required argument "sVarName" missing in call to "GetLocalString"

dl_diag_inc.nss(136): Error: NSC1020: Undeclared identifier "DL_L_NPC_WORK_STATUS"

dl_diag_inc.nss(136): Error: NSC1007: Required argument "sVarName" missing in call to "GetLocalString"

dl_diag_inc.nss(137): Error: NSC1020: Undeclared identifier "DL_L_NPC_WORK_TARGET"

dl_diag_inc.nss(137): Error: NSC1007: Required argument "sVarName" missing in call to "GetLocalString"

dl_diag_inc.nss(138): Error: NSC1020: Undeclared identifier "DL_L_NPC_TRANSITION_STATUS"

dl_diag_inc.nss(138): Error: NSC1007: Required argument "sVarName" missing in call to "GetLocalString"

dl_diag_inc.nss(139): Error: NSC1020: Undeclared identifier "DL_L_NPC_TRANSITION_TARGET"

dl_diag_inc.nss(139): Error: NSC1007: Required argument "sVarName" missing in call to "GetLocalString"

dl_diag_inc.nss(140): Error: NSC1039: Not all paths return a value

dl_registry_inc.nss(10): Error: NSC1051: Constant "DL_TIER_WARM" must be initialized before it may be referenced

dl_registry_inc.nss(11): Error: NSC1051: Constant "DL_TIER_HOT" must be initialized before it may be referenced

dl_registry_inc.nss(70): Error: NSC1020: Undeclared identifier "DL_AddLocalInt"

dl_registry_inc.nss(71): Error: NSC1039: Not all paths return a value

dl_registry_inc.nss(166): Error: NSC1020: Undeclared identifier "DL_ShouldRunByAreaTickInterval"

dl_registry_inc.nss(763): Error: NSC1020: Undeclared identifier "DL_L_NPC_PROFILE_ID"

dl_registry_inc.nss(763): Error: NSC1007: Required argument "sVarName" missing in call to "GetLocalString"

dl_registry_inc.nss(765): Error: NSC1020: Undeclared identifier "DL_L_NPC_PROFILE_ID"

dl_registry_inc.nss(765): Error: NSC1007: Required argument "sVarName" missing in call to "SetLocalString"

dl_registry_inc.nss(767): Error: NSC1020: Undeclared identifier "DL_L_NPC_STATE"

dl_registry_inc.nss(767): Error: NSC1007: Required argument "sVarName" missing in call to "GetLocalString"

dl_registry_inc.nss(769): Error: NSC1020: Undeclared identifier "DL_L_NPC_STATE"

dl_registry_inc.nss(769): Error: NSC1007: Required argument "sVarName" missing in call to "SetLocalString"

dl_resync_inc.nss(74): Error: NSC1020: Undeclared identifier "DL_ResolveNpcDirective"

dl_resync_inc.nss(75): Error: NSC1020: Undeclared identifier "DL_ApplyDirectiveSkeleton"

dl_worker_inc.nss(43): Error: NSC1020: Undeclared identifier "DL_ClampInt"

dl_worker_inc.nss(70): Error: NSC1020: Undeclared identifier "DL_L_MODULE_WORKER_TICKS"

dl_worker_inc.nss(70): Error: NSC1007: Required argument "sKey" missing in call to "DL_IncLocalInt"

dl_worker_inc.nss(73): Error: NSC1020: Undeclared identifier "DL_L_AREA_WORKER_LAST_PROCESSED"

dl_worker_inc.nss(73): Error: NSC1007: Required argument "sVarName" missing in call to "SetLocalInt"

dl_worker_inc.nss(74): Error: NSC1020: Undeclared identifier "DL_L_MODULE_WORKER_LAST_PROCESSED"

dl_worker_inc.nss(74): Error: NSC1007: Required argument "sVarName" missing in call to "SetLocalInt"

dl_worker_inc.nss(94): Error: NSC1020: Undeclared identifier "DL_L_AREA_RESYNC_LAST_PROCESSED"

dl_worker_inc.nss(94): Error: NSC1007: Required argument "sVarName" missing in call to "SetLocalInt"

dl_worker_inc.nss(95): Error: NSC1020: Undeclared identifier "DL_L_MODULE_RESYNC_LAST_PROCESSED"

dl_worker_inc.nss(95): Error: NSC1007: Required argument "sVarName" missing in call to "SetLocalInt"

dl_worker_inc.nss(455): Error: NSC1020: Undeclared identifier "DL_ResolveNpcDirective"

dl_worker_inc.nss(456): Error: NSC1020: Undeclared identifier "DL_ApplyDirectiveSkeleton"

dl_lifecycle_inc.nss(22): Error: NSC1050: Non-constant value specified for constant "DL_NPC_RESET_DIRECTIVE_EXEC_ALL"

dl_lifecycle_inc.nss(33): Error: NSC1020: Undeclared identifier "DL_L_NPC_SLEEP_TARGET_VALID"

dl_lifecycle_inc.nss(33): Error: NSC1007: Required argument "sVarName" missing in call to "DeleteLocalInt"

dl_lifecycle_inc.nss(37): Error: NSC1020: Undeclared identifier "DL_L_NPC_WORK_TARGET"

dl_lifecycle_inc.nss(37): Error: NSC1007: Required argument "sVarName" missing in call to "DeleteLocalObject"

dl_lifecycle_inc.nss(41): Error: NSC1020: Undeclared identifier "DL_L_NPC_MEAL_TARGET"

dl_lifecycle_inc.nss(41): Error: NSC1007: Required argument "sVarName" missing in call to "DeleteLocalObject"

dl_lifecycle_inc.nss(45): Error: NSC1020: Undeclared identifier "DL_L_NPC_CHILL_TARGET"

dl_lifecycle_inc.nss(45): Error: NSC1007: Required argument "sVarName" missing in call to "DeleteLocalObject"

dl_lifecycle_inc.nss(49): Error: NSC1020: Undeclared identifier "DL_L_NPC_SOCIAL_TARGET"

dl_lifecycle_inc.nss(49): Error: NSC1007: Required argument "sVarName" missing in call to "DeleteLocalObject"

dl_lifecycle_inc.nss(50): Error: NSC1020: Undeclared identifier "DL_L_NPC_SOCIAL_PARTNER"

dl_lifecycle_inc.nss(50): Error: NSC1007: Required argument "sVarName" missing in call to "DeleteLocalObject"

dl_lifecycle_inc.nss(54): Error: NSC1020: Undeclared identifier "DL_L_NPC_PUBLIC_TARGET"

dl_lifecycle_inc.nss(54): Error: NSC1007: Required argument "sVarName" missing in call to "DeleteLocalObject"

dl_lifecycle_inc.nss(97): Error: NSC1020: Undeclared identifier "DL_L_NPC_BLOCKED_OBJ"

dl_lifecycle_inc.nss(97): Error: NSC1007: Required argument "sVarName" missing in call to "DeleteLocalObject"

dl_lifecycle_inc.nss(98): Error: NSC1020: Undeclared identifier "DL_L_NPC_BLOCKED_TAG"

dl_lifecycle_inc.nss(98): Error: NSC1007: Required argument "sVarName" missing in call to "DeleteLocalString"

dl_lifecycle_inc.nss(99): Error: NSC1020: Undeclared identifier "DL_L_NPC_BLOCKED_TYPE"

dl_lifecycle_inc.nss(99): Error: NSC1007: Required argument "sVarName" missing in call to "DeleteLocalInt"

dl_lifecycle_inc.nss(100): Error: NSC1020: Undeclared identifier "DL_L_NPC_BLOCKED_BUSY"

dl_lifecycle_inc.nss(100): Error: NSC1007: Required argument "sVarName" missing in call to "DeleteLocalInt"

dl_city_response_inc.nss(47): Error: NSC1020: Undeclared identifier "DL_ClampInt"

dl_city_response_inc.nss(55): Error: NSC1020: Undeclared identifier "DL_GetAbsoluteMinute"

dl_city_response_inc.nss(155): Error: NSC1020: Undeclared identifier "GetIsInConversation"

dl_city_response_inc.nss(155): Error: NSC1020: Undeclared identifier "GetIsInConversation"

dl_city_response_inc.nss(172): Error: NSC1020: Undeclared identifier "LOCATION_INVALID"

dl_city_response_inc.nss(185): Error: NSC1020: Undeclared identifier "DL_GetAbsoluteMinute"

dl_city_response_inc.nss(188): Error: NSC1020: Undeclared identifier "DL_OrchestrateRuntimeAction"

dl_city_response_inc.nss(189): Error: NSC1020: Undeclared identifier "LOCATION_INVALID"

dl_city_response_inc.nss(189): Error: NSC1020: Undeclared identifier "DL_OrchestrateRuntimeAction"

dl_city_response_inc.nss(193): Error: NSC1020: Undeclared identifier "LOCATION_INVALID"

dl_city_response_inc.nss(193): Error: NSC1020: Undeclared identifier "DL_OrchestrateRuntimeAction"

dl_city_response_inc.nss(200): Error: NSC1020: Undeclared identifier "DL_L_NPC_PROFILE_ID"

dl_city_response_inc.nss(200): Error: NSC1007: Required argument "sVarName" missing in call to "GetLocalString"

dl_city_response_inc.nss(200): Error: NSC1020: Undeclared identifier "DL_PROFILE_GATE_POST"

dl_city_response_inc.nss(201): Error: NSC1039: Not all paths return a value

dl_city_response_inc.nss(213): Error: NSC1020: Undeclared identifier "DL_GetAbsoluteMinute"

dl_city_response_inc.nss(243): Error: NSC1020: Undeclared identifier "DL_GetAbsoluteMinute"

dl_city_response_inc.nss(244): Error: NSC1020: Undeclared identifier "DL_IsMinuteCooldownActive"

dl_city_response_inc.nss(249): Error: NSC1020: Undeclared identifier "DL_SetMinuteCooldown"

dl_city_response_inc.nss(286): Error: NSC1020: Undeclared identifier "DL_IsMinuteCooldownActive"

dl_city_response_inc.nss(287): Error: NSC1039: Not all paths return a value

dl_city_response_inc.nss(324): Error: NSC1020: Undeclared identifier "DL_GetAbsoluteMinute"

dl_city_response_inc.nss(340): Error: NSC1020: Undeclared identifier "DL_IsMinuteCooldownActive"

dl_city_response_inc.nss(344): Error: NSC1020: Undeclared identifier "DL_SetMinuteCooldown"

dl_city_response_inc.nss(348): Error: NSC1020: Undeclared identifier "LOCATION_INVALID"

dl_city_response_inc.nss(348): Error: NSC1020: Undeclared identifier "DL_GetAbsoluteMinute"

dl_city_response_inc.nss(348): Error: NSC1020: Undeclared identifier "DL_OrchestrateRuntimeAction"

dl_legal_inc.nss(60): Error: NSC1020: Undeclared identifier "DL_GetAbsoluteMinute"

dl_legal_inc.nss(97): Error: NSC1020: Undeclared identifier "DL_GetAbsoluteMinute"

dl_legal_inc.nss(97): Error: NSC1007: Required argument "nValue" missing in call to "SetLocalInt"

dl_legal_inc.nss(112): Error: NSC1020: Undeclared identifier "DL_GetAbsoluteMinute"

dl_legal_inc.nss(148): Error: NSC1020: Undeclared identifier "DL_GetAbsoluteMinute"

dl_legal_inc.nss(148): Error: NSC1007: Required argument "nValue" missing in call to "SetLocalInt"

dl_legal_inc.nss(167): Error: NSC1020: Undeclared identifier "DL_GetAbsoluteMinute"

dl_legal_inc.nss(167): Error: NSC1007: Required argument "nValue" missing in call to "SetLocalInt"

dl_cr_crime_inc.nss(97): Error: NSC1020: Undeclared identifier "DL_GetAbsoluteMinute"

dl_cr_crime_inc.nss(145): Error: NSC1020: Undeclared identifier "DL_GetAbsoluteMinute"

dl_cr_crime_inc.nss(145): Error: NSC1007: Required argument "nValue" missing in call to "SetLocalInt"

dl_cr_crime_inc.nss(232): Error: NSC1020: Undeclared identifier "DL_GetAbsoluteMinute"

dl_cr_crime_inc.nss(233): Error: NSC1020: Undeclared identifier "DL_IsMinuteCooldownActive"

dl_cr_crime_inc.nss(237): Error: NSC1020: Undeclared identifier "DL_SetMinuteCooldown"

dl_cr_crime_inc.nss(284): Error: NSC1020: Undeclared identifier "DL_SELECTION_SCORE_INF"

dl_cr_crime_inc.nss(285): Error: NSC1020: Undeclared identifier "DL_SELECTION_SCORE_INF"

dl_cr_crime_inc.nss(314): Error: NSC1020: Undeclared identifier "DL_SelectionBuildTieKey"

dl_cr_crime_inc.nss(315): Error: NSC1020: Undeclared identifier "DL_SelectionCompare"

dl_cr_crime_inc.nss(324): Error: NSC1020: Undeclared identifier "DL_SelectionCompare"

dl_cr_crime_inc.nss(342): Error: NSC1020: Undeclared identifier "DL_GetAbsoluteMinute"

dl_cr_crime_inc.nss(351): Error: NSC1020: Undeclared identifier "LOCATION_INVALID"

dl_cr_crime_inc.nss(351): Error: NSC1020: Undeclared identifier "DL_GetAbsoluteMinute"

dl_cr_crime_inc.nss(351): Error: NSC1020: Undeclared identifier "DL_OrchestrateRuntimeAction"

dl_cr_crime_inc.nss(365): Error: NSC1020: Undeclared identifier "LOCATION_INVALID"

dl_cr_crime_inc.nss(365): Error: NSC1020: Undeclared identifier "DL_GetAbsoluteMinute"

dl_cr_crime_inc.nss(365): Error: NSC1020: Undeclared identifier "DL_OrchestrateRuntimeAction"

dl_cr_crime_inc.nss(369): Error: NSC1020: Undeclared identifier "LOCATION_INVALID"

dl_cr_crime_inc.nss(369): Error: NSC1020: Undeclared identifier "DL_GetAbsoluteMinute"

dl_cr_crime_inc.nss(369): Error: NSC1020: Undeclared identifier "DL_OrchestrateRuntimeAction"

dl_cr_crime_inc.nss(398): Error: NSC1020: Undeclared identifier "DL_PipelineUpdateDiagnostic"

dl_cr_crime_inc.nss(408): Error: NSC1020: Undeclared identifier "DL_GetAbsoluteMinute"

dl_cr_crime_inc.nss(408): Error: NSC1007: Required argument "nUntilAbsMin" missing in call to "DL_CR_SetDetainPending"

dl_cr_crime_inc.nss(415): Error: NSC1020: Undeclared identifier "DL_PipelineUpdateDiagnostic"

dl_cr_crime_inc.nss(444): Error: NSC1020: Undeclared identifier "DL_CR_EVT_PICKPOCKET"

dl_cr_crime_inc.nss(444): Error: NSC1020: Undeclared identifier "DL_CR_EVT_CONTAINER_THEFT"

dl_cr_crime_inc.nss(462): Error: NSC1020: Undeclared identifier "DL_GetAbsoluteMinute"

dl_cr_crime_inc.nss(480): Error: NSC1020: Undeclared identifier "DL_GetAbsoluteMinute"

dl_cr_crime_inc.nss(531): Error: NSC1020: Undeclared identifier "DL_CR_EVT_DOOR_LOCKPICK"

dl_cr_crime_inc.nss(535): Error: NSC1020: Undeclared identifier "DL_CR_EVT_PLACEABLE_LOCKPICK"

dl_cr_crime_inc.nss(541): Error: NSC1020: Undeclared identifier "DL_CR_EVT_RESTRICTED_ENTRY"

dl_cr_crime_inc.nss(588): Error: NSC1020: Undeclared identifier "DL_CR_EVT_RESTRICTED_ENTRY"

dl_cr_crime_inc.nss(588): Error: NSC1007: Required argument "sKind" missing in call to "DL_CR_RegisterCrimeIncident"

dl_cr_crime_inc.nss(605): Error: NSC1020: Undeclared identifier "DL_GetAbsoluteMinute"

dl_cr_crime_inc.nss(605): Error: NSC1020: Undeclared identifier "DL_OrchestrateRuntimeAction"

dl_cr_crime_inc.nss(626): Error: NSC1020: Undeclared identifier "LOCATION_INVALID"

dl_cr_crime_inc.nss(626): Error: NSC1020: Undeclared identifier "DL_GetAbsoluteMinute"

dl_cr_crime_inc.nss(626): Error: NSC1020: Undeclared identifier "DL_OrchestrateRuntimeAction"

dl_cr_crime_inc.nss(637): Error: NSC1020: Undeclared identifier "DL_GetAbsoluteMinute"

dl_cr_crime_inc.nss(637): Error: NSC1007: Required argument "nUntilAbsMin" missing in call to "DL_CR_SetDetainPending"

dl_cr_crime_inc.nss(643): Error: NSC1020: Undeclared identifier "LOCATION_INVALID"

dl_cr_crime_inc.nss(643): Error: NSC1020: Undeclared identifier "DL_GetAbsoluteMinute"

dl_cr_crime_inc.nss(643): Error: NSC1020: Undeclared identifier "DL_OrchestrateRuntimeAction"

Compilation aborted with errors.

Processing aborted.

Total Execution time = 15ms

Running mode 'check' for 'D:\a\COMPILATOR\COMPILATOR\daily_life\dl_cr_restricted_trg.nss' from 'D:\a\COMPILATOR\COMPILATOR\tools\nwn2_compiler\bin': D:\a\COMPILATOR\COMPILATOR\tools\nwn2_compiler\bin\NWNScriptCompiler.exe -c -a -i D:\a\COMPILATOR\COMPILATOR\daily_life -i D:\a\COMPILATOR\COMPILATOR\tools\nwn2_compiler\stock_scripts -b D:\a\COMPILATOR\COMPILATOR\artifacts\ncc D:\a\COMPILATOR\COMPILATOR\daily_life\dl_cr_restricted_trg.nss
NWNScriptCompiler - built Jan 29 2014 19:24:04
Copyright (C) 2008-2014 Skywing.
Portions copyright (C) 2002-2003, Edward T. Smith.
Portions copyright (C) 2003, The Open Knights Consortium.
Compiling: dl_cr_restricted_trg.NSS

dl_runtime_contract_inc.nss(196): Error: NSC1020: Undeclared identifier "DL_LogChatDebugEvent"

dl_runtime_contract_inc.nss(244): Error: NSC1020: Undeclared identifier "DL_IsAreaObject"

dl_runtime_contract_inc.nss(245): Error: NSC1039: Not all paths return a value

dl_runtime_contract_inc.nss(254): Error: NSC1020: Undeclared identifier "DL_GetAreaTier"

dl_runtime_contract_inc.nss(265): Error: NSC1020: Undeclared identifier "DL_GetAreaTier"

dl_runtime_contract_inc.nss(266): Error: NSC1039: Not all paths return a value

dl_runtime_contract_inc.nss(275): Error: NSC1020: Undeclared identifier "DL_GetAreaTier"

dl_runtime_contract_inc.nss(276): Error: NSC1039: Not all paths return a value

dl_runtime_contract_inc.nss(369): Error: NSC1020: Undeclared identifier "LOCATION_INVALID"

dl_runtime_contract_inc.nss(389): Error: NSC1020: Undeclared identifier "oActor"

dl_runtime_contract_inc.nss(389): Error: NSC1007: Required argument "oObject" missing in call to "GetIsObjectValid"

dl_runtime_contract_inc.nss(391): Error: NSC1080: Return statement outside the scope of a function

dl_runtime_contract_inc.nss(394): Error: NSC1020: Undeclared identifier "sNoopStateKey"

dl_runtime_contract_inc.nss(394): Error: NSC1020: Undeclared identifier "sNoopStateValue"

dl_runtime_contract_inc.nss(394): Error: NSC1020: Undeclared identifier "nExecutionWindow"

dl_runtime_contract_inc.nss(396): Error: NSC1020: Undeclared identifier "oActor"

dl_runtime_contract_inc.nss(396): Error: NSC1020: Undeclared identifier "sNoopStateKey"

dl_runtime_contract_inc.nss(396): Error: NSC1007: Required argument "oObject" missing in call to "GetLocalString"

dl_runtime_contract_inc.nss(396): Error: NSC1020: Undeclared identifier "sNoopStateValue"

dl_runtime_contract_inc.nss(397): Error: NSC1020: Undeclared identifier "oActor"

dl_runtime_contract_inc.nss(397): Error: NSC1007: Required argument "oObject" missing in call to "GetLocalInt"

dl_runtime_contract_inc.nss(397): Error: NSC1020: Undeclared identifier "nExecutionWindow"

dl_runtime_contract_inc.nss(398): Error: NSC1020: Undeclared identifier "oActor"

dl_runtime_contract_inc.nss(398): Error: NSC1007: Required argument "oObject" missing in call to "GetLocalString"

dl_runtime_contract_inc.nss(398): Error: NSC1020: Undeclared identifier "sNoopStateValue"

dl_runtime_contract_inc.nss(400): Error: NSC1080: Return statement outside the scope of a function

dl_runtime_contract_inc.nss(404): Error: NSC1020: Undeclared identifier "oActor"

dl_runtime_contract_inc.nss(404): Error: NSC1020: Undeclared identifier "sPreStatusKey"

dl_runtime_contract_inc.nss(404): Error: NSC1020: Undeclared identifier "sPreStatus"

dl_runtime_contract_inc.nss(404): Error: NSC1020: Undeclared identifier "sPreDiagKey"

dl_runtime_contract_inc.nss(404): Error: NSC1020: Undeclared identifier "sPreDiag"

dl_runtime_contract_inc.nss(404): Error: NSC1007: Required argument "oNpc" missing in call to "DL_SetRuntimeState"

dl_runtime_contract_inc.nss(405): Error: NSC1020: Undeclared identifier "bResetQueue"

dl_runtime_contract_inc.nss(407): Error: NSC1020: Undeclared identifier "oActor"

dl_runtime_contract_inc.nss(407): Error: NSC1007: Required argument "oActionSubject" missing in call to "AssignCommand"

dl_runtime_contract_inc.nss(410): Error: NSC1020: Undeclared identifier "nActionKind"

dl_runtime_contract_inc.nss(414): Error: NSC1020: Undeclared identifier "nActionKind"

dl_runtime_contract_inc.nss(416): Error: NSC1020: Undeclared identifier "oActor"

dl_runtime_contract_inc.nss(416): Error: NSC1020: Undeclared identifier "oTarget"

dl_runtime_contract_inc.nss(416): Error: NSC1020: Undeclared identifier "bRun"

dl_runtime_contract_inc.nss(416): Error: NSC1020: Undeclared identifier "fRange"

dl_runtime_contract_inc.nss(416): Error: NSC1020: Undeclared identifier "DL_CommandMoveToObject"

dl_runtime_contract_inc.nss(418): Error: NSC1020: Undeclared identifier "nActionKind"

dl_runtime_contract_inc.nss(420): Error: NSC1020: Undeclared identifier "oActor"

dl_runtime_contract_inc.nss(420): Error: NSC1020: Undeclared identifier "lTarget"

dl_runtime_contract_inc.nss(420): Error: NSC1020: Undeclared identifier "bRun"

dl_runtime_contract_inc.nss(420): Error: NSC1020: Undeclared identifier "DL_CommandMoveToLocation"

dl_runtime_contract_inc.nss(422): Error: NSC1020: Undeclared identifier "nActionKind"

dl_runtime_contract_inc.nss(424): Error: NSC1020: Undeclared identifier "oActor"

dl_runtime_contract_inc.nss(424): Error: NSC1020: Undeclared identifier "lTarget"

dl_runtime_contract_inc.nss(424): Error: NSC1020: Undeclared identifier "DL_CommandJumpToLocation"

dl_runtime_contract_inc.nss(426): Error: NSC1020: Undeclared identifier "nActionKind"

dl_runtime_contract_inc.nss(428): Error: NSC1020: Undeclared identifier "oActor"

dl_runtime_contract_inc.nss(428): Error: NSC1020: Undeclared identifier "oTarget"

dl_runtime_contract_inc.nss(428): Error: NSC1020: Undeclared identifier "sDialogResRef"

dl_runtime_contract_inc.nss(428): Error: NSC1020: Undeclared identifier "bPrivateConversation"

dl_runtime_contract_inc.nss(428): Error: NSC1020: Undeclared identifier "bPlayHello"

dl_runtime_contract_inc.nss(428): Error: NSC1020: Undeclared identifier "DL_CommandStartConversation"

dl_runtime_contract_inc.nss(430): Error: NSC1020: Undeclared identifier "nActionKind"

dl_runtime_contract_inc.nss(432): Error: NSC1020: Undeclared identifier "oActor"

dl_runtime_contract_inc.nss(432): Error: NSC1020: Undeclared identifier "oTarget"

dl_runtime_contract_inc.nss(432): Error: NSC1020: Undeclared identifier "DL_CommandAttack"

dl_runtime_contract_inc.nss(436): Error: NSC1080: Return statement outside the scope of a function

dl_runtime_contract_inc.nss(440): Error: NSC1020: Undeclared identifier "oActor"

dl_runtime_contract_inc.nss(441): Error: NSC1020: Undeclared identifier "sPostStatusKey"

dl_runtime_contract_inc.nss(442): Error: NSC1020: Undeclared identifier "sPostStatus"

dl_runtime_contract_inc.nss(443): Error: NSC1020: Undeclared identifier "sPostDiagKey"

dl_runtime_contract_inc.nss(444): Error: NSC1020: Undeclared identifier "sPostDiag"

dl_runtime_contract_inc.nss(446): Error: NSC1020: Undeclared identifier "nExecutionWindow"

dl_runtime_contract_inc.nss(447): Error: NSC1020: Undeclared identifier "sNoopStateKey"

dl_runtime_contract_inc.nss(449): Error: NSC1020: Undeclared identifier "sNoopStateValue"

dl_runtime_contract_inc.nss(449): Error: NSC1007: Required argument "oActor" missing in call to "DL_OnNpcActionDispatched"

dl_runtime_contract_inc.nss(451): Error: NSC1080: Return statement outside the scope of a function

dl_runtime_contract_inc.nss(550): Error: NSC1020: Undeclared identifier "OBJECT_TYPE_AREA"

dl_runtime_contract_inc.nss(551): Error: NSC1039: Not all paths return a value

dl_config_inc.nss(56): Error: NSC1003: Operator (>) not valid for specified types

dl_diag_inc.nss(6): Error: NSC1020: Undeclared identifier "DL_DIR_NONE"

dl_diag_inc.nss(10): Error: NSC1020: Undeclared identifier "DL_DIR_SLEEP"

dl_diag_inc.nss(14): Error: NSC1020: Undeclared identifier "DL_DIR_WORK"

dl_diag_inc.nss(18): Error: NSC1020: Undeclared identifier "DL_DIR_SOCIAL"

dl_diag_inc.nss(22): Error: NSC1020: Undeclared identifier "DL_DIR_MEAL"

dl_diag_inc.nss(26): Error: NSC1020: Undeclared identifier "DL_DIR_PUBLIC"

dl_diag_inc.nss(30): Error: NSC1020: Undeclared identifier "DL_DIR_CHILL"

dl_diag_inc.nss(39): Error: NSC1020: Undeclared identifier "DL_L_NPC_TRANSITION_DIAGNOSTIC"

dl_diag_inc.nss(39): Error: NSC1007: Required argument "sVarName" missing in call to "GetLocalString"

dl_diag_inc.nss(45): Error: NSC1020: Undeclared identifier "DL_L_NPC_SLEEP_DIAGNOSTIC"

dl_diag_inc.nss(45): Error: NSC1007: Required argument "sVarName" missing in call to "GetLocalString"

dl_diag_inc.nss(51): Error: NSC1020: Undeclared identifier "DL_L_NPC_WORK_DIAGNOSTIC"

dl_diag_inc.nss(51): Error: NSC1007: Required argument "sVarName" missing in call to "GetLocalString"

dl_diag_inc.nss(57): Error: NSC1020: Undeclared identifier "DL_L_NPC_FOCUS_DIAGNOSTIC"

dl_diag_inc.nss(57): Error: NSC1007: Required argument "sVarName" missing in call to "GetLocalString"

dl_diag_inc.nss(69): Error: NSC1020: Undeclared identifier "DL_L_NPC_TRANSITION_STATUS"

dl_diag_inc.nss(69): Error: NSC1007: Required argument "sVarName" missing in call to "GetLocalString"

dl_diag_inc.nss(75): Error: NSC1020: Undeclared identifier "DL_L_NPC_SLEEP_STATUS"

dl_diag_inc.nss(75): Error: NSC1007: Required argument "sVarName" missing in call to "GetLocalString"

dl_diag_inc.nss(81): Error: NSC1020: Undeclared identifier "DL_L_NPC_WORK_STATUS"

dl_diag_inc.nss(81): Error: NSC1007: Required argument "sVarName" missing in call to "GetLocalString"

dl_diag_inc.nss(87): Error: NSC1020: Undeclared identifier "DL_L_NPC_FOCUS_STATUS"

dl_diag_inc.nss(87): Error: NSC1007: Required argument "sVarName" missing in call to "GetLocalString"

dl_diag_inc.nss(115): Error: NSC1020: Undeclared identifier "DL_L_NPC_PROFILE_ID"

dl_diag_inc.nss(115): Error: NSC1007: Required argument "sVarName" missing in call to "GetLocalString"

dl_diag_inc.nss(116): Error: NSC1020: Undeclared identifier "DL_L_NPC_DIRECTIVE"

dl_diag_inc.nss(116): Error: NSC1007: Required argument "sVarName" missing in call to "GetLocalInt"

dl_diag_inc.nss(116): Error: NSC1007: Required argument "nDirective" missing in call to "DL_GetDirectiveLabel"

dl_diag_inc.nss(117): Error: NSC1020: Undeclared identifier "DL_L_NPC_STATE"

dl_diag_inc.nss(117): Error: NSC1007: Required argument "sVarName" missing in call to "GetLocalString"

dl_diag_inc.nss(119): Error: NSC1020: Undeclared identifier "DL_L_NPC_SLEEP_STATUS"

dl_diag_inc.nss(119): Error: NSC1007: Required argument "sVarName" missing in call to "GetLocalString"

dl_diag_inc.nss(120): Error: NSC1020: Undeclared identifier "DL_L_NPC_SLEEP_TARGET"

dl_diag_inc.nss(120): Error: NSC1007: Required argument "sVarName" missing in call to "GetLocalString"

dl_diag_inc.nss(121): Error: NSC1020: Undeclared identifier "DL_L_NPC_WORK_STATUS"

dl_diag_inc.nss(121): Error: NSC1007: Required argument "sVarName" missing in call to "GetLocalString"

dl_diag_inc.nss(122): Error: NSC1020: Undeclared identifier "DL_L_NPC_WORK_TARGET"

dl_diag_inc.nss(122): Error: NSC1007: Required argument "sVarName" missing in call to "GetLocalString"

dl_diag_inc.nss(123): Error: NSC1020: Undeclared identifier "DL_L_NPC_TRANSITION_STATUS"

dl_diag_inc.nss(123): Error: NSC1007: Required argument "sVarName" missing in call to "GetLocalString"

dl_diag_inc.nss(124): Error: NSC1020: Undeclared identifier "DL_L_NPC_TRANSITION_TARGET"

dl_diag_inc.nss(124): Error: NSC1007: Required argument "sVarName" missing in call to "GetLocalString"

dl_diag_inc.nss(131): Error: NSC1020: Undeclared identifier "DL_L_NPC_DIRECTIVE"

dl_diag_inc.nss(131): Error: NSC1007: Required argument "sVarName" missing in call to "GetLocalInt"

dl_diag_inc.nss(131): Error: NSC1007: Required argument "nDirective" missing in call to "DL_GetDirectiveLabel"

dl_diag_inc.nss(132): Error: NSC1020: Undeclared identifier "DL_L_NPC_STATE"

dl_diag_inc.nss(132): Error: NSC1007: Required argument "sVarName" missing in call to "GetLocalString"

dl_diag_inc.nss(134): Error: NSC1020: Undeclared identifier "DL_L_NPC_SLEEP_STATUS"

dl_diag_inc.nss(134): Error: NSC1007: Required argument "sVarName" missing in call to "GetLocalString"

dl_diag_inc.nss(135): Error: NSC1020: Undeclared identifier "DL_L_NPC_SLEEP_TARGET"

dl_diag_inc.nss(135): Error: NSC1007: Required argument "sVarName" missing in call to "GetLocalString"

dl_diag_inc.nss(136): Error: NSC1020: Undeclared identifier "DL_L_NPC_WORK_STATUS"

dl_diag_inc.nss(136): Error: NSC1007: Required argument "sVarName" missing in call to "GetLocalString"

dl_diag_inc.nss(137): Error: NSC1020: Undeclared identifier "DL_L_NPC_WORK_TARGET"

dl_diag_inc.nss(137): Error: NSC1007: Required argument "sVarName" missing in call to "GetLocalString"

dl_diag_inc.nss(138): Error: NSC1020: Undeclared identifier "DL_L_NPC_TRANSITION_STATUS"

dl_diag_inc.nss(138): Error: NSC1007: Required argument "sVarName" missing in call to "GetLocalString"

dl_diag_inc.nss(139): Error: NSC1020: Undeclared identifier "DL_L_NPC_TRANSITION_TARGET"

dl_diag_inc.nss(139): Error: NSC1007: Required argument "sVarName" missing in call to "GetLocalString"

dl_diag_inc.nss(140): Error: NSC1039: Not all paths return a value

dl_registry_inc.nss(10): Error: NSC1051: Constant "DL_TIER_WARM" must be initialized before it may be referenced

dl_registry_inc.nss(11): Error: NSC1051: Constant "DL_TIER_HOT" must be initialized before it may be referenced

dl_registry_inc.nss(70): Error: NSC1020: Undeclared identifier "DL_AddLocalInt"

dl_registry_inc.nss(71): Error: NSC1039: Not all paths return a value

dl_registry_inc.nss(166): Error: NSC1020: Undeclared identifier "DL_ShouldRunByAreaTickInterval"

dl_registry_inc.nss(763): Error: NSC1020: Undeclared identifier "DL_L_NPC_PROFILE_ID"

dl_registry_inc.nss(763): Error: NSC1007: Required argument "sVarName" missing in call to "GetLocalString"

dl_registry_inc.nss(765): Error: NSC1020: Undeclared identifier "DL_L_NPC_PROFILE_ID"

dl_registry_inc.nss(765): Error: NSC1007: Required argument "sVarName" missing in call to "SetLocalString"

dl_registry_inc.nss(767): Error: NSC1020: Undeclared identifier "DL_L_NPC_STATE"

dl_registry_inc.nss(767): Error: NSC1007: Required argument "sVarName" missing in call to "GetLocalString"

dl_registry_inc.nss(769): Error: NSC1020: Undeclared identifier "DL_L_NPC_STATE"

dl_registry_inc.nss(769): Error: NSC1007: Required argument "sVarName" missing in call to "SetLocalString"

dl_resync_inc.nss(74): Error: NSC1020: Undeclared identifier "DL_ResolveNpcDirective"

dl_resync_inc.nss(75): Error: NSC1020: Undeclared identifier "DL_ApplyDirectiveSkeleton"

dl_worker_inc.nss(43): Error: NSC1020: Undeclared identifier "DL_ClampInt"

dl_worker_inc.nss(70): Error: NSC1020: Undeclared identifier "DL_L_MODULE_WORKER_TICKS"

dl_worker_inc.nss(70): Error: NSC1007: Required argument "sKey" missing in call to "DL_IncLocalInt"

dl_worker_inc.nss(73): Error: NSC1020: Undeclared identifier "DL_L_AREA_WORKER_LAST_PROCESSED"

dl_worker_inc.nss(73): Error: NSC1007: Required argument "sVarName" missing in call to "SetLocalInt"

dl_worker_inc.nss(74): Error: NSC1020: Undeclared identifier "DL_L_MODULE_WORKER_LAST_PROCESSED"

dl_worker_inc.nss(74): Error: NSC1007: Required argument "sVarName" missing in call to "SetLocalInt"

dl_worker_inc.nss(94): Error: NSC1020: Undeclared identifier "DL_L_AREA_RESYNC_LAST_PROCESSED"

dl_worker_inc.nss(94): Error: NSC1007: Required argument "sVarName" missing in call to "SetLocalInt"

dl_worker_inc.nss(95): Error: NSC1020: Undeclared identifier "DL_L_MODULE_RESYNC_LAST_PROCESSED"

dl_worker_inc.nss(95): Error: NSC1007: Required argument "sVarName" missing in call to "SetLocalInt"

dl_worker_inc.nss(455): Error: NSC1020: Undeclared identifier "DL_ResolveNpcDirective"

dl_worker_inc.nss(456): Error: NSC1020: Undeclared identifier "DL_ApplyDirectiveSkeleton"

dl_lifecycle_inc.nss(22): Error: NSC1050: Non-constant value specified for constant "DL_NPC_RESET_DIRECTIVE_EXEC_ALL"

dl_lifecycle_inc.nss(33): Error: NSC1020: Undeclared identifier "DL_L_NPC_SLEEP_TARGET_VALID"

dl_lifecycle_inc.nss(33): Error: NSC1007: Required argument "sVarName" missing in call to "DeleteLocalInt"

dl_lifecycle_inc.nss(37): Error: NSC1020: Undeclared identifier "DL_L_NPC_WORK_TARGET"

dl_lifecycle_inc.nss(37): Error: NSC1007: Required argument "sVarName" missing in call to "DeleteLocalObject"

dl_lifecycle_inc.nss(41): Error: NSC1020: Undeclared identifier "DL_L_NPC_MEAL_TARGET"

dl_lifecycle_inc.nss(41): Error: NSC1007: Required argument "sVarName" missing in call to "DeleteLocalObject"

dl_lifecycle_inc.nss(45): Error: NSC1020: Undeclared identifier "DL_L_NPC_CHILL_TARGET"

dl_lifecycle_inc.nss(45): Error: NSC1007: Required argument "sVarName" missing in call to "DeleteLocalObject"

dl_lifecycle_inc.nss(49): Error: NSC1020: Undeclared identifier "DL_L_NPC_SOCIAL_TARGET"

dl_lifecycle_inc.nss(49): Error: NSC1007: Required argument "sVarName" missing in call to "DeleteLocalObject"

dl_lifecycle_inc.nss(50): Error: NSC1020: Undeclared identifier "DL_L_NPC_SOCIAL_PARTNER"

dl_lifecycle_inc.nss(50): Error: NSC1007: Required argument "sVarName" missing in call to "DeleteLocalObject"

dl_lifecycle_inc.nss(54): Error: NSC1020: Undeclared identifier "DL_L_NPC_PUBLIC_TARGET"

dl_lifecycle_inc.nss(54): Error: NSC1007: Required argument "sVarName" missing in call to "DeleteLocalObject"

dl_lifecycle_inc.nss(97): Error: NSC1020: Undeclared identifier "DL_L_NPC_BLOCKED_OBJ"

dl_lifecycle_inc.nss(97): Error: NSC1007: Required argument "sVarName" missing in call to "DeleteLocalObject"

dl_lifecycle_inc.nss(98): Error: NSC1020: Undeclared identifier "DL_L_NPC_BLOCKED_TAG"

dl_lifecycle_inc.nss(98): Error: NSC1007: Required argument "sVarName" missing in call to "DeleteLocalString"

dl_lifecycle_inc.nss(99): Error: NSC1020: Undeclared identifier "DL_L_NPC_BLOCKED_TYPE"

dl_lifecycle_inc.nss(99): Error: NSC1007: Required argument "sVarName" missing in call to "DeleteLocalInt"

dl_lifecycle_inc.nss(100): Error: NSC1020: Undeclared identifier "DL_L_NPC_BLOCKED_BUSY"

dl_lifecycle_inc.nss(100): Error: NSC1007: Required argument "sVarName" missing in call to "DeleteLocalInt"

dl_city_response_inc.nss(47): Error: NSC1020: Undeclared identifier "DL_ClampInt"

dl_city_response_inc.nss(55): Error: NSC1020: Undeclared identifier "DL_GetAbsoluteMinute"

dl_city_response_inc.nss(155): Error: NSC1020: Undeclared identifier "GetIsInConversation"

dl_city_response_inc.nss(155): Error: NSC1020: Undeclared identifier "GetIsInConversation"

dl_city_response_inc.nss(172): Error: NSC1020: Undeclared identifier "LOCATION_INVALID"

dl_city_response_inc.nss(185): Error: NSC1020: Undeclared identifier "DL_GetAbsoluteMinute"

dl_city_response_inc.nss(188): Error: NSC1020: Undeclared identifier "DL_OrchestrateRuntimeAction"

dl_city_response_inc.nss(189): Error: NSC1020: Undeclared identifier "LOCATION_INVALID"

dl_city_response_inc.nss(189): Error: NSC1020: Undeclared identifier "DL_OrchestrateRuntimeAction"

dl_city_response_inc.nss(193): Error: NSC1020: Undeclared identifier "LOCATION_INVALID"

dl_city_response_inc.nss(193): Error: NSC1020: Undeclared identifier "DL_OrchestrateRuntimeAction"

dl_city_response_inc.nss(200): Error: NSC1020: Undeclared identifier "DL_L_NPC_PROFILE_ID"

dl_city_response_inc.nss(200): Error: NSC1007: Required argument "sVarName" missing in call to "GetLocalString"

dl_city_response_inc.nss(200): Error: NSC1020: Undeclared identifier "DL_PROFILE_GATE_POST"

dl_city_response_inc.nss(201): Error: NSC1039: Not all paths return a value

dl_city_response_inc.nss(213): Error: NSC1020: Undeclared identifier "DL_GetAbsoluteMinute"

dl_city_response_inc.nss(243): Error: NSC1020: Undeclared identifier "DL_GetAbsoluteMinute"

dl_city_response_inc.nss(244): Error: NSC1020: Undeclared identifier "DL_IsMinuteCooldownActive"

dl_city_response_inc.nss(249): Error: NSC1020: Undeclared identifier "DL_SetMinuteCooldown"

dl_city_response_inc.nss(286): Error: NSC1020: Undeclared identifier "DL_IsMinuteCooldownActive"

dl_city_response_inc.nss(287): Error: NSC1039: Not all paths return a value

dl_city_response_inc.nss(324): Error: NSC1020: Undeclared identifier "DL_GetAbsoluteMinute"

dl_city_response_inc.nss(340): Error: NSC1020: Undeclared identifier "DL_IsMinuteCooldownActive"

dl_city_response_inc.nss(344): Error: NSC1020: Undeclared identifier "DL_SetMinuteCooldown"

dl_city_response_inc.nss(348): Error: NSC1020: Undeclared identifier "LOCATION_INVALID"

dl_city_response_inc.nss(348): Error: NSC1020: Undeclared identifier "DL_GetAbsoluteMinute"

dl_city_response_inc.nss(348): Error: NSC1020: Undeclared identifier "DL_OrchestrateRuntimeAction"

dl_legal_inc.nss(60): Error: NSC1020: Undeclared identifier "DL_GetAbsoluteMinute"

dl_legal_inc.nss(97): Error: NSC1020: Undeclared identifier "DL_GetAbsoluteMinute"

dl_legal_inc.nss(97): Error: NSC1007: Required argument "nValue" missing in call to "SetLocalInt"

dl_legal_inc.nss(112): Error: NSC1020: Undeclared identifier "DL_GetAbsoluteMinute"

dl_legal_inc.nss(148): Error: NSC1020: Undeclared identifier "DL_GetAbsoluteMinute"

dl_legal_inc.nss(148): Error: NSC1007: Required argument "nValue" missing in call to "SetLocalInt"

dl_legal_inc.nss(167): Error: NSC1020: Undeclared identifier "DL_GetAbsoluteMinute"

dl_legal_inc.nss(167): Error: NSC1007: Required argument "nValue" missing in call to "SetLocalInt"

dl_cr_crime_inc.nss(97): Error: NSC1020: Undeclared identifier "DL_GetAbsoluteMinute"

dl_cr_crime_inc.nss(145): Error: NSC1020: Undeclared identifier "DL_GetAbsoluteMinute"

dl_cr_crime_inc.nss(145): Error: NSC1007: Required argument "nValue" missing in call to "SetLocalInt"

dl_cr_crime_inc.nss(232): Error: NSC1020: Undeclared identifier "DL_GetAbsoluteMinute"

dl_cr_crime_inc.nss(233): Error: NSC1020: Undeclared identifier "DL_IsMinuteCooldownActive"

dl_cr_crime_inc.nss(237): Error: NSC1020: Undeclared identifier "DL_SetMinuteCooldown"

dl_cr_crime_inc.nss(284): Error: NSC1020: Undeclared identifier "DL_SELECTION_SCORE_INF"

dl_cr_crime_inc.nss(285): Error: NSC1020: Undeclared identifier "DL_SELECTION_SCORE_INF"

dl_cr_crime_inc.nss(314): Error: NSC1020: Undeclared identifier "DL_SelectionBuildTieKey"

dl_cr_crime_inc.nss(315): Error: NSC1020: Undeclared identifier "DL_SelectionCompare"

dl_cr_crime_inc.nss(324): Error: NSC1020: Undeclared identifier "DL_SelectionCompare"

dl_cr_crime_inc.nss(342): Error: NSC1020: Undeclared identifier "DL_GetAbsoluteMinute"

dl_cr_crime_inc.nss(351): Error: NSC1020: Undeclared identifier "LOCATION_INVALID"

dl_cr_crime_inc.nss(351): Error: NSC1020: Undeclared identifier "DL_GetAbsoluteMinute"

dl_cr_crime_inc.nss(351): Error: NSC1020: Undeclared identifier "DL_OrchestrateRuntimeAction"

dl_cr_crime_inc.nss(365): Error: NSC1020: Undeclared identifier "LOCATION_INVALID"

dl_cr_crime_inc.nss(365): Error: NSC1020: Undeclared identifier "DL_GetAbsoluteMinute"

dl_cr_crime_inc.nss(365): Error: NSC1020: Undeclared identifier "DL_OrchestrateRuntimeAction"

dl_cr_crime_inc.nss(369): Error: NSC1020: Undeclared identifier "LOCATION_INVALID"

dl_cr_crime_inc.nss(369): Error: NSC1020: Undeclared identifier "DL_GetAbsoluteMinute"

dl_cr_crime_inc.nss(369): Error: NSC1020: Undeclared identifier "DL_OrchestrateRuntimeAction"

dl_cr_crime_inc.nss(398): Error: NSC1020: Undeclared identifier "DL_PipelineUpdateDiagnostic"

dl_cr_crime_inc.nss(408): Error: NSC1020: Undeclared identifier "DL_GetAbsoluteMinute"

dl_cr_crime_inc.nss(408): Error: NSC1007: Required argument "nUntilAbsMin" missing in call to "DL_CR_SetDetainPending"

dl_cr_crime_inc.nss(415): Error: NSC1020: Undeclared identifier "DL_PipelineUpdateDiagnostic"

dl_cr_crime_inc.nss(444): Error: NSC1020: Undeclared identifier "DL_CR_EVT_PICKPOCKET"

dl_cr_crime_inc.nss(444): Error: NSC1020: Undeclared identifier "DL_CR_EVT_CONTAINER_THEFT"

dl_cr_crime_inc.nss(462): Error: NSC1020: Undeclared identifier "DL_GetAbsoluteMinute"

dl_cr_crime_inc.nss(480): Error: NSC1020: Undeclared identifier "DL_GetAbsoluteMinute"

dl_cr_crime_inc.nss(531): Error: NSC1020: Undeclared identifier "DL_CR_EVT_DOOR_LOCKPICK"

dl_cr_crime_inc.nss(535): Error: NSC1020: Undeclared identifier "DL_CR_EVT_PLACEABLE_LOCKPICK"

dl_cr_crime_inc.nss(541): Error: NSC1020: Undeclared identifier "DL_CR_EVT_RESTRICTED_ENTRY"

dl_cr_crime_inc.nss(588): Error: NSC1020: Undeclared identifier "DL_CR_EVT_RESTRICTED_ENTRY"

dl_cr_crime_inc.nss(588): Error: NSC1007: Required argument "sKind" missing in call to "DL_CR_RegisterCrimeIncident"

dl_cr_crime_inc.nss(605): Error: NSC1020: Undeclared identifier "DL_GetAbsoluteMinute"

dl_cr_crime_inc.nss(605): Error: NSC1020: Undeclared identifier "DL_OrchestrateRuntimeAction"

dl_cr_crime_inc.nss(626): Error: NSC1020: Undeclared identifier "LOCATION_INVALID"

dl_cr_crime_inc.nss(626): Error: NSC1020: Undeclared identifier "DL_GetAbsoluteMinute"

dl_cr_crime_inc.nss(626): Error: NSC1020: Undeclared identifier "DL_OrchestrateRuntimeAction"

dl_cr_crime_inc.nss(637): Error: NSC1020: Undeclared identifier "DL_GetAbsoluteMinute"

dl_cr_crime_inc.nss(637): Error: NSC1007: Required argument "nUntilAbsMin" missing in call to "DL_CR_SetDetainPending"

dl_cr_crime_inc.nss(643): Error: NSC1020: Undeclared identifier "LOCATION_INVALID"

dl_cr_crime_inc.nss(643): Error: NSC1020: Undeclared identifier "DL_GetAbsoluteMinute"

dl_cr_crime_inc.nss(643): Error: NSC1020: Undeclared identifier "DL_OrchestrateRuntimeAction"

Compilation aborted with errors.

Processing aborted.

Total Execution time = 31ms

Running mode 'check' for 'D:\a\COMPILATOR\COMPILATOR\daily_life\dl_damaged.nss' from 'D:\a\COMPILATOR\COMPILATOR\tools\nwn2_compiler\bin': D:\a\COMPILATOR\COMPILATOR\tools\nwn2_compiler\bin\NWNScriptCompiler.exe -c -a -i D:\a\COMPILATOR\COMPILATOR\daily_life -i D:\a\COMPILATOR\COMPILATOR\tools\nwn2_compiler\stock_scripts -b D:\a\COMPILATOR\COMPILATOR\artifacts\ncc D:\a\COMPILATOR\COMPILATOR\daily_life\dl_damaged.nss
NWNScriptCompiler - built Jan 29 2014 19:24:04
Copyright (C) 2008-2014 Skywing.
Portions copyright (C) 2002-2003, Edward T. Smith.
Portions copyright (C) 2003, The Open Knights Consortium.
Compiling: dl_damaged.NSS

dl_runtime_contract_inc.nss(196): Error: NSC1020: Undeclared identifier "DL_LogChatDebugEvent"

dl_runtime_contract_inc.nss(244): Error: NSC1020: Undeclared identifier "DL_IsAreaObject"

dl_runtime_contract_inc.nss(245): Error: NSC1039: Not all paths return a value

dl_runtime_contract_inc.nss(254): Error: NSC1020: Undeclared identifier "DL_GetAreaTier"

dl_runtime_contract_inc.nss(265): Error: NSC1020: Undeclared identifier "DL_GetAreaTier"

dl_runtime_contract_inc.nss(266): Error: NSC1039: Not all paths return a value

dl_runtime_contract_inc.nss(275): Error: NSC1020: Undeclared identifier "DL_GetAreaTier"

dl_runtime_contract_inc.nss(276): Error: NSC1039: Not all paths return a value

dl_runtime_contract_inc.nss(369): Error: NSC1020: Undeclared identifier "LOCATION_INVALID"

dl_runtime_contract_inc.nss(389): Error: NSC1020: Undeclared identifier "oActor"

dl_runtime_contract_inc.nss(389): Error: NSC1007: Required argument "oObject" missing in call to "GetIsObjectValid"

dl_runtime_contract_inc.nss(391): Error: NSC1080: Return statement outside the scope of a function

dl_runtime_contract_inc.nss(394): Error: NSC1020: Undeclared identifier "sNoopStateKey"

dl_runtime_contract_inc.nss(394): Error: NSC1020: Undeclared identifier "sNoopStateValue"

dl_runtime_contract_inc.nss(394): Error: NSC1020: Undeclared identifier "nExecutionWindow"

dl_runtime_contract_inc.nss(396): Error: NSC1020: Undeclared identifier "oActor"

dl_runtime_contract_inc.nss(396): Error: NSC1020: Undeclared identifier "sNoopStateKey"

dl_runtime_contract_inc.nss(396): Error: NSC1007: Required argument "oObject" missing in call to "GetLocalString"

dl_runtime_contract_inc.nss(396): Error: NSC1020: Undeclared identifier "sNoopStateValue"

dl_runtime_contract_inc.nss(397): Error: NSC1020: Undeclared identifier "oActor"

dl_runtime_contract_inc.nss(397): Error: NSC1007: Required argument "oObject" missing in call to "GetLocalInt"

dl_runtime_contract_inc.nss(397): Error: NSC1020: Undeclared identifier "nExecutionWindow"

dl_runtime_contract_inc.nss(398): Error: NSC1020: Undeclared identifier "oActor"

dl_runtime_contract_inc.nss(398): Error: NSC1007: Required argument "oObject" missing in call to "GetLocalString"

dl_runtime_contract_inc.nss(398): Error: NSC1020: Undeclared identifier "sNoopStateValue"

dl_runtime_contract_inc.nss(400): Error: NSC1080: Return statement outside the scope of a function

dl_runtime_contract_inc.nss(404): Error: NSC1020: Undeclared identifier "oActor"

dl_runtime_contract_inc.nss(404): Error: NSC1020: Undeclared identifier "sPreStatusKey"

dl_runtime_contract_inc.nss(404): Error: NSC1020: Undeclared identifier "sPreStatus"

dl_runtime_contract_inc.nss(404): Error: NSC1020: Undeclared identifier "sPreDiagKey"

dl_runtime_contract_inc.nss(404): Error: NSC1020: Undeclared identifier "sPreDiag"

dl_runtime_contract_inc.nss(404): Error: NSC1007: Required argument "oNpc" missing in call to "DL_SetRuntimeState"

dl_runtime_contract_inc.nss(405): Error: NSC1020: Undeclared identifier "bResetQueue"

dl_runtime_contract_inc.nss(407): Error: NSC1020: Undeclared identifier "oActor"

dl_runtime_contract_inc.nss(407): Error: NSC1007: Required argument "oActionSubject" missing in call to "AssignCommand"

dl_runtime_contract_inc.nss(410): Error: NSC1020: Undeclared identifier "nActionKind"

dl_runtime_contract_inc.nss(414): Error: NSC1020: Undeclared identifier "nActionKind"

dl_runtime_contract_inc.nss(416): Error: NSC1020: Undeclared identifier "oActor"

dl_runtime_contract_inc.nss(416): Error: NSC1020: Undeclared identifier "oTarget"

dl_runtime_contract_inc.nss(416): Error: NSC1020: Undeclared identifier "bRun"

dl_runtime_contract_inc.nss(416): Error: NSC1020: Undeclared identifier "fRange"

dl_runtime_contract_inc.nss(416): Error: NSC1020: Undeclared identifier "DL_CommandMoveToObject"

dl_runtime_contract_inc.nss(418): Error: NSC1020: Undeclared identifier "nActionKind"

dl_runtime_contract_inc.nss(420): Error: NSC1020: Undeclared identifier "oActor"

dl_runtime_contract_inc.nss(420): Error: NSC1020: Undeclared identifier "lTarget"

dl_runtime_contract_inc.nss(420): Error: NSC1020: Undeclared identifier "bRun"

dl_runtime_contract_inc.nss(420): Error: NSC1020: Undeclared identifier "DL_CommandMoveToLocation"

dl_runtime_contract_inc.nss(422): Error: NSC1020: Undeclared identifier "nActionKind"

dl_runtime_contract_inc.nss(424): Error: NSC1020: Undeclared identifier "oActor"

dl_runtime_contract_inc.nss(424): Error: NSC1020: Undeclared identifier "lTarget"

dl_runtime_contract_inc.nss(424): Error: NSC1020: Undeclared identifier "DL_CommandJumpToLocation"

dl_runtime_contract_inc.nss(426): Error: NSC1020: Undeclared identifier "nActionKind"

dl_runtime_contract_inc.nss(428): Error: NSC1020: Undeclared identifier "oActor"

dl_runtime_contract_inc.nss(428): Error: NSC1020: Undeclared identifier "oTarget"

dl_runtime_contract_inc.nss(428): Error: NSC1020: Undeclared identifier "sDialogResRef"

dl_runtime_contract_inc.nss(428): Error: NSC1020: Undeclared identifier "bPrivateConversation"

dl_runtime_contract_inc.nss(428): Error: NSC1020: Undeclared identifier "bPlayHello"

dl_runtime_contract_inc.nss(428): Error: NSC1020: Undeclared identifier "DL_CommandStartConversation"

dl_runtime_contract_inc.nss(430): Error: NSC1020: Undeclared identifier "nActionKind"

dl_runtime_contract_inc.nss(432): Error: NSC1020: Undeclared identifier "oActor"

dl_runtime_contract_inc.nss(432): Error: NSC1020: Undeclared identifier "oTarget"

dl_runtime_contract_inc.nss(432): Error: NSC1020: Undeclared identifier "DL_CommandAttack"

dl_runtime_contract_inc.nss(436): Error: NSC1080: Return statement outside the scope of a function

dl_runtime_contract_inc.nss(440): Error: NSC1020: Undeclared identifier "oActor"

dl_runtime_contract_inc.nss(441): Error: NSC1020: Undeclared identifier "sPostStatusKey"

dl_runtime_contract_inc.nss(442): Error: NSC1020: Undeclared identifier "sPostStatus"

dl_runtime_contract_inc.nss(443): Error: NSC1020: Undeclared identifier "sPostDiagKey"

dl_runtime_contract_inc.nss(444): Error: NSC1020: Undeclared identifier "sPostDiag"

dl_runtime_contract_inc.nss(446): Error: NSC1020: Undeclared identifier "nExecutionWindow"

dl_runtime_contract_inc.nss(447): Error: NSC1020: Undeclared identifier "sNoopStateKey"

dl_runtime_contract_inc.nss(449): Error: NSC1020: Undeclared identifier "sNoopStateValue"

dl_runtime_contract_inc.nss(449): Error: NSC1007: Required argument "oActor" missing in call to "DL_OnNpcActionDispatched"

dl_runtime_contract_inc.nss(451): Error: NSC1080: Return statement outside the scope of a function

dl_runtime_contract_inc.nss(550): Error: NSC1020: Undeclared identifier "OBJECT_TYPE_AREA"

dl_runtime_contract_inc.nss(551): Error: NSC1039: Not all paths return a value

dl_config_inc.nss(56): Error: NSC1003: Operator (>) not valid for specified types

dl_diag_inc.nss(6): Error: NSC1020: Undeclared identifier "DL_DIR_NONE"

dl_diag_inc.nss(10): Error: NSC1020: Undeclared identifier "DL_DIR_SLEEP"

dl_diag_inc.nss(14): Error: NSC1020: Undeclared identifier "DL_DIR_WORK"

dl_diag_inc.nss(18): Error: NSC1020: Undeclared identifier "DL_DIR_SOCIAL"

dl_diag_inc.nss(22): Error: NSC1020: Undeclared identifier "DL_DIR_MEAL"

dl_diag_inc.nss(26): Error: NSC1020: Undeclared identifier "DL_DIR_PUBLIC"

dl_diag_inc.nss(30): Error: NSC1020: Undeclared identifier "DL_DIR_CHILL"

dl_diag_inc.nss(39): Error: NSC1020: Undeclared identifier "DL_L_NPC_TRANSITION_DIAGNOSTIC"

dl_diag_inc.nss(39): Error: NSC1007: Required argument "sVarName" missing in call to "GetLocalString"

dl_diag_inc.nss(45): Error: NSC1020: Undeclared identifier "DL_L_NPC_SLEEP_DIAGNOSTIC"

dl_diag_inc.nss(45): Error: NSC1007: Required argument "sVarName" missing in call to "GetLocalString"

dl_diag_inc.nss(51): Error: NSC1020: Undeclared identifier "DL_L_NPC_WORK_DIAGNOSTIC"

dl_diag_inc.nss(51): Error: NSC1007: Required argument "sVarName" missing in call to "GetLocalString"

dl_diag_inc.nss(57): Error: NSC1020: Undeclared identifier "DL_L_NPC_FOCUS_DIAGNOSTIC"

dl_diag_inc.nss(57): Error: NSC1007: Required argument "sVarName" missing in call to "GetLocalString"

dl_diag_inc.nss(69): Error: NSC1020: Undeclared identifier "DL_L_NPC_TRANSITION_STATUS"

dl_diag_inc.nss(69): Error: NSC1007: Required argument "sVarName" missing in call to "GetLocalString"

dl_diag_inc.nss(75): Error: NSC1020: Undeclared identifier "DL_L_NPC_SLEEP_STATUS"

dl_diag_inc.nss(75): Error: NSC1007: Required argument "sVarName" missing in call to "GetLocalString"

dl_diag_inc.nss(81): Error: NSC1020: Undeclared identifier "DL_L_NPC_WORK_STATUS"

dl_diag_inc.nss(81): Error: NSC1007: Required argument "sVarName" missing in call to "GetLocalString"

dl_diag_inc.nss(87): Error: NSC1020: Undeclared identifier "DL_L_NPC_FOCUS_STATUS"

dl_diag_inc.nss(87): Error: NSC1007: Required argument "sVarName" missing in call to "GetLocalString"

dl_diag_inc.nss(115): Error: NSC1020: Undeclared identifier "DL_L_NPC_PROFILE_ID"

dl_diag_inc.nss(115): Error: NSC1007: Required argument "sVarName" missing in call to "GetLocalString"

dl_diag_inc.nss(116): Error: NSC1020: Undeclared identifier "DL_L_NPC_DIRECTIVE"

dl_diag_inc.nss(116): Error: NSC1007: Required argument "sVarName" missing in call to "GetLocalInt"

dl_diag_inc.nss(116): Error: NSC1007: Required argument "nDirective" missing in call to "DL_GetDirectiveLabel"

dl_diag_inc.nss(117): Error: NSC1020: Undeclared identifier "DL_L_NPC_STATE"

dl_diag_inc.nss(117): Error: NSC1007: Required argument "sVarName" missing in call to "GetLocalString"

dl_diag_inc.nss(119): Error: NSC1020: Undeclared identifier "DL_L_NPC_SLEEP_STATUS"

dl_diag_inc.nss(119): Error: NSC1007: Required argument "sVarName" missing in call to "GetLocalString"

dl_diag_inc.nss(120): Error: NSC1020: Undeclared identifier "DL_L_NPC_SLEEP_TARGET"

dl_diag_inc.nss(120): Error: NSC1007: Required argument "sVarName" missing in call to "GetLocalString"

dl_diag_inc.nss(121): Error: NSC1020: Undeclared identifier "DL_L_NPC_WORK_STATUS"

dl_diag_inc.nss(121): Error: NSC1007: Required argument "sVarName" missing in call to "GetLocalString"

dl_diag_inc.nss(122): Error: NSC1020: Undeclared identifier "DL_L_NPC_WORK_TARGET"

dl_diag_inc.nss(122): Error: NSC1007: Required argument "sVarName" missing in call to "GetLocalString"

dl_diag_inc.nss(123): Error: NSC1020: Undeclared identifier "DL_L_NPC_TRANSITION_STATUS"

dl_diag_inc.nss(123): Error: NSC1007: Required argument "sVarName" missing in call to "GetLocalString"

dl_diag_inc.nss(124): Error: NSC1020: Undeclared identifier "DL_L_NPC_TRANSITION_TARGET"

dl_diag_inc.nss(124): Error: NSC1007: Required argument "sVarName" missing in call to "GetLocalString"

dl_diag_inc.nss(131): Error: NSC1020: Undeclared identifier "DL_L_NPC_DIRECTIVE"

dl_diag_inc.nss(131): Error: NSC1007: Required argument "sVarName" missing in call to "GetLocalInt"

dl_diag_inc.nss(131): Error: NSC1007: Required argument "nDirective" missing in call to "DL_GetDirectiveLabel"

dl_diag_inc.nss(132): Error: NSC1020: Undeclared identifier "DL_L_NPC_STATE"

dl_diag_inc.nss(132): Error: NSC1007: Required argument "sVarName" missing in call to "GetLocalString"

dl_diag_inc.nss(134): Error: NSC1020: Undeclared identifier "DL_L_NPC_SLEEP_STATUS"

dl_diag_inc.nss(134): Error: NSC1007: Required argument "sVarName" missing in call to "GetLocalString"

dl_diag_inc.nss(135): Error: NSC1020: Undeclared identifier "DL_L_NPC_SLEEP_TARGET"

dl_diag_inc.nss(135): Error: NSC1007: Required argument "sVarName" missing in call to "GetLocalString"

dl_diag_inc.nss(136): Error: NSC1020: Undeclared identifier "DL_L_NPC_WORK_STATUS"

dl_diag_inc.nss(136): Error: NSC1007: Required argument "sVarName" missing in call to "GetLocalString"

dl_diag_inc.nss(137): Error: NSC1020: Undeclared identifier "DL_L_NPC_WORK_TARGET"

dl_diag_inc.nss(137): Error: NSC1007: Required argument "sVarName" missing in call to "GetLocalString"

dl_diag_inc.nss(138): Error: NSC1020: Undeclared identifier "DL_L_NPC_TRANSITION_STATUS"

dl_diag_inc.nss(138): Error: NSC1007: Required argument "sVarName" missing in call to "GetLocalString"

dl_diag_inc.nss(139): Error: NSC1020: Undeclared identifier "DL_L_NPC_TRANSITION_TARGET"

dl_diag_inc.nss(139): Error: NSC1007: Required argument "sVarName" missing in call to "GetLocalString"

dl_diag_inc.nss(140): Error: NSC1039: Not all paths return a value

dl_registry_inc.nss(10): Error: NSC1051: Constant "DL_TIER_WARM" must be initialized before it may be referenced

dl_registry_inc.nss(11): Error: NSC1051: Constant "DL_TIER_HOT" must be initialized before it may be referenced

dl_registry_inc.nss(70): Error: NSC1020: Undeclared identifier "DL_AddLocalInt"

dl_registry_inc.nss(71): Error: NSC1039: Not all paths return a value

dl_registry_inc.nss(166): Error: NSC1020: Undeclared identifier "DL_ShouldRunByAreaTickInterval"

dl_registry_inc.nss(763): Error: NSC1020: Undeclared identifier "DL_L_NPC_PROFILE_ID"

dl_registry_inc.nss(763): Error: NSC1007: Required argument "sVarName" missing in call to "GetLocalString"

dl_registry_inc.nss(765): Error: NSC1020: Undeclared identifier "DL_L_NPC_PROFILE_ID"

dl_registry_inc.nss(765): Error: NSC1007: Required argument "sVarName" missing in call to "SetLocalString"

dl_registry_inc.nss(767): Error: NSC1020: Undeclared identifier "DL_L_NPC_STATE"

dl_registry_inc.nss(767): Error: NSC1007: Required argument "sVarName" missing in call to "GetLocalString"

dl_registry_inc.nss(769): Error: NSC1020: Undeclared identifier "DL_L_NPC_STATE"

dl_registry_inc.nss(769): Error: NSC1007: Required argument "sVarName" missing in call to "SetLocalString"

dl_resync_inc.nss(74): Error: NSC1020: Undeclared identifier "DL_ResolveNpcDirective"

dl_resync_inc.nss(75): Error: NSC1020: Undeclared identifier "DL_ApplyDirectiveSkeleton"

dl_worker_inc.nss(43): Error: NSC1020: Undeclared identifier "DL_ClampInt"

dl_worker_inc.nss(70): Error: NSC1020: Undeclared identifier "DL_L_MODULE_WORKER_TICKS"

dl_worker_inc.nss(70): Error: NSC1007: Required argument "sKey" missing in call to "DL_IncLocalInt"

dl_worker_inc.nss(73): Error: NSC1020: Undeclared identifier "DL_L_AREA_WORKER_LAST_PROCESSED"

dl_worker_inc.nss(73): Error: NSC1007: Required argument "sVarName" missing in call to "SetLocalInt"

dl_worker_inc.nss(74): Error: NSC1020: Undeclared identifier "DL_L_MODULE_WORKER_LAST_PROCESSED"

dl_worker_inc.nss(74): Error: NSC1007: Required argument "sVarName" missing in call to "SetLocalInt"

dl_worker_inc.nss(94): Error: NSC1020: Undeclared identifier "DL_L_AREA_RESYNC_LAST_PROCESSED"

dl_worker_inc.nss(94): Error: NSC1007: Required argument "sVarName" missing in call to "SetLocalInt"

dl_worker_inc.nss(95): Error: NSC1020: Undeclared identifier "DL_L_MODULE_RESYNC_LAST_PROCESSED"

dl_worker_inc.nss(95): Error: NSC1007: Required argument "sVarName" missing in call to "SetLocalInt"

dl_worker_inc.nss(455): Error: NSC1020: Undeclared identifier "DL_ResolveNpcDirective"

dl_worker_inc.nss(456): Error: NSC1020: Undeclared identifier "DL_ApplyDirectiveSkeleton"

dl_lifecycle_inc.nss(22): Error: NSC1050: Non-constant value specified for constant "DL_NPC_RESET_DIRECTIVE_EXEC_ALL"

dl_lifecycle_inc.nss(33): Error: NSC1020: Undeclared identifier "DL_L_NPC_SLEEP_TARGET_VALID"

dl_lifecycle_inc.nss(33): Error: NSC1007: Required argument "sVarName" missing in call to "DeleteLocalInt"

dl_lifecycle_inc.nss(37): Error: NSC1020: Undeclared identifier "DL_L_NPC_WORK_TARGET"

dl_lifecycle_inc.nss(37): Error: NSC1007: Required argument "sVarName" missing in call to "DeleteLocalObject"

dl_lifecycle_inc.nss(41): Error: NSC1020: Undeclared identifier "DL_L_NPC_MEAL_TARGET"

dl_lifecycle_inc.nss(41): Error: NSC1007: Required argument "sVarName" missing in call to "DeleteLocalObject"

dl_lifecycle_inc.nss(45): Error: NSC1020: Undeclared identifier "DL_L_NPC_CHILL_TARGET"

dl_lifecycle_inc.nss(45): Error: NSC1007: Required argument "sVarName" missing in call to "DeleteLocalObject"

dl_lifecycle_inc.nss(49): Error: NSC1020: Undeclared identifier "DL_L_NPC_SOCIAL_TARGET"

dl_lifecycle_inc.nss(49): Error: NSC1007: Required argument "sVarName" missing in call to "DeleteLocalObject"

dl_lifecycle_inc.nss(50): Error: NSC1020: Undeclared identifier "DL_L_NPC_SOCIAL_PARTNER"

dl_lifecycle_inc.nss(50): Error: NSC1007: Required argument "sVarName" missing in call to "DeleteLocalObject"

dl_lifecycle_inc.nss(54): Error: NSC1020: Undeclared identifier "DL_L_NPC_PUBLIC_TARGET"

dl_lifecycle_inc.nss(54): Error: NSC1007: Required argument "sVarName" missing in call to "DeleteLocalObject"

dl_lifecycle_inc.nss(97): Error: NSC1020: Undeclared identifier "DL_L_NPC_BLOCKED_OBJ"

dl_lifecycle_inc.nss(97): Error: NSC1007: Required argument "sVarName" missing in call to "DeleteLocalObject"

dl_lifecycle_inc.nss(98): Error: NSC1020: Undeclared identifier "DL_L_NPC_BLOCKED_TAG"

dl_lifecycle_inc.nss(98): Error: NSC1007: Required argument "sVarName" missing in call to "DeleteLocalString"

dl_lifecycle_inc.nss(99): Error: NSC1020: Undeclared identifier "DL_L_NPC_BLOCKED_TYPE"

dl_lifecycle_inc.nss(99): Error: NSC1007: Required argument "sVarName" missing in call to "DeleteLocalInt"

dl_lifecycle_inc.nss(100): Error: NSC1020: Undeclared identifier "DL_L_NPC_BLOCKED_BUSY"

dl_lifecycle_inc.nss(100): Error: NSC1007: Required argument "sVarName" missing in call to "DeleteLocalInt"

dl_city_response_inc.nss(47): Error: NSC1020: Undeclared identifier "DL_ClampInt"

dl_city_response_inc.nss(55): Error: NSC1020: Undeclared identifier "DL_GetAbsoluteMinute"

dl_city_response_inc.nss(155): Error: NSC1020: Undeclared identifier "GetIsInConversation"

dl_city_response_inc.nss(155): Error: NSC1020: Undeclared identifier "GetIsInConversation"

dl_city_response_inc.nss(172): Error: NSC1020: Undeclared identifier "LOCATION_INVALID"

dl_city_response_inc.nss(185): Error: NSC1020: Undeclared identifier "DL_GetAbsoluteMinute"

dl_city_response_inc.nss(188): Error: NSC1020: Undeclared identifier "DL_OrchestrateRuntimeAction"

dl_city_response_inc.nss(189): Error: NSC1020: Undeclared identifier "LOCATION_INVALID"

dl_city_response_inc.nss(189): Error: NSC1020: Undeclared identifier "DL_OrchestrateRuntimeAction"

dl_city_response_inc.nss(193): Error: NSC1020: Undeclared identifier "LOCATION_INVALID"

dl_city_response_inc.nss(193): Error: NSC1020: Undeclared identifier "DL_OrchestrateRuntimeAction"

dl_city_response_inc.nss(200): Error: NSC1020: Undeclared identifier "DL_L_NPC_PROFILE_ID"

dl_city_response_inc.nss(200): Error: NSC1007: Required argument "sVarName" missing in call to "GetLocalString"

dl_city_response_inc.nss(200): Error: NSC1020: Undeclared identifier "DL_PROFILE_GATE_POST"

dl_city_response_inc.nss(201): Error: NSC1039: Not all paths return a value

dl_city_response_inc.nss(213): Error: NSC1020: Undeclared identifier "DL_GetAbsoluteMinute"

dl_city_response_inc.nss(243): Error: NSC1020: Undeclared identifier "DL_GetAbsoluteMinute"

dl_city_response_inc.nss(244): Error: NSC1020: Undeclared identifier "DL_IsMinuteCooldownActive"

dl_city_response_inc.nss(249): Error: NSC1020: Undeclared identifier "DL_SetMinuteCooldown"

dl_city_response_inc.nss(286): Error: NSC1020: Undeclared identifier "DL_IsMinuteCooldownActive"

dl_city_response_inc.nss(287): Error: NSC1039: Not all paths return a value

dl_city_response_inc.nss(324): Error: NSC1020: Undeclared identifier "DL_GetAbsoluteMinute"

dl_city_response_inc.nss(340): Error: NSC1020: Undeclared identifier "DL_IsMinuteCooldownActive"

dl_city_response_inc.nss(344): Error: NSC1020: Undeclared identifier "DL_SetMinuteCooldown"

dl_city_response_inc.nss(348): Error: NSC1020: Undeclared identifier "LOCATION_INVALID"

dl_city_response_inc.nss(348): Error: NSC1020: Undeclared identifier "DL_GetAbsoluteMinute"

dl_city_response_inc.nss(348): Error: NSC1020: Undeclared identifier "DL_OrchestrateRuntimeAction"

dl_legal_inc.nss(60): Error: NSC1020: Undeclared identifier "DL_GetAbsoluteMinute"

dl_legal_inc.nss(97): Error: NSC1020: Undeclared identifier "DL_GetAbsoluteMinute"

dl_legal_inc.nss(97): Error: NSC1007: Required argument "nValue" missing in call to "SetLocalInt"

dl_legal_inc.nss(112): Error: NSC1020: Undeclared identifier "DL_GetAbsoluteMinute"

dl_legal_inc.nss(148): Error: NSC1020: Undeclared identifier "DL_GetAbsoluteMinute"

dl_legal_inc.nss(148): Error: NSC1007: Required argument "nValue" missing in call to "SetLocalInt"

dl_legal_inc.nss(167): Error: NSC1020: Undeclared identifier "DL_GetAbsoluteMinute"

dl_legal_inc.nss(167): Error: NSC1007: Required argument "nValue" missing in call to "SetLocalInt"

dl_cr_crime_inc.nss(97): Error: NSC1020: Undeclared identifier "DL_GetAbsoluteMinute"

dl_cr_crime_inc.nss(145): Error: NSC1020: Undeclared identifier "DL_GetAbsoluteMinute"

dl_cr_crime_inc.nss(145): Error: NSC1007: Required argument "nValue" missing in call to "SetLocalInt"

dl_cr_crime_inc.nss(232): Error: NSC1020: Undeclared identifier "DL_GetAbsoluteMinute"

dl_cr_crime_inc.nss(233): Error: NSC1020: Undeclared identifier "DL_IsMinuteCooldownActive"

dl_cr_crime_inc.nss(237): Error: NSC1020: Undeclared identifier "DL_SetMinuteCooldown"

dl_cr_crime_inc.nss(284): Error: NSC1020: Undeclared identifier "DL_SELECTION_SCORE_INF"

dl_cr_crime_inc.nss(285): Error: NSC1020: Undeclared identifier "DL_SELECTION_SCORE_INF"

dl_cr_crime_inc.nss(314): Error: NSC1020: Undeclared identifier "DL_SelectionBuildTieKey"

dl_cr_crime_inc.nss(315): Error: NSC1020: Undeclared identifier "DL_SelectionCompare"

dl_cr_crime_inc.nss(324): Error: NSC1020: Undeclared identifier "DL_SelectionCompare"

dl_cr_crime_inc.nss(342): Error: NSC1020: Undeclared identifier "DL_GetAbsoluteMinute"

dl_cr_crime_inc.nss(351): Error: NSC1020: Undeclared identifier "LOCATION_INVALID"

dl_cr_crime_inc.nss(351): Error: NSC1020: Undeclared identifier "DL_GetAbsoluteMinute"

dl_cr_crime_inc.nss(351): Error: NSC1020: Undeclared identifier "DL_OrchestrateRuntimeAction"

dl_cr_crime_inc.nss(365): Error: NSC1020: Undeclared identifier "LOCATION_INVALID"

dl_cr_crime_inc.nss(365): Error: NSC1020: Undeclared identifier "DL_GetAbsoluteMinute"

dl_cr_crime_inc.nss(365): Error: NSC1020: Undeclared identifier "DL_OrchestrateRuntimeAction"

dl_cr_crime_inc.nss(369): Error: NSC1020: Undeclared identifier "LOCATION_INVALID"

dl_cr_crime_inc.nss(369): Error: NSC1020: Undeclared identifier "DL_GetAbsoluteMinute"

dl_cr_crime_inc.nss(369): Error: NSC1020: Undeclared identifier "DL_OrchestrateRuntimeAction"

dl_cr_crime_inc.nss(398): Error: NSC1020: Undeclared identifier "DL_PipelineUpdateDiagnostic"

dl_cr_crime_inc.nss(408): Error: NSC1020: Undeclared identifier "DL_GetAbsoluteMinute"

dl_cr_crime_inc.nss(408): Error: NSC1007: Required argument "nUntilAbsMin" missing in call to "DL_CR_SetDetainPending"

dl_cr_crime_inc.nss(415): Error: NSC1020: Undeclared identifier "DL_PipelineUpdateDiagnostic"

dl_cr_crime_inc.nss(444): Error: NSC1020: Undeclared identifier "DL_CR_EVT_PICKPOCKET"

dl_cr_crime_inc.nss(444): Error: NSC1020: Undeclared identifier "DL_CR_EVT_CONTAINER_THEFT"

dl_cr_crime_inc.nss(462): Error: NSC1020: Undeclared identifier "DL_GetAbsoluteMinute"

dl_cr_crime_inc.nss(480): Error: NSC1020: Undeclared identifier "DL_GetAbsoluteMinute"

dl_cr_crime_inc.nss(531): Error: NSC1020: Undeclared identifier "DL_CR_EVT_DOOR_LOCKPICK"

dl_cr_crime_inc.nss(535): Error: NSC1020: Undeclared identifier "DL_CR_EVT_PLACEABLE_LOCKPICK"

dl_cr_crime_inc.nss(541): Error: NSC1020: Undeclared identifier "DL_CR_EVT_RESTRICTED_ENTRY"

dl_cr_crime_inc.nss(588): Error: NSC1020: Undeclared identifier "DL_CR_EVT_RESTRICTED_ENTRY"

dl_cr_crime_inc.nss(588): Error: NSC1007: Required argument "sKind" missing in call to "DL_CR_RegisterCrimeIncident"

dl_cr_crime_inc.nss(605): Error: NSC1020: Undeclared identifier "DL_GetAbsoluteMinute"

dl_cr_crime_inc.nss(605): Error: NSC1020: Undeclared identifier "DL_OrchestrateRuntimeAction"

dl_cr_crime_inc.nss(626): Error: NSC1020: Undeclared identifier "LOCATION_INVALID"

dl_cr_crime_inc.nss(626): Error: NSC1020: Undeclared identifier "DL_GetAbsoluteMinute"

dl_cr_crime_inc.nss(626): Error: NSC1020: Undeclared identifier "DL_OrchestrateRuntimeAction"

dl_cr_crime_inc.nss(637): Error: NSC1020: Undeclared identifier "DL_GetAbsoluteMinute"

dl_cr_crime_inc.nss(637): Error: NSC1007: Required argument "nUntilAbsMin" missing in call to "DL_CR_SetDetainPending"

dl_cr_crime_inc.nss(643): Error: NSC1020: Undeclared identifier "LOCATION_INVALID"

dl_cr_crime_inc.nss(643): Error: NSC1020: Undeclared identifier "DL_GetAbsoluteMinute"

dl_cr_crime_inc.nss(643): Error: NSC1020: Undeclared identifier "DL_OrchestrateRuntimeAction"

Compilation aborted with errors.

Processing aborted.

Total Execution time = 16ms

Running mode 'check' for 'D:\a\COMPILATOR\COMPILATOR\daily_life\dl_dbg_time.nss' from 'D:\a\COMPILATOR\COMPILATOR\tools\nwn2_compiler\bin': D:\a\COMPILATOR\COMPILATOR\tools\nwn2_compiler\bin\NWNScriptCompiler.exe -c -a -i D:\a\COMPILATOR\COMPILATOR\daily_life -i D:\a\COMPILATOR\COMPILATOR\tools\nwn2_compiler\stock_scripts -b D:\a\COMPILATOR\COMPILATOR\artifacts\ncc D:\a\COMPILATOR\COMPILATOR\daily_life\dl_dbg_time.nss
NWNScriptCompiler - built Jan 29 2014 19:24:04
Copyright (C) 2008-2014 Skywing.
Portions copyright (C) 2002-2003, Edward T. Smith.
Portions copyright (C) 2003, The Open Knights Consortium.
Compiling: dl_dbg_time.NSS

dl_runtime_contract_inc.nss(196): Error: NSC1020: Undeclared identifier "DL_LogChatDebugEvent"

dl_runtime_contract_inc.nss(244): Error: NSC1020: Undeclared identifier "DL_IsAreaObject"

dl_runtime_contract_inc.nss(245): Error: NSC1039: Not all paths return a value

dl_runtime_contract_inc.nss(254): Error: NSC1020: Undeclared identifier "DL_GetAreaTier"

dl_runtime_contract_inc.nss(255): Error: NSC1020: Undeclared identifier "DL_TIER_HOT"

dl_runtime_contract_inc.nss(255): Error: NSC1020: Undeclared identifier "DL_TIER_WARM"

dl_runtime_contract_inc.nss(256): Error: NSC1039: Not all paths return a value

dl_runtime_contract_inc.nss(265): Error: NSC1020: Undeclared identifier "DL_GetAreaTier"

dl_runtime_contract_inc.nss(265): Error: NSC1020: Undeclared identifier "DL_TIER_WARM"

dl_runtime_contract_inc.nss(266): Error: NSC1039: Not all paths return a value

dl_runtime_contract_inc.nss(275): Error: NSC1020: Undeclared identifier "DL_GetAreaTier"

dl_runtime_contract_inc.nss(275): Error: NSC1020: Undeclared identifier "DL_TIER_HOT"

dl_runtime_contract_inc.nss(276): Error: NSC1039: Not all paths return a value

dl_runtime_contract_inc.nss(369): Error: NSC1020: Undeclared identifier "LOCATION_INVALID"

dl_runtime_contract_inc.nss(389): Error: NSC1020: Undeclared identifier "oActor"

dl_runtime_contract_inc.nss(389): Error: NSC1007: Required argument "oObject" missing in call to "GetIsObjectValid"

dl_runtime_contract_inc.nss(391): Error: NSC1080: Return statement outside the scope of a function

dl_runtime_contract_inc.nss(394): Error: NSC1020: Undeclared identifier "sNoopStateKey"

dl_runtime_contract_inc.nss(394): Error: NSC1020: Undeclared identifier "sNoopStateValue"

dl_runtime_contract_inc.nss(394): Error: NSC1020: Undeclared identifier "nExecutionWindow"

dl_runtime_contract_inc.nss(396): Error: NSC1020: Undeclared identifier "oActor"

dl_runtime_contract_inc.nss(396): Error: NSC1020: Undeclared identifier "sNoopStateKey"

dl_runtime_contract_inc.nss(396): Error: NSC1007: Required argument "oObject" missing in call to "GetLocalString"

dl_runtime_contract_inc.nss(396): Error: NSC1020: Undeclared identifier "sNoopStateValue"

dl_runtime_contract_inc.nss(397): Error: NSC1020: Undeclared identifier "oActor"

dl_runtime_contract_inc.nss(397): Error: NSC1007: Required argument "oObject" missing in call to "GetLocalInt"

dl_runtime_contract_inc.nss(397): Error: NSC1020: Undeclared identifier "nExecutionWindow"

dl_runtime_contract_inc.nss(398): Error: NSC1020: Undeclared identifier "oActor"

dl_runtime_contract_inc.nss(398): Error: NSC1007: Required argument "oObject" missing in call to "GetLocalString"

dl_runtime_contract_inc.nss(398): Error: NSC1020: Undeclared identifier "sNoopStateValue"

dl_runtime_contract_inc.nss(400): Error: NSC1080: Return statement outside the scope of a function

dl_runtime_contract_inc.nss(404): Error: NSC1020: Undeclared identifier "oActor"

dl_runtime_contract_inc.nss(404): Error: NSC1020: Undeclared identifier "sPreStatusKey"

dl_runtime_contract_inc.nss(404): Error: NSC1020: Undeclared identifier "sPreStatus"

dl_runtime_contract_inc.nss(404): Error: NSC1020: Undeclared identifier "sPreDiagKey"

dl_runtime_contract_inc.nss(404): Error: NSC1020: Undeclared identifier "sPreDiag"

dl_runtime_contract_inc.nss(404): Error: NSC1007: Required argument "oNpc" missing in call to "DL_SetRuntimeState"

dl_runtime_contract_inc.nss(405): Error: NSC1020: Undeclared identifier "bResetQueue"

dl_runtime_contract_inc.nss(407): Error: NSC1020: Undeclared identifier "oActor"

dl_runtime_contract_inc.nss(407): Error: NSC1007: Required argument "oActionSubject" missing in call to "AssignCommand"

dl_runtime_contract_inc.nss(410): Error: NSC1020: Undeclared identifier "nActionKind"

dl_runtime_contract_inc.nss(414): Error: NSC1020: Undeclared identifier "nActionKind"

dl_runtime_contract_inc.nss(416): Error: NSC1020: Undeclared identifier "oActor"

dl_runtime_contract_inc.nss(416): Error: NSC1020: Undeclared identifier "oTarget"

dl_runtime_contract_inc.nss(416): Error: NSC1020: Undeclared identifier "bRun"

dl_runtime_contract_inc.nss(416): Error: NSC1020: Undeclared identifier "fRange"

dl_runtime_contract_inc.nss(416): Error: NSC1020: Undeclared identifier "DL_CommandMoveToObject"

dl_runtime_contract_inc.nss(418): Error: NSC1020: Undeclared identifier "nActionKind"

dl_runtime_contract_inc.nss(420): Error: NSC1020: Undeclared identifier "oActor"

dl_runtime_contract_inc.nss(420): Error: NSC1020: Undeclared identifier "lTarget"

dl_runtime_contract_inc.nss(420): Error: NSC1020: Undeclared identifier "bRun"

dl_runtime_contract_inc.nss(420): Error: NSC1020: Undeclared identifier "DL_CommandMoveToLocation"

dl_runtime_contract_inc.nss(422): Error: NSC1020: Undeclared identifier "nActionKind"

dl_runtime_contract_inc.nss(424): Error: NSC1020: Undeclared identifier "oActor"

dl_runtime_contract_inc.nss(424): Error: NSC1020: Undeclared identifier "lTarget"

dl_runtime_contract_inc.nss(424): Error: NSC1020: Undeclared identifier "DL_CommandJumpToLocation"

dl_runtime_contract_inc.nss(426): Error: NSC1020: Undeclared identifier "nActionKind"

dl_runtime_contract_inc.nss(428): Error: NSC1020: Undeclared identifier "oActor"

dl_runtime_contract_inc.nss(428): Error: NSC1020: Undeclared identifier "oTarget"

dl_runtime_contract_inc.nss(428): Error: NSC1020: Undeclared identifier "sDialogResRef"

dl_runtime_contract_inc.nss(428): Error: NSC1020: Undeclared identifier "bPrivateConversation"

dl_runtime_contract_inc.nss(428): Error: NSC1020: Undeclared identifier "bPlayHello"

dl_runtime_contract_inc.nss(428): Error: NSC1020: Undeclared identifier "DL_CommandStartConversation"

dl_runtime_contract_inc.nss(430): Error: NSC1020: Undeclared identifier "nActionKind"

dl_runtime_contract_inc.nss(432): Error: NSC1020: Undeclared identifier "oActor"

dl_runtime_contract_inc.nss(432): Error: NSC1020: Undeclared identifier "oTarget"

dl_runtime_contract_inc.nss(432): Error: NSC1020: Undeclared identifier "DL_CommandAttack"

dl_runtime_contract_inc.nss(436): Error: NSC1080: Return statement outside the scope of a function

dl_runtime_contract_inc.nss(440): Error: NSC1020: Undeclared identifier "oActor"

dl_runtime_contract_inc.nss(441): Error: NSC1020: Undeclared identifier "sPostStatusKey"

dl_runtime_contract_inc.nss(442): Error: NSC1020: Undeclared identifier "sPostStatus"

dl_runtime_contract_inc.nss(443): Error: NSC1020: Undeclared identifier "sPostDiagKey"

dl_runtime_contract_inc.nss(444): Error: NSC1020: Undeclared identifier "sPostDiag"

dl_runtime_contract_inc.nss(446): Error: NSC1020: Undeclared identifier "nExecutionWindow"

dl_runtime_contract_inc.nss(447): Error: NSC1020: Undeclared identifier "sNoopStateKey"

dl_runtime_contract_inc.nss(449): Error: NSC1020: Undeclared identifier "sNoopStateValue"

dl_runtime_contract_inc.nss(449): Error: NSC1007: Required argument "oActor" missing in call to "DL_OnNpcActionDispatched"

dl_runtime_contract_inc.nss(451): Error: NSC1080: Return statement outside the scope of a function

dl_runtime_contract_inc.nss(550): Error: NSC1020: Undeclared identifier "OBJECT_TYPE_AREA"

dl_runtime_contract_inc.nss(551): Error: NSC1039: Not all paths return a value

dl_diag_inc.nss(6): Error: NSC1020: Undeclared identifier "DL_DIR_NONE"

dl_diag_inc.nss(10): Error: NSC1020: Undeclared identifier "DL_DIR_SLEEP"

dl_diag_inc.nss(14): Error: NSC1020: Undeclared identifier "DL_DIR_WORK"

dl_diag_inc.nss(18): Error: NSC1020: Undeclared identifier "DL_DIR_SOCIAL"

dl_diag_inc.nss(22): Error: NSC1020: Undeclared identifier "DL_DIR_MEAL"

dl_diag_inc.nss(26): Error: NSC1020: Undeclared identifier "DL_DIR_PUBLIC"

dl_diag_inc.nss(30): Error: NSC1020: Undeclared identifier "DL_DIR_CHILL"

dl_diag_inc.nss(39): Error: NSC1020: Undeclared identifier "DL_L_NPC_TRANSITION_DIAGNOSTIC"

dl_diag_inc.nss(39): Error: NSC1007: Required argument "sVarName" missing in call to "GetLocalString"

dl_diag_inc.nss(45): Error: NSC1020: Undeclared identifier "DL_L_NPC_SLEEP_DIAGNOSTIC"

dl_diag_inc.nss(45): Error: NSC1007: Required argument "sVarName" missing in call to "GetLocalString"

dl_diag_inc.nss(51): Error: NSC1020: Undeclared identifier "DL_L_NPC_WORK_DIAGNOSTIC"

dl_diag_inc.nss(51): Error: NSC1007: Required argument "sVarName" missing in call to "GetLocalString"

dl_diag_inc.nss(57): Error: NSC1020: Undeclared identifier "DL_L_NPC_FOCUS_DIAGNOSTIC"

dl_diag_inc.nss(57): Error: NSC1007: Required argument "sVarName" missing in call to "GetLocalString"

dl_diag_inc.nss(69): Error: NSC1020: Undeclared identifier "DL_L_NPC_TRANSITION_STATUS"

dl_diag_inc.nss(69): Error: NSC1007: Required argument "sVarName" missing in call to "GetLocalString"

dl_diag_inc.nss(75): Error: NSC1020: Undeclared identifier "DL_L_NPC_SLEEP_STATUS"

dl_diag_inc.nss(75): Error: NSC1007: Required argument "sVarName" missing in call to "GetLocalString"

dl_diag_inc.nss(81): Error: NSC1020: Undeclared identifier "DL_L_NPC_WORK_STATUS"

dl_diag_inc.nss(81): Error: NSC1007: Required argument "sVarName" missing in call to "GetLocalString"

dl_diag_inc.nss(87): Error: NSC1020: Undeclared identifier "DL_L_NPC_FOCUS_STATUS"

dl_diag_inc.nss(87): Error: NSC1007: Required argument "sVarName" missing in call to "GetLocalString"

dl_diag_inc.nss(115): Error: NSC1020: Undeclared identifier "DL_L_NPC_PROFILE_ID"

dl_diag_inc.nss(115): Error: NSC1007: Required argument "sVarName" missing in call to "GetLocalString"

dl_diag_inc.nss(116): Error: NSC1020: Undeclared identifier "DL_L_NPC_DIRECTIVE"

dl_diag_inc.nss(116): Error: NSC1007: Required argument "sVarName" missing in call to "GetLocalInt"

dl_diag_inc.nss(116): Error: NSC1007: Required argument "nDirective" missing in call to "DL_GetDirectiveLabel"

dl_diag_inc.nss(117): Error: NSC1020: Undeclared identifier "DL_L_NPC_STATE"

dl_diag_inc.nss(117): Error: NSC1007: Required argument "sVarName" missing in call to "GetLocalString"

dl_diag_inc.nss(119): Error: NSC1020: Undeclared identifier "DL_L_NPC_SLEEP_STATUS"

dl_diag_inc.nss(119): Error: NSC1007: Required argument "sVarName" missing in call to "GetLocalString"

dl_diag_inc.nss(120): Error: NSC1020: Undeclared identifier "DL_L_NPC_SLEEP_TARGET"

dl_diag_inc.nss(120): Error: NSC1007: Required argument "sVarName" missing in call to "GetLocalString"

dl_diag_inc.nss(121): Error: NSC1020: Undeclared identifier "DL_L_NPC_WORK_STATUS"

dl_diag_inc.nss(121): Error: NSC1007: Required argument "sVarName" missing in call to "GetLocalString"

dl_diag_inc.nss(122): Error: NSC1020: Undeclared identifier "DL_L_NPC_WORK_TARGET"

dl_diag_inc.nss(122): Error: NSC1007: Required argument "sVarName" missing in call to "GetLocalString"

dl_diag_inc.nss(123): Error: NSC1020: Undeclared identifier "DL_L_NPC_TRANSITION_STATUS"

dl_diag_inc.nss(123): Error: NSC1007: Required argument "sVarName" missing in call to "GetLocalString"

dl_diag_inc.nss(124): Error: NSC1020: Undeclared identifier "DL_L_NPC_TRANSITION_TARGET"

dl_diag_inc.nss(124): Error: NSC1007: Required argument "sVarName" missing in call to "GetLocalString"

dl_diag_inc.nss(131): Error: NSC1020: Undeclared identifier "DL_L_NPC_DIRECTIVE"

dl_diag_inc.nss(131): Error: NSC1007: Required argument "sVarName" missing in call to "GetLocalInt"

dl_diag_inc.nss(131): Error: NSC1007: Required argument "nDirective" missing in call to "DL_GetDirectiveLabel"

dl_diag_inc.nss(132): Error: NSC1020: Undeclared identifier "DL_L_NPC_STATE"

dl_diag_inc.nss(132): Error: NSC1007: Required argument "sVarName" missing in call to "GetLocalString"

dl_diag_inc.nss(134): Error: NSC1020: Undeclared identifier "DL_L_NPC_SLEEP_STATUS"

dl_diag_inc.nss(134): Error: NSC1007: Required argument "sVarName" missing in call to "GetLocalString"

dl_diag_inc.nss(135): Error: NSC1020: Undeclared identifier "DL_L_NPC_SLEEP_TARGET"

dl_diag_inc.nss(135): Error: NSC1007: Required argument "sVarName" missing in call to "GetLocalString"

dl_diag_inc.nss(136): Error: NSC1020: Undeclared identifier "DL_L_NPC_WORK_STATUS"

dl_diag_inc.nss(136): Error: NSC1007: Required argument "sVarName" missing in call to "GetLocalString"

dl_diag_inc.nss(137): Error: NSC1020: Undeclared identifier "DL_L_NPC_WORK_TARGET"

dl_diag_inc.nss(137): Error: NSC1007: Required argument "sVarName" missing in call to "GetLocalString"

dl_diag_inc.nss(138): Error: NSC1020: Undeclared identifier "DL_L_NPC_TRANSITION_STATUS"

dl_diag_inc.nss(138): Error: NSC1007: Required argument "sVarName" missing in call to "GetLocalString"

dl_diag_inc.nss(139): Error: NSC1020: Undeclared identifier "DL_L_NPC_TRANSITION_TARGET"

dl_diag_inc.nss(139): Error: NSC1007: Required argument "sVarName" missing in call to "GetLocalString"

dl_diag_inc.nss(140): Error: NSC1039: Not all paths return a value

dl_dbg_time.nss(25): Error: NSC1020: Undeclared identifier "DL_DIR_SLEEP"

dl_dbg_time.nss(29): Error: NSC1020: Undeclared identifier "DL_DIR_WORK"

dl_dbg_time.nss(33): Error: NSC1020: Undeclared identifier "DL_DIR_SOCIAL"

dl_dbg_time.nss(37): Error: NSC1020: Undeclared identifier "DL_DIR_MEAL"

dl_dbg_time.nss(41): Error: NSC1020: Undeclared identifier "DL_DIR_PUBLIC"

dl_dbg_time.nss(45): Error: NSC1020: Undeclared identifier "DL_DIR_CHILL"

dl_dbg_time.nss(70): Error: NSC1020: Undeclared identifier "DL_L_NPC_PROFILE_ID"

dl_dbg_time.nss(70): Error: NSC1007: Required argument "sVarName" missing in call to "GetLocalString"

dl_dbg_time.nss(116): Error: NSC1020: Undeclared identifier "DL_ResolveNpcDirective"

dl_dbg_time.nss(117): Error: NSC1020: Undeclared identifier "DL_L_NPC_DIRECTIVE"

dl_dbg_time.nss(117): Error: NSC1007: Required argument "sVarName" missing in call to "GetLocalInt"

dl_dbg_time.nss(121): Error: NSC1020: Undeclared identifier "DL_L_NPC_PROFILE_ID"

dl_dbg_time.nss(121): Error: NSC1007: Required argument "sVarName" missing in call to "GetLocalString"

dl_dbg_time.nss(127): Error: NSC1020: Undeclared identifier "DL_L_NPC_STATE"

dl_dbg_time.nss(127): Error: NSC1007: Required argument "sVarName" missing in call to "GetLocalString"

dl_dbg_time.nss(131): Error: NSC1020: Undeclared identifier "DL_L_NPC_SLEEP_STATUS"

dl_dbg_time.nss(131): Error: NSC1007: Required argument "sVarName" missing in call to "GetLocalString"

dl_dbg_time.nss(132): Error: NSC1020: Undeclared identifier "DL_L_NPC_SLEEP_TARGET"

dl_dbg_time.nss(132): Error: NSC1007: Required argument "sVarName" missing in call to "GetLocalString"

dl_dbg_time.nss(133): Error: NSC1020: Undeclared identifier "DL_L_NPC_SLEEP_DIAGNOSTIC"

dl_dbg_time.nss(133): Error: NSC1007: Required argument "sVarName" missing in call to "GetLocalString"

dl_dbg_time.nss(136): Error: NSC1020: Undeclared identifier "DL_L_NPC_WORK_STATUS"

dl_dbg_time.nss(136): Error: NSC1007: Required argument "sVarName" missing in call to "GetLocalString"

dl_dbg_time.nss(137): Error: NSC1020: Undeclared identifier "DL_L_NPC_WORK_TARGET"

dl_dbg_time.nss(137): Error: NSC1007: Required argument "sVarName" missing in call to "GetLocalString"

dl_dbg_time.nss(138): Error: NSC1020: Undeclared identifier "DL_L_NPC_WORK_DIAGNOSTIC"

dl_dbg_time.nss(138): Error: NSC1007: Required argument "sVarName" missing in call to "GetLocalString"

dl_dbg_time.nss(141): Error: NSC1020: Undeclared identifier "DL_L_NPC_FOCUS_STATUS"

dl_dbg_time.nss(141): Error: NSC1007: Required argument "sVarName" missing in call to "GetLocalString"

dl_dbg_time.nss(142): Error: NSC1020: Undeclared identifier "DL_L_NPC_FOCUS_TARGET"

dl_dbg_time.nss(142): Error: NSC1007: Required argument "sVarName" missing in call to "GetLocalString"

dl_dbg_time.nss(143): Error: NSC1020: Undeclared identifier "DL_L_NPC_FOCUS_DIAGNOSTIC"

dl_dbg_time.nss(143): Error: NSC1007: Required argument "sVarName" missing in call to "GetLocalString"

dl_dbg_time.nss(146): Error: NSC1020: Undeclared identifier "DL_L_NPC_TRANSITION_STATUS"

dl_dbg_time.nss(146): Error: NSC1007: Required argument "sVarName" missing in call to "GetLocalString"

dl_dbg_time.nss(147): Error: NSC1020: Undeclared identifier "DL_L_NPC_TRANSITION_TARGET"

dl_dbg_time.nss(147): Error: NSC1007: Required argument "sVarName" missing in call to "GetLocalString"

dl_dbg_time.nss(148): Error: NSC1020: Undeclared identifier "DL_L_NPC_TRANSITION_DIAGNOSTIC"

dl_dbg_time.nss(148): Error: NSC1007: Required argument "sVarName" missing in call to "GetLocalString"

Compilation aborted with errors.

Processing aborted.

Total Execution time = 15ms

Running mode 'check' for 'D:\a\COMPILATOR\COMPILATOR\daily_life\dl_death.nss' from 'D:\a\COMPILATOR\COMPILATOR\tools\nwn2_compiler\bin': D:\a\COMPILATOR\COMPILATOR\tools\nwn2_compiler\bin\NWNScriptCompiler.exe -c -a -i D:\a\COMPILATOR\COMPILATOR\daily_life -i D:\a\COMPILATOR\COMPILATOR\tools\nwn2_compiler\stock_scripts -b D:\a\COMPILATOR\COMPILATOR\artifacts\ncc D:\a\COMPILATOR\COMPILATOR\daily_life\dl_death.nss
NWNScriptCompiler - built Jan 29 2014 19:24:04
Copyright (C) 2008-2014 Skywing.
Portions copyright (C) 2002-2003, Edward T. Smith.
Portions copyright (C) 2003, The Open Knights Consortium.
Compiling: dl_death.NSS

dl_runtime_contract_inc.nss(196): Error: NSC1020: Undeclared identifier "DL_LogChatDebugEvent"

dl_runtime_contract_inc.nss(244): Error: NSC1020: Undeclared identifier "DL_IsAreaObject"

dl_runtime_contract_inc.nss(245): Error: NSC1039: Not all paths return a value

dl_runtime_contract_inc.nss(254): Error: NSC1020: Undeclared identifier "DL_GetAreaTier"

dl_runtime_contract_inc.nss(265): Error: NSC1020: Undeclared identifier "DL_GetAreaTier"

dl_runtime_contract_inc.nss(266): Error: NSC1039: Not all paths return a value

dl_runtime_contract_inc.nss(275): Error: NSC1020: Undeclared identifier "DL_GetAreaTier"

dl_runtime_contract_inc.nss(276): Error: NSC1039: Not all paths return a value

dl_runtime_contract_inc.nss(369): Error: NSC1020: Undeclared identifier "LOCATION_INVALID"

dl_runtime_contract_inc.nss(389): Error: NSC1020: Undeclared identifier "oActor"

dl_runtime_contract_inc.nss(389): Error: NSC1007: Required argument "oObject" missing in call to "GetIsObjectValid"

dl_runtime_contract_inc.nss(391): Error: NSC1080: Return statement outside the scope of a function

dl_runtime_contract_inc.nss(394): Error: NSC1020: Undeclared identifier "sNoopStateKey"

dl_runtime_contract_inc.nss(394): Error: NSC1020: Undeclared identifier "sNoopStateValue"

dl_runtime_contract_inc.nss(394): Error: NSC1020: Undeclared identifier "nExecutionWindow"

dl_runtime_contract_inc.nss(396): Error: NSC1020: Undeclared identifier "oActor"

dl_runtime_contract_inc.nss(396): Error: NSC1020: Undeclared identifier "sNoopStateKey"

dl_runtime_contract_inc.nss(396): Error: NSC1007: Required argument "oObject" missing in call to "GetLocalString"

dl_runtime_contract_inc.nss(396): Error: NSC1020: Undeclared identifier "sNoopStateValue"

dl_runtime_contract_inc.nss(397): Error: NSC1020: Undeclared identifier "oActor"

dl_runtime_contract_inc.nss(397): Error: NSC1007: Required argument "oObject" missing in call to "GetLocalInt"

dl_runtime_contract_inc.nss(397): Error: NSC1020: Undeclared identifier "nExecutionWindow"

dl_runtime_contract_inc.nss(398): Error: NSC1020: Undeclared identifier "oActor"

dl_runtime_contract_inc.nss(398): Error: NSC1007: Required argument "oObject" missing in call to "GetLocalString"

dl_runtime_contract_inc.nss(398): Error: NSC1020: Undeclared identifier "sNoopStateValue"

dl_runtime_contract_inc.nss(400): Error: NSC1080: Return statement outside the scope of a function

dl_runtime_contract_inc.nss(404): Error: NSC1020: Undeclared identifier "oActor"

dl_runtime_contract_inc.nss(404): Error: NSC1020: Undeclared identifier "sPreStatusKey"

dl_runtime_contract_inc.nss(404): Error: NSC1020: Undeclared identifier "sPreStatus"

dl_runtime_contract_inc.nss(404): Error: NSC1020: Undeclared identifier "sPreDiagKey"

dl_runtime_contract_inc.nss(404): Error: NSC1020: Undeclared identifier "sPreDiag"

dl_runtime_contract_inc.nss(404): Error: NSC1007: Required argument "oNpc" missing in call to "DL_SetRuntimeState"

dl_runtime_contract_inc.nss(405): Error: NSC1020: Undeclared identifier "bResetQueue"

dl_runtime_contract_inc.nss(407): Error: NSC1020: Undeclared identifier "oActor"

dl_runtime_contract_inc.nss(407): Error: NSC1007: Required argument "oActionSubject" missing in call to "AssignCommand"

dl_runtime_contract_inc.nss(410): Error: NSC1020: Undeclared identifier "nActionKind"

dl_runtime_contract_inc.nss(414): Error: NSC1020: Undeclared identifier "nActionKind"

dl_runtime_contract_inc.nss(416): Error: NSC1020: Undeclared identifier "oActor"

dl_runtime_contract_inc.nss(416): Error: NSC1020: Undeclared identifier "oTarget"

dl_runtime_contract_inc.nss(416): Error: NSC1020: Undeclared identifier "bRun"

dl_runtime_contract_inc.nss(416): Error: NSC1020: Undeclared identifier "fRange"

dl_runtime_contract_inc.nss(416): Error: NSC1020: Undeclared identifier "DL_CommandMoveToObject"

dl_runtime_contract_inc.nss(418): Error: NSC1020: Undeclared identifier "nActionKind"

dl_runtime_contract_inc.nss(420): Error: NSC1020: Undeclared identifier "oActor"

dl_runtime_contract_inc.nss(420): Error: NSC1020: Undeclared identifier "lTarget"

dl_runtime_contract_inc.nss(420): Error: NSC1020: Undeclared identifier "bRun"

dl_runtime_contract_inc.nss(420): Error: NSC1020: Undeclared identifier "DL_CommandMoveToLocation"

dl_runtime_contract_inc.nss(422): Error: NSC1020: Undeclared identifier "nActionKind"

dl_runtime_contract_inc.nss(424): Error: NSC1020: Undeclared identifier "oActor"

dl_runtime_contract_inc.nss(424): Error: NSC1020: Undeclared identifier "lTarget"

dl_runtime_contract_inc.nss(424): Error: NSC1020: Undeclared identifier "DL_CommandJumpToLocation"

dl_runtime_contract_inc.nss(426): Error: NSC1020: Undeclared identifier "nActionKind"

dl_runtime_contract_inc.nss(428): Error: NSC1020: Undeclared identifier "oActor"

dl_runtime_contract_inc.nss(428): Error: NSC1020: Undeclared identifier "oTarget"

dl_runtime_contract_inc.nss(428): Error: NSC1020: Undeclared identifier "sDialogResRef"

dl_runtime_contract_inc.nss(428): Error: NSC1020: Undeclared identifier "bPrivateConversation"

dl_runtime_contract_inc.nss(428): Error: NSC1020: Undeclared identifier "bPlayHello"

dl_runtime_contract_inc.nss(428): Error: NSC1020: Undeclared identifier "DL_CommandStartConversation"

dl_runtime_contract_inc.nss(430): Error: NSC1020: Undeclared identifier "nActionKind"

dl_runtime_contract_inc.nss(432): Error: NSC1020: Undeclared identifier "oActor"

dl_runtime_contract_inc.nss(432): Error: NSC1020: Undeclared identifier "oTarget"

dl_runtime_contract_inc.nss(432): Error: NSC1020: Undeclared identifier "DL_CommandAttack"

dl_runtime_contract_inc.nss(436): Error: NSC1080: Return statement outside the scope of a function

dl_runtime_contract_inc.nss(440): Error: NSC1020: Undeclared identifier "oActor"

dl_runtime_contract_inc.nss(441): Error: NSC1020: Undeclared identifier "sPostStatusKey"

dl_runtime_contract_inc.nss(442): Error: NSC1020: Undeclared identifier "sPostStatus"

dl_runtime_contract_inc.nss(443): Error: NSC1020: Undeclared identifier "sPostDiagKey"

dl_runtime_contract_inc.nss(444): Error: NSC1020: Undeclared identifier "sPostDiag"

dl_runtime_contract_inc.nss(446): Error: NSC1020: Undeclared identifier "nExecutionWindow"

dl_runtime_contract_inc.nss(447): Error: NSC1020: Undeclared identifier "sNoopStateKey"

dl_runtime_contract_inc.nss(449): Error: NSC1020: Undeclared identifier "sNoopStateValue"

dl_runtime_contract_inc.nss(449): Error: NSC1007: Required argument "oActor" missing in call to "DL_OnNpcActionDispatched"

dl_runtime_contract_inc.nss(451): Error: NSC1080: Return statement outside the scope of a function

dl_runtime_contract_inc.nss(550): Error: NSC1020: Undeclared identifier "OBJECT_TYPE_AREA"

dl_runtime_contract_inc.nss(551): Error: NSC1039: Not all paths return a value

dl_config_inc.nss(56): Error: NSC1003: Operator (>) not valid for specified types

dl_diag_inc.nss(6): Error: NSC1020: Undeclared identifier "DL_DIR_NONE"

dl_diag_inc.nss(10): Error: NSC1020: Undeclared identifier "DL_DIR_SLEEP"

dl_diag_inc.nss(14): Error: NSC1020: Undeclared identifier "DL_DIR_WORK"

dl_diag_inc.nss(18): Error: NSC1020: Undeclared identifier "DL_DIR_SOCIAL"

dl_diag_inc.nss(22): Error: NSC1020: Undeclared identifier "DL_DIR_MEAL"

dl_diag_inc.nss(26): Error: NSC1020: Undeclared identifier "DL_DIR_PUBLIC"

dl_diag_inc.nss(30): Error: NSC1020: Undeclared identifier "DL_DIR_CHILL"

dl_diag_inc.nss(39): Error: NSC1020: Undeclared identifier "DL_L_NPC_TRANSITION_DIAGNOSTIC"

dl_diag_inc.nss(39): Error: NSC1007: Required argument "sVarName" missing in call to "GetLocalString"

dl_diag_inc.nss(45): Error: NSC1020: Undeclared identifier "DL_L_NPC_SLEEP_DIAGNOSTIC"

dl_diag_inc.nss(45): Error: NSC1007: Required argument "sVarName" missing in call to "GetLocalString"

dl_diag_inc.nss(51): Error: NSC1020: Undeclared identifier "DL_L_NPC_WORK_DIAGNOSTIC"

dl_diag_inc.nss(51): Error: NSC1007: Required argument "sVarName" missing in call to "GetLocalString"

dl_diag_inc.nss(57): Error: NSC1020: Undeclared identifier "DL_L_NPC_FOCUS_DIAGNOSTIC"

dl_diag_inc.nss(57): Error: NSC1007: Required argument "sVarName" missing in call to "GetLocalString"

dl_diag_inc.nss(69): Error: NSC1020: Undeclared identifier "DL_L_NPC_TRANSITION_STATUS"

dl_diag_inc.nss(69): Error: NSC1007: Required argument "sVarName" missing in call to "GetLocalString"

dl_diag_inc.nss(75): Error: NSC1020: Undeclared identifier "DL_L_NPC_SLEEP_STATUS"

dl_diag_inc.nss(75): Error: NSC1007: Required argument "sVarName" missing in call to "GetLocalString"

dl_diag_inc.nss(81): Error: NSC1020: Undeclared identifier "DL_L_NPC_WORK_STATUS"

dl_diag_inc.nss(81): Error: NSC1007: Required argument "sVarName" missing in call to "GetLocalString"

dl_diag_inc.nss(87): Error: NSC1020: Undeclared identifier "DL_L_NPC_FOCUS_STATUS"

dl_diag_inc.nss(87): Error: NSC1007: Required argument "sVarName" missing in call to "GetLocalString"

dl_diag_inc.nss(115): Error: NSC1020: Undeclared identifier "DL_L_NPC_PROFILE_ID"

dl_diag_inc.nss(115): Error: NSC1007: Required argument "sVarName" missing in call to "GetLocalString"

dl_diag_inc.nss(116): Error: NSC1020: Undeclared identifier "DL_L_NPC_DIRECTIVE"

dl_diag_inc.nss(116): Error: NSC1007: Required argument "sVarName" missing in call to "GetLocalInt"

dl_diag_inc.nss(116): Error: NSC1007: Required argument "nDirective" missing in call to "DL_GetDirectiveLabel"

dl_diag_inc.nss(117): Error: NSC1020: Undeclared identifier "DL_L_NPC_STATE"

dl_diag_inc.nss(117): Error: NSC1007: Required argument "sVarName" missing in call to "GetLocalString"

dl_diag_inc.nss(119): Error: NSC1020: Undeclared identifier "DL_L_NPC_SLEEP_STATUS"

dl_diag_inc.nss(119): Error: NSC1007: Required argument "sVarName" missing in call to "GetLocalString"

dl_diag_inc.nss(120): Error: NSC1020: Undeclared identifier "DL_L_NPC_SLEEP_TARGET"

dl_diag_inc.nss(120): Error: NSC1007: Required argument "sVarName" missing in call to "GetLocalString"

dl_diag_inc.nss(121): Error: NSC1020: Undeclared identifier "DL_L_NPC_WORK_STATUS"

dl_diag_inc.nss(121): Error: NSC1007: Required argument "sVarName" missing in call to "GetLocalString"

dl_diag_inc.nss(122): Error: NSC1020: Undeclared identifier "DL_L_NPC_WORK_TARGET"

dl_diag_inc.nss(122): Error: NSC1007: Required argument "sVarName" missing in call to "GetLocalString"

dl_diag_inc.nss(123): Error: NSC1020: Undeclared identifier "DL_L_NPC_TRANSITION_STATUS"

dl_diag_inc.nss(123): Error: NSC1007: Required argument "sVarName" missing in call to "GetLocalString"

dl_diag_inc.nss(124): Error: NSC1020: Undeclared identifier "DL_L_NPC_TRANSITION_TARGET"

dl_diag_inc.nss(124): Error: NSC1007: Required argument "sVarName" missing in call to "GetLocalString"

dl_diag_inc.nss(131): Error: NSC1020: Undeclared identifier "DL_L_NPC_DIRECTIVE"

dl_diag_inc.nss(131): Error: NSC1007: Required argument "sVarName" missing in call to "GetLocalInt"

dl_diag_inc.nss(131): Error: NSC1007: Required argument "nDirective" missing in call to "DL_GetDirectiveLabel"

dl_diag_inc.nss(132): Error: NSC1020: Undeclared identifier "DL_L_NPC_STATE"

dl_diag_inc.nss(132): Error: NSC1007: Required argument "sVarName" missing in call to "GetLocalString"

dl_diag_inc.nss(134): Error: NSC1020: Undeclared identifier "DL_L_NPC_SLEEP_STATUS"

dl_diag_inc.nss(134): Error: NSC1007: Required argument "sVarName" missing in call to "GetLocalString"

dl_diag_inc.nss(135): Error: NSC1020: Undeclared identifier "DL_L_NPC_SLEEP_TARGET"

dl_diag_inc.nss(135): Error: NSC1007: Required argument "sVarName" missing in call to "GetLocalString"

dl_diag_inc.nss(136): Error: NSC1020: Undeclared identifier "DL_L_NPC_WORK_STATUS"

dl_diag_inc.nss(136): Error: NSC1007: Required argument "sVarName" missing in call to "GetLocalString"

dl_diag_inc.nss(137): Error: NSC1020: Undeclared identifier "DL_L_NPC_WORK_TARGET"

dl_diag_inc.nss(137): Error: NSC1007: Required argument "sVarName" missing in call to "GetLocalString"

dl_diag_inc.nss(138): Error: NSC1020: Undeclared identifier "DL_L_NPC_TRANSITION_STATUS"

dl_diag_inc.nss(138): Error: NSC1007: Required argument "sVarName" missing in call to "GetLocalString"

dl_diag_inc.nss(139): Error: NSC1020: Undeclared identifier "DL_L_NPC_TRANSITION_TARGET"

dl_diag_inc.nss(139): Error: NSC1007: Required argument "sVarName" missing in call to "GetLocalString"

dl_diag_inc.nss(140): Error: NSC1039: Not all paths return a value

dl_registry_inc.nss(10): Error: NSC1051: Constant "DL_TIER_WARM" must be initialized before it may be referenced

dl_registry_inc.nss(11): Error: NSC1051: Constant "DL_TIER_HOT" must be initialized before it may be referenced

dl_registry_inc.nss(70): Error: NSC1020: Undeclared identifier "DL_AddLocalInt"

dl_registry_inc.nss(71): Error: NSC1039: Not all paths return a value

dl_registry_inc.nss(166): Error: NSC1020: Undeclared identifier "DL_ShouldRunByAreaTickInterval"

dl_registry_inc.nss(763): Error: NSC1020: Undeclared identifier "DL_L_NPC_PROFILE_ID"

dl_registry_inc.nss(763): Error: NSC1007: Required argument "sVarName" missing in call to "GetLocalString"

dl_registry_inc.nss(765): Error: NSC1020: Undeclared identifier "DL_L_NPC_PROFILE_ID"

dl_registry_inc.nss(765): Error: NSC1007: Required argument "sVarName" missing in call to "SetLocalString"

dl_registry_inc.nss(767): Error: NSC1020: Undeclared identifier "DL_L_NPC_STATE"

dl_registry_inc.nss(767): Error: NSC1007: Required argument "sVarName" missing in call to "GetLocalString"

dl_registry_inc.nss(769): Error: NSC1020: Undeclared identifier "DL_L_NPC_STATE"

dl_registry_inc.nss(769): Error: NSC1007: Required argument "sVarName" missing in call to "SetLocalString"

dl_resync_inc.nss(74): Error: NSC1020: Undeclared identifier "DL_ResolveNpcDirective"

dl_resync_inc.nss(75): Error: NSC1020: Undeclared identifier "DL_ApplyDirectiveSkeleton"

dl_worker_inc.nss(43): Error: NSC1020: Undeclared identifier "DL_ClampInt"

dl_worker_inc.nss(70): Error: NSC1020: Undeclared identifier "DL_L_MODULE_WORKER_TICKS"

dl_worker_inc.nss(70): Error: NSC1007: Required argument "sKey" missing in call to "DL_IncLocalInt"

dl_worker_inc.nss(73): Error: NSC1020: Undeclared identifier "DL_L_AREA_WORKER_LAST_PROCESSED"

dl_worker_inc.nss(73): Error: NSC1007: Required argument "sVarName" missing in call to "SetLocalInt"

dl_worker_inc.nss(74): Error: NSC1020: Undeclared identifier "DL_L_MODULE_WORKER_LAST_PROCESSED"

dl_worker_inc.nss(74): Error: NSC1007: Required argument "sVarName" missing in call to "SetLocalInt"

dl_worker_inc.nss(94): Error: NSC1020: Undeclared identifier "DL_L_AREA_RESYNC_LAST_PROCESSED"

dl_worker_inc.nss(94): Error: NSC1007: Required argument "sVarName" missing in call to "SetLocalInt"

dl_worker_inc.nss(95): Error: NSC1020: Undeclared identifier "DL_L_MODULE_RESYNC_LAST_PROCESSED"

dl_worker_inc.nss(95): Error: NSC1007: Required argument "sVarName" missing in call to "SetLocalInt"

dl_worker_inc.nss(455): Error: NSC1020: Undeclared identifier "DL_ResolveNpcDirective"

dl_worker_inc.nss(456): Error: NSC1020: Undeclared identifier "DL_ApplyDirectiveSkeleton"

dl_lifecycle_inc.nss(22): Error: NSC1050: Non-constant value specified for constant "DL_NPC_RESET_DIRECTIVE_EXEC_ALL"

dl_lifecycle_inc.nss(33): Error: NSC1020: Undeclared identifier "DL_L_NPC_SLEEP_TARGET_VALID"

dl_lifecycle_inc.nss(33): Error: NSC1007: Required argument "sVarName" missing in call to "DeleteLocalInt"

dl_lifecycle_inc.nss(37): Error: NSC1020: Undeclared identifier "DL_L_NPC_WORK_TARGET"

dl_lifecycle_inc.nss(37): Error: NSC1007: Required argument "sVarName" missing in call to "DeleteLocalObject"

dl_lifecycle_inc.nss(41): Error: NSC1020: Undeclared identifier "DL_L_NPC_MEAL_TARGET"

dl_lifecycle_inc.nss(41): Error: NSC1007: Required argument "sVarName" missing in call to "DeleteLocalObject"

dl_lifecycle_inc.nss(45): Error: NSC1020: Undeclared identifier "DL_L_NPC_CHILL_TARGET"

dl_lifecycle_inc.nss(45): Error: NSC1007: Required argument "sVarName" missing in call to "DeleteLocalObject"

dl_lifecycle_inc.nss(49): Error: NSC1020: Undeclared identifier "DL_L_NPC_SOCIAL_TARGET"

dl_lifecycle_inc.nss(49): Error: NSC1007: Required argument "sVarName" missing in call to "DeleteLocalObject"

dl_lifecycle_inc.nss(50): Error: NSC1020: Undeclared identifier "DL_L_NPC_SOCIAL_PARTNER"

dl_lifecycle_inc.nss(50): Error: NSC1007: Required argument "sVarName" missing in call to "DeleteLocalObject"

dl_lifecycle_inc.nss(54): Error: NSC1020: Undeclared identifier "DL_L_NPC_PUBLIC_TARGET"

dl_lifecycle_inc.nss(54): Error: NSC1007: Required argument "sVarName" missing in call to "DeleteLocalObject"

dl_lifecycle_inc.nss(97): Error: NSC1020: Undeclared identifier "DL_L_NPC_BLOCKED_OBJ"

dl_lifecycle_inc.nss(97): Error: NSC1007: Required argument "sVarName" missing in call to "DeleteLocalObject"

dl_lifecycle_inc.nss(98): Error: NSC1020: Undeclared identifier "DL_L_NPC_BLOCKED_TAG"

dl_lifecycle_inc.nss(98): Error: NSC1007: Required argument "sVarName" missing in call to "DeleteLocalString"

dl_lifecycle_inc.nss(99): Error: NSC1020: Undeclared identifier "DL_L_NPC_BLOCKED_TYPE"

dl_lifecycle_inc.nss(99): Error: NSC1007: Required argument "sVarName" missing in call to "DeleteLocalInt"

dl_lifecycle_inc.nss(100): Error: NSC1020: Undeclared identifier "DL_L_NPC_BLOCKED_BUSY"

dl_lifecycle_inc.nss(100): Error: NSC1007: Required argument "sVarName" missing in call to "DeleteLocalInt"

dl_city_response_inc.nss(47): Error: NSC1020: Undeclared identifier "DL_ClampInt"

dl_city_response_inc.nss(55): Error: NSC1020: Undeclared identifier "DL_GetAbsoluteMinute"

dl_city_response_inc.nss(155): Error: NSC1020: Undeclared identifier "GetIsInConversation"

dl_city_response_inc.nss(155): Error: NSC1020: Undeclared identifier "GetIsInConversation"

dl_city_response_inc.nss(172): Error: NSC1020: Undeclared identifier "LOCATION_INVALID"

dl_city_response_inc.nss(185): Error: NSC1020: Undeclared identifier "DL_GetAbsoluteMinute"

dl_city_response_inc.nss(188): Error: NSC1020: Undeclared identifier "DL_OrchestrateRuntimeAction"

dl_city_response_inc.nss(189): Error: NSC1020: Undeclared identifier "LOCATION_INVALID"

dl_city_response_inc.nss(189): Error: NSC1020: Undeclared identifier "DL_OrchestrateRuntimeAction"

dl_city_response_inc.nss(193): Error: NSC1020: Undeclared identifier "LOCATION_INVALID"

dl_city_response_inc.nss(193): Error: NSC1020: Undeclared identifier "DL_OrchestrateRuntimeAction"

dl_city_response_inc.nss(200): Error: NSC1020: Undeclared identifier "DL_L_NPC_PROFILE_ID"

dl_city_response_inc.nss(200): Error: NSC1007: Required argument "sVarName" missing in call to "GetLocalString"

dl_city_response_inc.nss(200): Error: NSC1020: Undeclared identifier "DL_PROFILE_GATE_POST"

dl_city_response_inc.nss(201): Error: NSC1039: Not all paths return a value

dl_city_response_inc.nss(213): Error: NSC1020: Undeclared identifier "DL_GetAbsoluteMinute"

dl_city_response_inc.nss(243): Error: NSC1020: Undeclared identifier "DL_GetAbsoluteMinute"

dl_city_response_inc.nss(244): Error: NSC1020: Undeclared identifier "DL_IsMinuteCooldownActive"

dl_city_response_inc.nss(249): Error: NSC1020: Undeclared identifier "DL_SetMinuteCooldown"

dl_city_response_inc.nss(286): Error: NSC1020: Undeclared identifier "DL_IsMinuteCooldownActive"

dl_city_response_inc.nss(287): Error: NSC1039: Not all paths return a value

dl_city_response_inc.nss(324): Error: NSC1020: Undeclared identifier "DL_GetAbsoluteMinute"

dl_city_response_inc.nss(340): Error: NSC1020: Undeclared identifier "DL_IsMinuteCooldownActive"

dl_city_response_inc.nss(344): Error: NSC1020: Undeclared identifier "DL_SetMinuteCooldown"

dl_city_response_inc.nss(348): Error: NSC1020: Undeclared identifier "LOCATION_INVALID"

dl_city_response_inc.nss(348): Error: NSC1020: Undeclared identifier "DL_GetAbsoluteMinute"

dl_city_response_inc.nss(348): Error: NSC1020: Undeclared identifier "DL_OrchestrateRuntimeAction"

dl_legal_inc.nss(60): Error: NSC1020: Undeclared identifier "DL_GetAbsoluteMinute"

dl_legal_inc.nss(97): Error: NSC1020: Undeclared identifier "DL_GetAbsoluteMinute"

dl_legal_inc.nss(97): Error: NSC1007: Required argument "nValue" missing in call to "SetLocalInt"

dl_legal_inc.nss(112): Error: NSC1020: Undeclared identifier "DL_GetAbsoluteMinute"

dl_legal_inc.nss(148): Error: NSC1020: Undeclared identifier "DL_GetAbsoluteMinute"

dl_legal_inc.nss(148): Error: NSC1007: Required argument "nValue" missing in call to "SetLocalInt"

dl_legal_inc.nss(167): Error: NSC1020: Undeclared identifier "DL_GetAbsoluteMinute"

dl_legal_inc.nss(167): Error: NSC1007: Required argument "nValue" missing in call to "SetLocalInt"

dl_cr_crime_inc.nss(97): Error: NSC1020: Undeclared identifier "DL_GetAbsoluteMinute"

dl_cr_crime_inc.nss(145): Error: NSC1020: Undeclared identifier "DL_GetAbsoluteMinute"

dl_cr_crime_inc.nss(145): Error: NSC1007: Required argument "nValue" missing in call to "SetLocalInt"

dl_cr_crime_inc.nss(232): Error: NSC1020: Undeclared identifier "DL_GetAbsoluteMinute"

dl_cr_crime_inc.nss(233): Error: NSC1020: Undeclared identifier "DL_IsMinuteCooldownActive"

dl_cr_crime_inc.nss(237): Error: NSC1020: Undeclared identifier "DL_SetMinuteCooldown"

dl_cr_crime_inc.nss(284): Error: NSC1020: Undeclared identifier "DL_SELECTION_SCORE_INF"

dl_cr_crime_inc.nss(285): Error: NSC1020: Undeclared identifier "DL_SELECTION_SCORE_INF"

dl_cr_crime_inc.nss(314): Error: NSC1020: Undeclared identifier "DL_SelectionBuildTieKey"

dl_cr_crime_inc.nss(315): Error: NSC1020: Undeclared identifier "DL_SelectionCompare"

dl_cr_crime_inc.nss(324): Error: NSC1020: Undeclared identifier "DL_SelectionCompare"

dl_cr_crime_inc.nss(342): Error: NSC1020: Undeclared identifier "DL_GetAbsoluteMinute"

dl_cr_crime_inc.nss(351): Error: NSC1020: Undeclared identifier "LOCATION_INVALID"

dl_cr_crime_inc.nss(351): Error: NSC1020: Undeclared identifier "DL_GetAbsoluteMinute"

dl_cr_crime_inc.nss(351): Error: NSC1020: Undeclared identifier "DL_OrchestrateRuntimeAction"

dl_cr_crime_inc.nss(365): Error: NSC1020: Undeclared identifier "LOCATION_INVALID"

dl_cr_crime_inc.nss(365): Error: NSC1020: Undeclared identifier "DL_GetAbsoluteMinute"

dl_cr_crime_inc.nss(365): Error: NSC1020: Undeclared identifier "DL_OrchestrateRuntimeAction"

dl_cr_crime_inc.nss(369): Error: NSC1020: Undeclared identifier "LOCATION_INVALID"

dl_cr_crime_inc.nss(369): Error: NSC1020: Undeclared identifier "DL_GetAbsoluteMinute"

dl_cr_crime_inc.nss(369): Error: NSC1020: Undeclared identifier "DL_OrchestrateRuntimeAction"

dl_cr_crime_inc.nss(398): Error: NSC1020: Undeclared identifier "DL_PipelineUpdateDiagnostic"

dl_cr_crime_inc.nss(408): Error: NSC1020: Undeclared identifier "DL_GetAbsoluteMinute"

dl_cr_crime_inc.nss(408): Error: NSC1007: Required argument "nUntilAbsMin" missing in call to "DL_CR_SetDetainPending"

dl_cr_crime_inc.nss(415): Error: NSC1020: Undeclared identifier "DL_PipelineUpdateDiagnostic"

dl_cr_crime_inc.nss(444): Error: NSC1020: Undeclared identifier "DL_CR_EVT_PICKPOCKET"

dl_cr_crime_inc.nss(444): Error: NSC1020: Undeclared identifier "DL_CR_EVT_CONTAINER_THEFT"

dl_cr_crime_inc.nss(462): Error: NSC1020: Undeclared identifier "DL_GetAbsoluteMinute"

dl_cr_crime_inc.nss(480): Error: NSC1020: Undeclared identifier "DL_GetAbsoluteMinute"

dl_cr_crime_inc.nss(531): Error: NSC1020: Undeclared identifier "DL_CR_EVT_DOOR_LOCKPICK"

dl_cr_crime_inc.nss(535): Error: NSC1020: Undeclared identifier "DL_CR_EVT_PLACEABLE_LOCKPICK"

dl_cr_crime_inc.nss(541): Error: NSC1020: Undeclared identifier "DL_CR_EVT_RESTRICTED_ENTRY"

dl_cr_crime_inc.nss(588): Error: NSC1020: Undeclared identifier "DL_CR_EVT_RESTRICTED_ENTRY"

dl_cr_crime_inc.nss(588): Error: NSC1007: Required argument "sKind" missing in call to "DL_CR_RegisterCrimeIncident"

dl_cr_crime_inc.nss(605): Error: NSC1020: Undeclared identifier "DL_GetAbsoluteMinute"

dl_cr_crime_inc.nss(605): Error: NSC1020: Undeclared identifier "DL_OrchestrateRuntimeAction"

dl_cr_crime_inc.nss(626): Error: NSC1020: Undeclared identifier "LOCATION_INVALID"

dl_cr_crime_inc.nss(626): Error: NSC1020: Undeclared identifier "DL_GetAbsoluteMinute"

dl_cr_crime_inc.nss(626): Error: NSC1020: Undeclared identifier "DL_OrchestrateRuntimeAction"

dl_cr_crime_inc.nss(637): Error: NSC1020: Undeclared identifier "DL_GetAbsoluteMinute"

dl_cr_crime_inc.nss(637): Error: NSC1007: Required argument "nUntilAbsMin" missing in call to "DL_CR_SetDetainPending"

dl_cr_crime_inc.nss(643): Error: NSC1020: Undeclared identifier "LOCATION_INVALID"

dl_cr_crime_inc.nss(643): Error: NSC1020: Undeclared identifier "DL_GetAbsoluteMinute"

dl_cr_crime_inc.nss(643): Error: NSC1020: Undeclared identifier "DL_OrchestrateRuntimeAction"

dl_ingress_orch_inc.nss(95): Error: NSC1020: Undeclared identifier "DL_RequestNpcBlockedSignal"

Compilation aborted with errors.

Processing aborted.

Total Execution time = 16ms

Running mode 'check' for 'D:\a\COMPILATOR\COMPILATOR\daily_life\dl_disturbed.nss' from 'D:\a\COMPILATOR\COMPILATOR\tools\nwn2_compiler\bin': D:\a\COMPILATOR\COMPILATOR\tools\nwn2_compiler\bin\NWNScriptCompiler.exe -c -a -i D:\a\COMPILATOR\COMPILATOR\daily_life -i D:\a\COMPILATOR\COMPILATOR\tools\nwn2_compiler\stock_scripts -b D:\a\COMPILATOR\COMPILATOR\artifacts\ncc D:\a\COMPILATOR\COMPILATOR\daily_life\dl_disturbed.nss
NWNScriptCompiler - built Jan 29 2014 19:24:04
Copyright (C) 2008-2014 Skywing.
Portions copyright (C) 2002-2003, Edward T. Smith.
Portions copyright (C) 2003, The Open Knights Consortium.
Compiling: dl_disturbed.NSS

dl_runtime_contract_inc.nss(196): Error: NSC1020: Undeclared identifier "DL_LogChatDebugEvent"

dl_runtime_contract_inc.nss(244): Error: NSC1020: Undeclared identifier "DL_IsAreaObject"

dl_runtime_contract_inc.nss(245): Error: NSC1039: Not all paths return a value

dl_runtime_contract_inc.nss(254): Error: NSC1020: Undeclared identifier "DL_GetAreaTier"

dl_runtime_contract_inc.nss(265): Error: NSC1020: Undeclared identifier "DL_GetAreaTier"

dl_runtime_contract_inc.nss(266): Error: NSC1039: Not all paths return a value

dl_runtime_contract_inc.nss(275): Error: NSC1020: Undeclared identifier "DL_GetAreaTier"

dl_runtime_contract_inc.nss(276): Error: NSC1039: Not all paths return a value

dl_runtime_contract_inc.nss(369): Error: NSC1020: Undeclared identifier "LOCATION_INVALID"

dl_runtime_contract_inc.nss(389): Error: NSC1020: Undeclared identifier "oActor"

dl_runtime_contract_inc.nss(389): Error: NSC1007: Required argument "oObject" missing in call to "GetIsObjectValid"

dl_runtime_contract_inc.nss(391): Error: NSC1080: Return statement outside the scope of a function

dl_runtime_contract_inc.nss(394): Error: NSC1020: Undeclared identifier "sNoopStateKey"

dl_runtime_contract_inc.nss(394): Error: NSC1020: Undeclared identifier "sNoopStateValue"

dl_runtime_contract_inc.nss(394): Error: NSC1020: Undeclared identifier "nExecutionWindow"

dl_runtime_contract_inc.nss(396): Error: NSC1020: Undeclared identifier "oActor"

dl_runtime_contract_inc.nss(396): Error: NSC1020: Undeclared identifier "sNoopStateKey"

dl_runtime_contract_inc.nss(396): Error: NSC1007: Required argument "oObject" missing in call to "GetLocalString"

dl_runtime_contract_inc.nss(396): Error: NSC1020: Undeclared identifier "sNoopStateValue"

dl_runtime_contract_inc.nss(397): Error: NSC1020: Undeclared identifier "oActor"

dl_runtime_contract_inc.nss(397): Error: NSC1007: Required argument "oObject" missing in call to "GetLocalInt"

dl_runtime_contract_inc.nss(397): Error: NSC1020: Undeclared identifier "nExecutionWindow"

dl_runtime_contract_inc.nss(398): Error: NSC1020: Undeclared identifier "oActor"

dl_runtime_contract_inc.nss(398): Error: NSC1007: Required argument "oObject" missing in call to "GetLocalString"

dl_runtime_contract_inc.nss(398): Error: NSC1020: Undeclared identifier "sNoopStateValue"

dl_runtime_contract_inc.nss(400): Error: NSC1080: Return statement outside the scope of a function

dl_runtime_contract_inc.nss(404): Error: NSC1020: Undeclared identifier "oActor"

dl_runtime_contract_inc.nss(404): Error: NSC1020: Undeclared identifier "sPreStatusKey"

dl_runtime_contract_inc.nss(404): Error: NSC1020: Undeclared identifier "sPreStatus"

dl_runtime_contract_inc.nss(404): Error: NSC1020: Undeclared identifier "sPreDiagKey"

dl_runtime_contract_inc.nss(404): Error: NSC1020: Undeclared identifier "sPreDiag"

dl_runtime_contract_inc.nss(404): Error: NSC1007: Required argument "oNpc" missing in call to "DL_SetRuntimeState"

dl_runtime_contract_inc.nss(405): Error: NSC1020: Undeclared identifier "bResetQueue"

dl_runtime_contract_inc.nss(407): Error: NSC1020: Undeclared identifier "oActor"

dl_runtime_contract_inc.nss(407): Error: NSC1007: Required argument "oActionSubject" missing in call to "AssignCommand"

dl_runtime_contract_inc.nss(410): Error: NSC1020: Undeclared identifier "nActionKind"

dl_runtime_contract_inc.nss(414): Error: NSC1020: Undeclared identifier "nActionKind"

dl_runtime_contract_inc.nss(416): Error: NSC1020: Undeclared identifier "oActor"

dl_runtime_contract_inc.nss(416): Error: NSC1020: Undeclared identifier "oTarget"

dl_runtime_contract_inc.nss(416): Error: NSC1020: Undeclared identifier "bRun"

dl_runtime_contract_inc.nss(416): Error: NSC1020: Undeclared identifier "fRange"

dl_runtime_contract_inc.nss(416): Error: NSC1020: Undeclared identifier "DL_CommandMoveToObject"

dl_runtime_contract_inc.nss(418): Error: NSC1020: Undeclared identifier "nActionKind"

dl_runtime_contract_inc.nss(420): Error: NSC1020: Undeclared identifier "oActor"

dl_runtime_contract_inc.nss(420): Error: NSC1020: Undeclared identifier "lTarget"

dl_runtime_contract_inc.nss(420): Error: NSC1020: Undeclared identifier "bRun"

dl_runtime_contract_inc.nss(420): Error: NSC1020: Undeclared identifier "DL_CommandMoveToLocation"

dl_runtime_contract_inc.nss(422): Error: NSC1020: Undeclared identifier "nActionKind"

dl_runtime_contract_inc.nss(424): Error: NSC1020: Undeclared identifier "oActor"

dl_runtime_contract_inc.nss(424): Error: NSC1020: Undeclared identifier "lTarget"

dl_runtime_contract_inc.nss(424): Error: NSC1020: Undeclared identifier "DL_CommandJumpToLocation"

dl_runtime_contract_inc.nss(426): Error: NSC1020: Undeclared identifier "nActionKind"

dl_runtime_contract_inc.nss(428): Error: NSC1020: Undeclared identifier "oActor"

dl_runtime_contract_inc.nss(428): Error: NSC1020: Undeclared identifier "oTarget"

dl_runtime_contract_inc.nss(428): Error: NSC1020: Undeclared identifier "sDialogResRef"

dl_runtime_contract_inc.nss(428): Error: NSC1020: Undeclared identifier "bPrivateConversation"

dl_runtime_contract_inc.nss(428): Error: NSC1020: Undeclared identifier "bPlayHello"

dl_runtime_contract_inc.nss(428): Error: NSC1020: Undeclared identifier "DL_CommandStartConversation"

dl_runtime_contract_inc.nss(430): Error: NSC1020: Undeclared identifier "nActionKind"

dl_runtime_contract_inc.nss(432): Error: NSC1020: Undeclared identifier "oActor"

dl_runtime_contract_inc.nss(432): Error: NSC1020: Undeclared identifier "oTarget"

dl_runtime_contract_inc.nss(432): Error: NSC1020: Undeclared identifier "DL_CommandAttack"

dl_runtime_contract_inc.nss(436): Error: NSC1080: Return statement outside the scope of a function

dl_runtime_contract_inc.nss(440): Error: NSC1020: Undeclared identifier "oActor"

dl_runtime_contract_inc.nss(441): Error: NSC1020: Undeclared identifier "sPostStatusKey"

dl_runtime_contract_inc.nss(442): Error: NSC1020: Undeclared identifier "sPostStatus"

dl_runtime_contract_inc.nss(443): Error: NSC1020: Undeclared identifier "sPostDiagKey"

dl_runtime_contract_inc.nss(444): Error: NSC1020: Undeclared identifier "sPostDiag"

dl_runtime_contract_inc.nss(446): Error: NSC1020: Undeclared identifier "nExecutionWindow"

dl_runtime_contract_inc.nss(447): Error: NSC1020: Undeclared identifier "sNoopStateKey"

dl_runtime_contract_inc.nss(449): Error: NSC1020: Undeclared identifier "sNoopStateValue"

dl_runtime_contract_inc.nss(449): Error: NSC1007: Required argument "oActor" missing in call to "DL_OnNpcActionDispatched"

dl_runtime_contract_inc.nss(451): Error: NSC1080: Return statement outside the scope of a function

dl_runtime_contract_inc.nss(550): Error: NSC1020: Undeclared identifier "OBJECT_TYPE_AREA"

dl_runtime_contract_inc.nss(551): Error: NSC1039: Not all paths return a value

dl_config_inc.nss(56): Error: NSC1003: Operator (>) not valid for specified types

dl_diag_inc.nss(6): Error: NSC1020: Undeclared identifier "DL_DIR_NONE"

dl_diag_inc.nss(10): Error: NSC1020: Undeclared identifier "DL_DIR_SLEEP"

dl_diag_inc.nss(14): Error: NSC1020: Undeclared identifier "DL_DIR_WORK"

dl_diag_inc.nss(18): Error: NSC1020: Undeclared identifier "DL_DIR_SOCIAL"

dl_diag_inc.nss(22): Error: NSC1020: Undeclared identifier "DL_DIR_MEAL"

dl_diag_inc.nss(26): Error: NSC1020: Undeclared identifier "DL_DIR_PUBLIC"

dl_diag_inc.nss(30): Error: NSC1020: Undeclared identifier "DL_DIR_CHILL"

dl_diag_inc.nss(39): Error: NSC1020: Undeclared identifier "DL_L_NPC_TRANSITION_DIAGNOSTIC"

dl_diag_inc.nss(39): Error: NSC1007: Required argument "sVarName" missing in call to "GetLocalString"

dl_diag_inc.nss(45): Error: NSC1020: Undeclared identifier "DL_L_NPC_SLEEP_DIAGNOSTIC"

dl_diag_inc.nss(45): Error: NSC1007: Required argument "sVarName" missing in call to "GetLocalString"

dl_diag_inc.nss(51): Error: NSC1020: Undeclared identifier "DL_L_NPC_WORK_DIAGNOSTIC"

dl_diag_inc.nss(51): Error: NSC1007: Required argument "sVarName" missing in call to "GetLocalString"

dl_diag_inc.nss(57): Error: NSC1020: Undeclared identifier "DL_L_NPC_FOCUS_DIAGNOSTIC"

dl_diag_inc.nss(57): Error: NSC1007: Required argument "sVarName" missing in call to "GetLocalString"

dl_diag_inc.nss(69): Error: NSC1020: Undeclared identifier "DL_L_NPC_TRANSITION_STATUS"

dl_diag_inc.nss(69): Error: NSC1007: Required argument "sVarName" missing in call to "GetLocalString"

dl_diag_inc.nss(75): Error: NSC1020: Undeclared identifier "DL_L_NPC_SLEEP_STATUS"

dl_diag_inc.nss(75): Error: NSC1007: Required argument "sVarName" missing in call to "GetLocalString"

dl_diag_inc.nss(81): Error: NSC1020: Undeclared identifier "DL_L_NPC_WORK_STATUS"

dl_diag_inc.nss(81): Error: NSC1007: Required argument "sVarName" missing in call to "GetLocalString"

dl_diag_inc.nss(87): Error: NSC1020: Undeclared identifier "DL_L_NPC_FOCUS_STATUS"

dl_diag_inc.nss(87): Error: NSC1007: Required argument "sVarName" missing in call to "GetLocalString"

dl_diag_inc.nss(115): Error: NSC1020: Undeclared identifier "DL_L_NPC_PROFILE_ID"

dl_diag_inc.nss(115): Error: NSC1007: Required argument "sVarName" missing in call to "GetLocalString"

dl_diag_inc.nss(116): Error: NSC1020: Undeclared identifier "DL_L_NPC_DIRECTIVE"

dl_diag_inc.nss(116): Error: NSC1007: Required argument "sVarName" missing in call to "GetLocalInt"

dl_diag_inc.nss(116): Error: NSC1007: Required argument "nDirective" missing in call to "DL_GetDirectiveLabel"

dl_diag_inc.nss(117): Error: NSC1020: Undeclared identifier "DL_L_NPC_STATE"

dl_diag_inc.nss(117): Error: NSC1007: Required argument "sVarName" missing in call to "GetLocalString"

dl_diag_inc.nss(119): Error: NSC1020: Undeclared identifier "DL_L_NPC_SLEEP_STATUS"

dl_diag_inc.nss(119): Error: NSC1007: Required argument "sVarName" missing in call to "GetLocalString"

dl_diag_inc.nss(120): Error: NSC1020: Undeclared identifier "DL_L_NPC_SLEEP_TARGET"

dl_diag_inc.nss(120): Error: NSC1007: Required argument "sVarName" missing in call to "GetLocalString"

dl_diag_inc.nss(121): Error: NSC1020: Undeclared identifier "DL_L_NPC_WORK_STATUS"

dl_diag_inc.nss(121): Error: NSC1007: Required argument "sVarName" missing in call to "GetLocalString"

dl_diag_inc.nss(122): Error: NSC1020: Undeclared identifier "DL_L_NPC_WORK_TARGET"

dl_diag_inc.nss(122): Error: NSC1007: Required argument "sVarName" missing in call to "GetLocalString"

dl_diag_inc.nss(123): Error: NSC1020: Undeclared identifier "DL_L_NPC_TRANSITION_STATUS"

dl_diag_inc.nss(123): Error: NSC1007: Required argument "sVarName" missing in call to "GetLocalString"

dl_diag_inc.nss(124): Error: NSC1020: Undeclared identifier "DL_L_NPC_TRANSITION_TARGET"

dl_diag_inc.nss(124): Error: NSC1007: Required argument "sVarName" missing in call to "GetLocalString"

dl_diag_inc.nss(131): Error: NSC1020: Undeclared identifier "DL_L_NPC_DIRECTIVE"

dl_diag_inc.nss(131): Error: NSC1007: Required argument "sVarName" missing in call to "GetLocalInt"

dl_diag_inc.nss(131): Error: NSC1007: Required argument "nDirective" missing in call to "DL_GetDirectiveLabel"

dl_diag_inc.nss(132): Error: NSC1020: Undeclared identifier "DL_L_NPC_STATE"

dl_diag_inc.nss(132): Error: NSC1007: Required argument "sVarName" missing in call to "GetLocalString"

dl_diag_inc.nss(134): Error: NSC1020: Undeclared identifier "DL_L_NPC_SLEEP_STATUS"

dl_diag_inc.nss(134): Error: NSC1007: Required argument "sVarName" missing in call to "GetLocalString"

dl_diag_inc.nss(135): Error: NSC1020: Undeclared identifier "DL_L_NPC_SLEEP_TARGET"

dl_diag_inc.nss(135): Error: NSC1007: Required argument "sVarName" missing in call to "GetLocalString"

dl_diag_inc.nss(136): Error: NSC1020: Undeclared identifier "DL_L_NPC_WORK_STATUS"

dl_diag_inc.nss(136): Error: NSC1007: Required argument "sVarName" missing in call to "GetLocalString"

dl_diag_inc.nss(137): Error: NSC1020: Undeclared identifier "DL_L_NPC_WORK_TARGET"

dl_diag_inc.nss(137): Error: NSC1007: Required argument "sVarName" missing in call to "GetLocalString"

dl_diag_inc.nss(138): Error: NSC1020: Undeclared identifier "DL_L_NPC_TRANSITION_STATUS"

dl_diag_inc.nss(138): Error: NSC1007: Required argument "sVarName" missing in call to "GetLocalString"

dl_diag_inc.nss(139): Error: NSC1020: Undeclared identifier "DL_L_NPC_TRANSITION_TARGET"

dl_diag_inc.nss(139): Error: NSC1007: Required argument "sVarName" missing in call to "GetLocalString"

dl_diag_inc.nss(140): Error: NSC1039: Not all paths return a value

dl_registry_inc.nss(10): Error: NSC1051: Constant "DL_TIER_WARM" must be initialized before it may be referenced

dl_registry_inc.nss(11): Error: NSC1051: Constant "DL_TIER_HOT" must be initialized before it may be referenced

dl_registry_inc.nss(70): Error: NSC1020: Undeclared identifier "DL_AddLocalInt"

dl_registry_inc.nss(71): Error: NSC1039: Not all paths return a value

dl_registry_inc.nss(166): Error: NSC1020: Undeclared identifier "DL_ShouldRunByAreaTickInterval"

dl_registry_inc.nss(763): Error: NSC1020: Undeclared identifier "DL_L_NPC_PROFILE_ID"

dl_registry_inc.nss(763): Error: NSC1007: Required argument "sVarName" missing in call to "GetLocalString"

dl_registry_inc.nss(765): Error: NSC1020: Undeclared identifier "DL_L_NPC_PROFILE_ID"

dl_registry_inc.nss(765): Error: NSC1007: Required argument "sVarName" missing in call to "SetLocalString"

dl_registry_inc.nss(767): Error: NSC1020: Undeclared identifier "DL_L_NPC_STATE"

dl_registry_inc.nss(767): Error: NSC1007: Required argument "sVarName" missing in call to "GetLocalString"

dl_registry_inc.nss(769): Error: NSC1020: Undeclared identifier "DL_L_NPC_STATE"

dl_registry_inc.nss(769): Error: NSC1007: Required argument "sVarName" missing in call to "SetLocalString"

dl_resync_inc.nss(74): Error: NSC1020: Undeclared identifier "DL_ResolveNpcDirective"

dl_resync_inc.nss(75): Error: NSC1020: Undeclared identifier "DL_ApplyDirectiveSkeleton"

dl_worker_inc.nss(43): Error: NSC1020: Undeclared identifier "DL_ClampInt"

dl_worker_inc.nss(70): Error: NSC1020: Undeclared identifier "DL_L_MODULE_WORKER_TICKS"

dl_worker_inc.nss(70): Error: NSC1007: Required argument "sKey" missing in call to "DL_IncLocalInt"

dl_worker_inc.nss(73): Error: NSC1020: Undeclared identifier "DL_L_AREA_WORKER_LAST_PROCESSED"

dl_worker_inc.nss(73): Error: NSC1007: Required argument "sVarName" missing in call to "SetLocalInt"

dl_worker_inc.nss(74): Error: NSC1020: Undeclared identifier "DL_L_MODULE_WORKER_LAST_PROCESSED"

dl_worker_inc.nss(74): Error: NSC1007: Required argument "sVarName" missing in call to "SetLocalInt"

dl_worker_inc.nss(94): Error: NSC1020: Undeclared identifier "DL_L_AREA_RESYNC_LAST_PROCESSED"

dl_worker_inc.nss(94): Error: NSC1007: Required argument "sVarName" missing in call to "SetLocalInt"

dl_worker_inc.nss(95): Error: NSC1020: Undeclared identifier "DL_L_MODULE_RESYNC_LAST_PROCESSED"

dl_worker_inc.nss(95): Error: NSC1007: Required argument "sVarName" missing in call to "SetLocalInt"

dl_worker_inc.nss(455): Error: NSC1020: Undeclared identifier "DL_ResolveNpcDirective"

dl_worker_inc.nss(456): Error: NSC1020: Undeclared identifier "DL_ApplyDirectiveSkeleton"

dl_lifecycle_inc.nss(22): Error: NSC1050: Non-constant value specified for constant "DL_NPC_RESET_DIRECTIVE_EXEC_ALL"

dl_lifecycle_inc.nss(33): Error: NSC1020: Undeclared identifier "DL_L_NPC_SLEEP_TARGET_VALID"

dl_lifecycle_inc.nss(33): Error: NSC1007: Required argument "sVarName" missing in call to "DeleteLocalInt"

dl_lifecycle_inc.nss(37): Error: NSC1020: Undeclared identifier "DL_L_NPC_WORK_TARGET"

dl_lifecycle_inc.nss(37): Error: NSC1007: Required argument "sVarName" missing in call to "DeleteLocalObject"

dl_lifecycle_inc.nss(41): Error: NSC1020: Undeclared identifier "DL_L_NPC_MEAL_TARGET"

dl_lifecycle_inc.nss(41): Error: NSC1007: Required argument "sVarName" missing in call to "DeleteLocalObject"

dl_lifecycle_inc.nss(45): Error: NSC1020: Undeclared identifier "DL_L_NPC_CHILL_TARGET"

dl_lifecycle_inc.nss(45): Error: NSC1007: Required argument "sVarName" missing in call to "DeleteLocalObject"

dl_lifecycle_inc.nss(49): Error: NSC1020: Undeclared identifier "DL_L_NPC_SOCIAL_TARGET"

dl_lifecycle_inc.nss(49): Error: NSC1007: Required argument "sVarName" missing in call to "DeleteLocalObject"

dl_lifecycle_inc.nss(50): Error: NSC1020: Undeclared identifier "DL_L_NPC_SOCIAL_PARTNER"

dl_lifecycle_inc.nss(50): Error: NSC1007: Required argument "sVarName" missing in call to "DeleteLocalObject"

dl_lifecycle_inc.nss(54): Error: NSC1020: Undeclared identifier "DL_L_NPC_PUBLIC_TARGET"

dl_lifecycle_inc.nss(54): Error: NSC1007: Required argument "sVarName" missing in call to "DeleteLocalObject"

dl_lifecycle_inc.nss(97): Error: NSC1020: Undeclared identifier "DL_L_NPC_BLOCKED_OBJ"

dl_lifecycle_inc.nss(97): Error: NSC1007: Required argument "sVarName" missing in call to "DeleteLocalObject"

dl_lifecycle_inc.nss(98): Error: NSC1020: Undeclared identifier "DL_L_NPC_BLOCKED_TAG"

dl_lifecycle_inc.nss(98): Error: NSC1007: Required argument "sVarName" missing in call to "DeleteLocalString"

dl_lifecycle_inc.nss(99): Error: NSC1020: Undeclared identifier "DL_L_NPC_BLOCKED_TYPE"

dl_lifecycle_inc.nss(99): Error: NSC1007: Required argument "sVarName" missing in call to "DeleteLocalInt"

dl_lifecycle_inc.nss(100): Error: NSC1020: Undeclared identifier "DL_L_NPC_BLOCKED_BUSY"

dl_lifecycle_inc.nss(100): Error: NSC1007: Required argument "sVarName" missing in call to "DeleteLocalInt"

dl_city_response_inc.nss(47): Error: NSC1020: Undeclared identifier "DL_ClampInt"

dl_city_response_inc.nss(55): Error: NSC1020: Undeclared identifier "DL_GetAbsoluteMinute"

dl_city_response_inc.nss(155): Error: NSC1020: Undeclared identifier "GetIsInConversation"

dl_city_response_inc.nss(155): Error: NSC1020: Undeclared identifier "GetIsInConversation"

dl_city_response_inc.nss(172): Error: NSC1020: Undeclared identifier "LOCATION_INVALID"

dl_city_response_inc.nss(185): Error: NSC1020: Undeclared identifier "DL_GetAbsoluteMinute"

dl_city_response_inc.nss(188): Error: NSC1020: Undeclared identifier "DL_OrchestrateRuntimeAction"

dl_city_response_inc.nss(189): Error: NSC1020: Undeclared identifier "LOCATION_INVALID"

dl_city_response_inc.nss(189): Error: NSC1020: Undeclared identifier "DL_OrchestrateRuntimeAction"

dl_city_response_inc.nss(193): Error: NSC1020: Undeclared identifier "LOCATION_INVALID"

dl_city_response_inc.nss(193): Error: NSC1020: Undeclared identifier "DL_OrchestrateRuntimeAction"

dl_city_response_inc.nss(200): Error: NSC1020: Undeclared identifier "DL_L_NPC_PROFILE_ID"

dl_city_response_inc.nss(200): Error: NSC1007: Required argument "sVarName" missing in call to "GetLocalString"

dl_city_response_inc.nss(200): Error: NSC1020: Undeclared identifier "DL_PROFILE_GATE_POST"

dl_city_response_inc.nss(201): Error: NSC1039: Not all paths return a value

dl_city_response_inc.nss(213): Error: NSC1020: Undeclared identifier "DL_GetAbsoluteMinute"

dl_city_response_inc.nss(243): Error: NSC1020: Undeclared identifier "DL_GetAbsoluteMinute"

dl_city_response_inc.nss(244): Error: NSC1020: Undeclared identifier "DL_IsMinuteCooldownActive"

dl_city_response_inc.nss(249): Error: NSC1020: Undeclared identifier "DL_SetMinuteCooldown"

dl_city_response_inc.nss(286): Error: NSC1020: Undeclared identifier "DL_IsMinuteCooldownActive"

dl_city_response_inc.nss(287): Error: NSC1039: Not all paths return a value

dl_city_response_inc.nss(324): Error: NSC1020: Undeclared identifier "DL_GetAbsoluteMinute"

dl_city_response_inc.nss(340): Error: NSC1020: Undeclared identifier "DL_IsMinuteCooldownActive"

dl_city_response_inc.nss(344): Error: NSC1020: Undeclared identifier "DL_SetMinuteCooldown"

dl_city_response_inc.nss(348): Error: NSC1020: Undeclared identifier "LOCATION_INVALID"

dl_city_response_inc.nss(348): Error: NSC1020: Undeclared identifier "DL_GetAbsoluteMinute"

dl_city_response_inc.nss(348): Error: NSC1020: Undeclared identifier "DL_OrchestrateRuntimeAction"

dl_legal_inc.nss(60): Error: NSC1020: Undeclared identifier "DL_GetAbsoluteMinute"

dl_legal_inc.nss(97): Error: NSC1020: Undeclared identifier "DL_GetAbsoluteMinute"

dl_legal_inc.nss(97): Error: NSC1007: Required argument "nValue" missing in call to "SetLocalInt"

dl_legal_inc.nss(112): Error: NSC1020: Undeclared identifier "DL_GetAbsoluteMinute"

dl_legal_inc.nss(148): Error: NSC1020: Undeclared identifier "DL_GetAbsoluteMinute"

dl_legal_inc.nss(148): Error: NSC1007: Required argument "nValue" missing in call to "SetLocalInt"

dl_legal_inc.nss(167): Error: NSC1020: Undeclared identifier "DL_GetAbsoluteMinute"

dl_legal_inc.nss(167): Error: NSC1007: Required argument "nValue" missing in call to "SetLocalInt"

dl_cr_crime_inc.nss(97): Error: NSC1020: Undeclared identifier "DL_GetAbsoluteMinute"

dl_cr_crime_inc.nss(145): Error: NSC1020: Undeclared identifier "DL_GetAbsoluteMinute"

dl_cr_crime_inc.nss(145): Error: NSC1007: Required argument "nValue" missing in call to "SetLocalInt"

dl_cr_crime_inc.nss(232): Error: NSC1020: Undeclared identifier "DL_GetAbsoluteMinute"

dl_cr_crime_inc.nss(233): Error: NSC1020: Undeclared identifier "DL_IsMinuteCooldownActive"

dl_cr_crime_inc.nss(237): Error: NSC1020: Undeclared identifier "DL_SetMinuteCooldown"

dl_cr_crime_inc.nss(284): Error: NSC1020: Undeclared identifier "DL_SELECTION_SCORE_INF"

dl_cr_crime_inc.nss(285): Error: NSC1020: Undeclared identifier "DL_SELECTION_SCORE_INF"

dl_cr_crime_inc.nss(314): Error: NSC1020: Undeclared identifier "DL_SelectionBuildTieKey"

dl_cr_crime_inc.nss(315): Error: NSC1020: Undeclared identifier "DL_SelectionCompare"

dl_cr_crime_inc.nss(324): Error: NSC1020: Undeclared identifier "DL_SelectionCompare"

dl_cr_crime_inc.nss(342): Error: NSC1020: Undeclared identifier "DL_GetAbsoluteMinute"

dl_cr_crime_inc.nss(351): Error: NSC1020: Undeclared identifier "LOCATION_INVALID"

dl_cr_crime_inc.nss(351): Error: NSC1020: Undeclared identifier "DL_GetAbsoluteMinute"

dl_cr_crime_inc.nss(351): Error: NSC1020: Undeclared identifier "DL_OrchestrateRuntimeAction"

dl_cr_crime_inc.nss(365): Error: NSC1020: Undeclared identifier "LOCATION_INVALID"

dl_cr_crime_inc.nss(365): Error: NSC1020: Undeclared identifier "DL_GetAbsoluteMinute"

dl_cr_crime_inc.nss(365): Error: NSC1020: Undeclared identifier "DL_OrchestrateRuntimeAction"

dl_cr_crime_inc.nss(369): Error: NSC1020: Undeclared identifier "LOCATION_INVALID"

dl_cr_crime_inc.nss(369): Error: NSC1020: Undeclared identifier "DL_GetAbsoluteMinute"

dl_cr_crime_inc.nss(369): Error: NSC1020: Undeclared identifier "DL_OrchestrateRuntimeAction"

dl_cr_crime_inc.nss(398): Error: NSC1020: Undeclared identifier "DL_PipelineUpdateDiagnostic"

dl_cr_crime_inc.nss(408): Error: NSC1020: Undeclared identifier "DL_GetAbsoluteMinute"

dl_cr_crime_inc.nss(408): Error: NSC1007: Required argument "nUntilAbsMin" missing in call to "DL_CR_SetDetainPending"

dl_cr_crime_inc.nss(415): Error: NSC1020: Undeclared identifier "DL_PipelineUpdateDiagnostic"

dl_cr_crime_inc.nss(444): Error: NSC1020: Undeclared identifier "DL_CR_EVT_PICKPOCKET"

dl_cr_crime_inc.nss(444): Error: NSC1020: Undeclared identifier "DL_CR_EVT_CONTAINER_THEFT"

dl_cr_crime_inc.nss(462): Error: NSC1020: Undeclared identifier "DL_GetAbsoluteMinute"

dl_cr_crime_inc.nss(480): Error: NSC1020: Undeclared identifier "DL_GetAbsoluteMinute"

dl_cr_crime_inc.nss(531): Error: NSC1020: Undeclared identifier "DL_CR_EVT_DOOR_LOCKPICK"

dl_cr_crime_inc.nss(535): Error: NSC1020: Undeclared identifier "DL_CR_EVT_PLACEABLE_LOCKPICK"

dl_cr_crime_inc.nss(541): Error: NSC1020: Undeclared identifier "DL_CR_EVT_RESTRICTED_ENTRY"

dl_cr_crime_inc.nss(588): Error: NSC1020: Undeclared identifier "DL_CR_EVT_RESTRICTED_ENTRY"

dl_cr_crime_inc.nss(588): Error: NSC1007: Required argument "sKind" missing in call to "DL_CR_RegisterCrimeIncident"

dl_cr_crime_inc.nss(605): Error: NSC1020: Undeclared identifier "DL_GetAbsoluteMinute"

dl_cr_crime_inc.nss(605): Error: NSC1020: Undeclared identifier "DL_OrchestrateRuntimeAction"

dl_cr_crime_inc.nss(626): Error: NSC1020: Undeclared identifier "LOCATION_INVALID"

dl_cr_crime_inc.nss(626): Error: NSC1020: Undeclared identifier "DL_GetAbsoluteMinute"

dl_cr_crime_inc.nss(626): Error: NSC1020: Undeclared identifier "DL_OrchestrateRuntimeAction"

dl_cr_crime_inc.nss(637): Error: NSC1020: Undeclared identifier "DL_GetAbsoluteMinute"

dl_cr_crime_inc.nss(637): Error: NSC1007: Required argument "nUntilAbsMin" missing in call to "DL_CR_SetDetainPending"

dl_cr_crime_inc.nss(643): Error: NSC1020: Undeclared identifier "LOCATION_INVALID"

dl_cr_crime_inc.nss(643): Error: NSC1020: Undeclared identifier "DL_GetAbsoluteMinute"

dl_cr_crime_inc.nss(643): Error: NSC1020: Undeclared identifier "DL_OrchestrateRuntimeAction"

Compilation aborted with errors.

Processing aborted.

Total Execution time = 32ms

Running mode 'check' for 'D:\a\COMPILATOR\COMPILATOR\daily_life\dl_lg_resolve_detain.nss' from 'D:\a\COMPILATOR\COMPILATOR\tools\nwn2_compiler\bin': D:\a\COMPILATOR\COMPILATOR\tools\nwn2_compiler\bin\NWNScriptCompiler.exe -c -a -i D:\a\COMPILATOR\COMPILATOR\daily_life -i D:\a\COMPILATOR\COMPILATOR\tools\nwn2_compiler\stock_scripts -b D:\a\COMPILATOR\COMPILATOR\artifacts\ncc D:\a\COMPILATOR\COMPILATOR\daily_life\dl_lg_resolve_detain.nss
NWNScriptCompiler - built Jan 29 2014 19:24:04
Copyright (C) 2008-2014 Skywing.
Portions copyright (C) 2002-2003, Edward T. Smith.
Portions copyright (C) 2003, The Open Knights Consortium.
Compiling: dl_lg_resolve_detain.NSS

dl_runtime_contract_inc.nss(196): Error: NSC1020: Undeclared identifier "DL_LogChatDebugEvent"

dl_runtime_contract_inc.nss(244): Error: NSC1020: Undeclared identifier "DL_IsAreaObject"

dl_runtime_contract_inc.nss(245): Error: NSC1039: Not all paths return a value

dl_runtime_contract_inc.nss(254): Error: NSC1020: Undeclared identifier "DL_GetAreaTier"

dl_runtime_contract_inc.nss(265): Error: NSC1020: Undeclared identifier "DL_GetAreaTier"

dl_runtime_contract_inc.nss(266): Error: NSC1039: Not all paths return a value

dl_runtime_contract_inc.nss(275): Error: NSC1020: Undeclared identifier "DL_GetAreaTier"

dl_runtime_contract_inc.nss(276): Error: NSC1039: Not all paths return a value

dl_runtime_contract_inc.nss(369): Error: NSC1020: Undeclared identifier "LOCATION_INVALID"

dl_runtime_contract_inc.nss(389): Error: NSC1020: Undeclared identifier "oActor"

dl_runtime_contract_inc.nss(389): Error: NSC1007: Required argument "oObject" missing in call to "GetIsObjectValid"

dl_runtime_contract_inc.nss(391): Error: NSC1080: Return statement outside the scope of a function

dl_runtime_contract_inc.nss(394): Error: NSC1020: Undeclared identifier "sNoopStateKey"

dl_runtime_contract_inc.nss(394): Error: NSC1020: Undeclared identifier "sNoopStateValue"

dl_runtime_contract_inc.nss(394): Error: NSC1020: Undeclared identifier "nExecutionWindow"

dl_runtime_contract_inc.nss(396): Error: NSC1020: Undeclared identifier "oActor"

dl_runtime_contract_inc.nss(396): Error: NSC1020: Undeclared identifier "sNoopStateKey"

dl_runtime_contract_inc.nss(396): Error: NSC1007: Required argument "oObject" missing in call to "GetLocalString"

dl_runtime_contract_inc.nss(396): Error: NSC1020: Undeclared identifier "sNoopStateValue"

dl_runtime_contract_inc.nss(397): Error: NSC1020: Undeclared identifier "oActor"

dl_runtime_contract_inc.nss(397): Error: NSC1007: Required argument "oObject" missing in call to "GetLocalInt"

dl_runtime_contract_inc.nss(397): Error: NSC1020: Undeclared identifier "nExecutionWindow"

dl_runtime_contract_inc.nss(398): Error: NSC1020: Undeclared identifier "oActor"

dl_runtime_contract_inc.nss(398): Error: NSC1007: Required argument "oObject" missing in call to "GetLocalString"

dl_runtime_contract_inc.nss(398): Error: NSC1020: Undeclared identifier "sNoopStateValue"

dl_runtime_contract_inc.nss(400): Error: NSC1080: Return statement outside the scope of a function

dl_runtime_contract_inc.nss(404): Error: NSC1020: Undeclared identifier "oActor"

dl_runtime_contract_inc.nss(404): Error: NSC1020: Undeclared identifier "sPreStatusKey"

dl_runtime_contract_inc.nss(404): Error: NSC1020: Undeclared identifier "sPreStatus"

dl_runtime_contract_inc.nss(404): Error: NSC1020: Undeclared identifier "sPreDiagKey"

dl_runtime_contract_inc.nss(404): Error: NSC1020: Undeclared identifier "sPreDiag"

dl_runtime_contract_inc.nss(404): Error: NSC1007: Required argument "oNpc" missing in call to "DL_SetRuntimeState"

dl_runtime_contract_inc.nss(405): Error: NSC1020: Undeclared identifier "bResetQueue"

dl_runtime_contract_inc.nss(407): Error: NSC1020: Undeclared identifier "oActor"

dl_runtime_contract_inc.nss(407): Error: NSC1007: Required argument "oActionSubject" missing in call to "AssignCommand"

dl_runtime_contract_inc.nss(410): Error: NSC1020: Undeclared identifier "nActionKind"

dl_runtime_contract_inc.nss(414): Error: NSC1020: Undeclared identifier "nActionKind"

dl_runtime_contract_inc.nss(416): Error: NSC1020: Undeclared identifier "oActor"

dl_runtime_contract_inc.nss(416): Error: NSC1020: Undeclared identifier "oTarget"

dl_runtime_contract_inc.nss(416): Error: NSC1020: Undeclared identifier "bRun"

dl_runtime_contract_inc.nss(416): Error: NSC1020: Undeclared identifier "fRange"

dl_runtime_contract_inc.nss(416): Error: NSC1020: Undeclared identifier "DL_CommandMoveToObject"

dl_runtime_contract_inc.nss(418): Error: NSC1020: Undeclared identifier "nActionKind"

dl_runtime_contract_inc.nss(420): Error: NSC1020: Undeclared identifier "oActor"

dl_runtime_contract_inc.nss(420): Error: NSC1020: Undeclared identifier "lTarget"

dl_runtime_contract_inc.nss(420): Error: NSC1020: Undeclared identifier "bRun"

dl_runtime_contract_inc.nss(420): Error: NSC1020: Undeclared identifier "DL_CommandMoveToLocation"

dl_runtime_contract_inc.nss(422): Error: NSC1020: Undeclared identifier "nActionKind"

dl_runtime_contract_inc.nss(424): Error: NSC1020: Undeclared identifier "oActor"

dl_runtime_contract_inc.nss(424): Error: NSC1020: Undeclared identifier "lTarget"

dl_runtime_contract_inc.nss(424): Error: NSC1020: Undeclared identifier "DL_CommandJumpToLocation"

dl_runtime_contract_inc.nss(426): Error: NSC1020: Undeclared identifier "nActionKind"

dl_runtime_contract_inc.nss(428): Error: NSC1020: Undeclared identifier "oActor"

dl_runtime_contract_inc.nss(428): Error: NSC1020: Undeclared identifier "oTarget"

dl_runtime_contract_inc.nss(428): Error: NSC1020: Undeclared identifier "sDialogResRef"

dl_runtime_contract_inc.nss(428): Error: NSC1020: Undeclared identifier "bPrivateConversation"

dl_runtime_contract_inc.nss(428): Error: NSC1020: Undeclared identifier "bPlayHello"

dl_runtime_contract_inc.nss(428): Error: NSC1020: Undeclared identifier "DL_CommandStartConversation"

dl_runtime_contract_inc.nss(430): Error: NSC1020: Undeclared identifier "nActionKind"

dl_runtime_contract_inc.nss(432): Error: NSC1020: Undeclared identifier "oActor"

dl_runtime_contract_inc.nss(432): Error: NSC1020: Undeclared identifier "oTarget"

dl_runtime_contract_inc.nss(432): Error: NSC1020: Undeclared identifier "DL_CommandAttack"

dl_runtime_contract_inc.nss(436): Error: NSC1080: Return statement outside the scope of a function

dl_runtime_contract_inc.nss(440): Error: NSC1020: Undeclared identifier "oActor"

dl_runtime_contract_inc.nss(441): Error: NSC1020: Undeclared identifier "sPostStatusKey"

dl_runtime_contract_inc.nss(442): Error: NSC1020: Undeclared identifier "sPostStatus"

dl_runtime_contract_inc.nss(443): Error: NSC1020: Undeclared identifier "sPostDiagKey"

dl_runtime_contract_inc.nss(444): Error: NSC1020: Undeclared identifier "sPostDiag"

dl_runtime_contract_inc.nss(446): Error: NSC1020: Undeclared identifier "nExecutionWindow"

dl_runtime_contract_inc.nss(447): Error: NSC1020: Undeclared identifier "sNoopStateKey"

dl_runtime_contract_inc.nss(449): Error: NSC1020: Undeclared identifier "sNoopStateValue"

dl_runtime_contract_inc.nss(449): Error: NSC1007: Required argument "oActor" missing in call to "DL_OnNpcActionDispatched"

dl_runtime_contract_inc.nss(451): Error: NSC1080: Return statement outside the scope of a function

dl_runtime_contract_inc.nss(550): Error: NSC1020: Undeclared identifier "OBJECT_TYPE_AREA"

dl_runtime_contract_inc.nss(551): Error: NSC1039: Not all paths return a value

dl_config_inc.nss(56): Error: NSC1003: Operator (>) not valid for specified types

dl_diag_inc.nss(6): Error: NSC1020: Undeclared identifier "DL_DIR_NONE"

dl_diag_inc.nss(10): Error: NSC1020: Undeclared identifier "DL_DIR_SLEEP"

dl_diag_inc.nss(14): Error: NSC1020: Undeclared identifier "DL_DIR_WORK"

dl_diag_inc.nss(18): Error: NSC1020: Undeclared identifier "DL_DIR_SOCIAL"

dl_diag_inc.nss(22): Error: NSC1020: Undeclared identifier "DL_DIR_MEAL"

dl_diag_inc.nss(26): Error: NSC1020: Undeclared identifier "DL_DIR_PUBLIC"

dl_diag_inc.nss(30): Error: NSC1020: Undeclared identifier "DL_DIR_CHILL"

dl_diag_inc.nss(39): Error: NSC1020: Undeclared identifier "DL_L_NPC_TRANSITION_DIAGNOSTIC"

dl_diag_inc.nss(39): Error: NSC1007: Required argument "sVarName" missing in call to "GetLocalString"

dl_diag_inc.nss(45): Error: NSC1020: Undeclared identifier "DL_L_NPC_SLEEP_DIAGNOSTIC"

dl_diag_inc.nss(45): Error: NSC1007: Required argument "sVarName" missing in call to "GetLocalString"

dl_diag_inc.nss(51): Error: NSC1020: Undeclared identifier "DL_L_NPC_WORK_DIAGNOSTIC"

dl_diag_inc.nss(51): Error: NSC1007: Required argument "sVarName" missing in call to "GetLocalString"

dl_diag_inc.nss(57): Error: NSC1020: Undeclared identifier "DL_L_NPC_FOCUS_DIAGNOSTIC"

dl_diag_inc.nss(57): Error: NSC1007: Required argument "sVarName" missing in call to "GetLocalString"

dl_diag_inc.nss(69): Error: NSC1020: Undeclared identifier "DL_L_NPC_TRANSITION_STATUS"

dl_diag_inc.nss(69): Error: NSC1007: Required argument "sVarName" missing in call to "GetLocalString"

dl_diag_inc.nss(75): Error: NSC1020: Undeclared identifier "DL_L_NPC_SLEEP_STATUS"

dl_diag_inc.nss(75): Error: NSC1007: Required argument "sVarName" missing in call to "GetLocalString"

dl_diag_inc.nss(81): Error: NSC1020: Undeclared identifier "DL_L_NPC_WORK_STATUS"

dl_diag_inc.nss(81): Error: NSC1007: Required argument "sVarName" missing in call to "GetLocalString"

dl_diag_inc.nss(87): Error: NSC1020: Undeclared identifier "DL_L_NPC_FOCUS_STATUS"

dl_diag_inc.nss(87): Error: NSC1007: Required argument "sVarName" missing in call to "GetLocalString"

dl_diag_inc.nss(115): Error: NSC1020: Undeclared identifier "DL_L_NPC_PROFILE_ID"

dl_diag_inc.nss(115): Error: NSC1007: Required argument "sVarName" missing in call to "GetLocalString"

dl_diag_inc.nss(116): Error: NSC1020: Undeclared identifier "DL_L_NPC_DIRECTIVE"

dl_diag_inc.nss(116): Error: NSC1007: Required argument "sVarName" missing in call to "GetLocalInt"

dl_diag_inc.nss(116): Error: NSC1007: Required argument "nDirective" missing in call to "DL_GetDirectiveLabel"

dl_diag_inc.nss(117): Error: NSC1020: Undeclared identifier "DL_L_NPC_STATE"

dl_diag_inc.nss(117): Error: NSC1007: Required argument "sVarName" missing in call to "GetLocalString"

dl_diag_inc.nss(119): Error: NSC1020: Undeclared identifier "DL_L_NPC_SLEEP_STATUS"

dl_diag_inc.nss(119): Error: NSC1007: Required argument "sVarName" missing in call to "GetLocalString"

dl_diag_inc.nss(120): Error: NSC1020: Undeclared identifier "DL_L_NPC_SLEEP_TARGET"

dl_diag_inc.nss(120): Error: NSC1007: Required argument "sVarName" missing in call to "GetLocalString"

dl_diag_inc.nss(121): Error: NSC1020: Undeclared identifier "DL_L_NPC_WORK_STATUS"

dl_diag_inc.nss(121): Error: NSC1007: Required argument "sVarName" missing in call to "GetLocalString"

dl_diag_inc.nss(122): Error: NSC1020: Undeclared identifier "DL_L_NPC_WORK_TARGET"

dl_diag_inc.nss(122): Error: NSC1007: Required argument "sVarName" missing in call to "GetLocalString"

dl_diag_inc.nss(123): Error: NSC1020: Undeclared identifier "DL_L_NPC_TRANSITION_STATUS"

dl_diag_inc.nss(123): Error: NSC1007: Required argument "sVarName" missing in call to "GetLocalString"

dl_diag_inc.nss(124): Error: NSC1020: Undeclared identifier "DL_L_NPC_TRANSITION_TARGET"

dl_diag_inc.nss(124): Error: NSC1007: Required argument "sVarName" missing in call to "GetLocalString"

dl_diag_inc.nss(131): Error: NSC1020: Undeclared identifier "DL_L_NPC_DIRECTIVE"

dl_diag_inc.nss(131): Error: NSC1007: Required argument "sVarName" missing in call to "GetLocalInt"

dl_diag_inc.nss(131): Error: NSC1007: Required argument "nDirective" missing in call to "DL_GetDirectiveLabel"

dl_diag_inc.nss(132): Error: NSC1020: Undeclared identifier "DL_L_NPC_STATE"

dl_diag_inc.nss(132): Error: NSC1007: Required argument "sVarName" missing in call to "GetLocalString"

dl_diag_inc.nss(134): Error: NSC1020: Undeclared identifier "DL_L_NPC_SLEEP_STATUS"

dl_diag_inc.nss(134): Error: NSC1007: Required argument "sVarName" missing in call to "GetLocalString"

dl_diag_inc.nss(135): Error: NSC1020: Undeclared identifier "DL_L_NPC_SLEEP_TARGET"

dl_diag_inc.nss(135): Error: NSC1007: Required argument "sVarName" missing in call to "GetLocalString"

dl_diag_inc.nss(136): Error: NSC1020: Undeclared identifier "DL_L_NPC_WORK_STATUS"

dl_diag_inc.nss(136): Error: NSC1007: Required argument "sVarName" missing in call to "GetLocalString"

dl_diag_inc.nss(137): Error: NSC1020: Undeclared identifier "DL_L_NPC_WORK_TARGET"

dl_diag_inc.nss(137): Error: NSC1007: Required argument "sVarName" missing in call to "GetLocalString"

dl_diag_inc.nss(138): Error: NSC1020: Undeclared identifier "DL_L_NPC_TRANSITION_STATUS"

dl_diag_inc.nss(138): Error: NSC1007: Required argument "sVarName" missing in call to "GetLocalString"

dl_diag_inc.nss(139): Error: NSC1020: Undeclared identifier "DL_L_NPC_TRANSITION_TARGET"

dl_diag_inc.nss(139): Error: NSC1007: Required argument "sVarName" missing in call to "GetLocalString"

dl_diag_inc.nss(140): Error: NSC1039: Not all paths return a value

dl_registry_inc.nss(10): Error: NSC1051: Constant "DL_TIER_WARM" must be initialized before it may be referenced

dl_registry_inc.nss(11): Error: NSC1051: Constant "DL_TIER_HOT" must be initialized before it may be referenced

dl_registry_inc.nss(70): Error: NSC1020: Undeclared identifier "DL_AddLocalInt"

dl_registry_inc.nss(71): Error: NSC1039: Not all paths return a value

dl_registry_inc.nss(166): Error: NSC1020: Undeclared identifier "DL_ShouldRunByAreaTickInterval"

dl_registry_inc.nss(763): Error: NSC1020: Undeclared identifier "DL_L_NPC_PROFILE_ID"

dl_registry_inc.nss(763): Error: NSC1007: Required argument "sVarName" missing in call to "GetLocalString"

dl_registry_inc.nss(765): Error: NSC1020: Undeclared identifier "DL_L_NPC_PROFILE_ID"

dl_registry_inc.nss(765): Error: NSC1007: Required argument "sVarName" missing in call to "SetLocalString"

dl_registry_inc.nss(767): Error: NSC1020: Undeclared identifier "DL_L_NPC_STATE"

dl_registry_inc.nss(767): Error: NSC1007: Required argument "sVarName" missing in call to "GetLocalString"

dl_registry_inc.nss(769): Error: NSC1020: Undeclared identifier "DL_L_NPC_STATE"

dl_registry_inc.nss(769): Error: NSC1007: Required argument "sVarName" missing in call to "SetLocalString"

dl_resync_inc.nss(74): Error: NSC1020: Undeclared identifier "DL_ResolveNpcDirective"

dl_resync_inc.nss(75): Error: NSC1020: Undeclared identifier "DL_ApplyDirectiveSkeleton"

dl_worker_inc.nss(43): Error: NSC1020: Undeclared identifier "DL_ClampInt"

dl_worker_inc.nss(70): Error: NSC1020: Undeclared identifier "DL_L_MODULE_WORKER_TICKS"

dl_worker_inc.nss(70): Error: NSC1007: Required argument "sKey" missing in call to "DL_IncLocalInt"

dl_worker_inc.nss(73): Error: NSC1020: Undeclared identifier "DL_L_AREA_WORKER_LAST_PROCESSED"

dl_worker_inc.nss(73): Error: NSC1007: Required argument "sVarName" missing in call to "SetLocalInt"

dl_worker_inc.nss(74): Error: NSC1020: Undeclared identifier "DL_L_MODULE_WORKER_LAST_PROCESSED"

dl_worker_inc.nss(74): Error: NSC1007: Required argument "sVarName" missing in call to "SetLocalInt"

dl_worker_inc.nss(94): Error: NSC1020: Undeclared identifier "DL_L_AREA_RESYNC_LAST_PROCESSED"

dl_worker_inc.nss(94): Error: NSC1007: Required argument "sVarName" missing in call to "SetLocalInt"

dl_worker_inc.nss(95): Error: NSC1020: Undeclared identifier "DL_L_MODULE_RESYNC_LAST_PROCESSED"

dl_worker_inc.nss(95): Error: NSC1007: Required argument "sVarName" missing in call to "SetLocalInt"

dl_worker_inc.nss(455): Error: NSC1020: Undeclared identifier "DL_ResolveNpcDirective"

dl_worker_inc.nss(456): Error: NSC1020: Undeclared identifier "DL_ApplyDirectiveSkeleton"

dl_lifecycle_inc.nss(22): Error: NSC1050: Non-constant value specified for constant "DL_NPC_RESET_DIRECTIVE_EXEC_ALL"

dl_lifecycle_inc.nss(33): Error: NSC1020: Undeclared identifier "DL_L_NPC_SLEEP_TARGET_VALID"

dl_lifecycle_inc.nss(33): Error: NSC1007: Required argument "sVarName" missing in call to "DeleteLocalInt"

dl_lifecycle_inc.nss(37): Error: NSC1020: Undeclared identifier "DL_L_NPC_WORK_TARGET"

dl_lifecycle_inc.nss(37): Error: NSC1007: Required argument "sVarName" missing in call to "DeleteLocalObject"

dl_lifecycle_inc.nss(41): Error: NSC1020: Undeclared identifier "DL_L_NPC_MEAL_TARGET"

dl_lifecycle_inc.nss(41): Error: NSC1007: Required argument "sVarName" missing in call to "DeleteLocalObject"

dl_lifecycle_inc.nss(45): Error: NSC1020: Undeclared identifier "DL_L_NPC_CHILL_TARGET"

dl_lifecycle_inc.nss(45): Error: NSC1007: Required argument "sVarName" missing in call to "DeleteLocalObject"

dl_lifecycle_inc.nss(49): Error: NSC1020: Undeclared identifier "DL_L_NPC_SOCIAL_TARGET"

dl_lifecycle_inc.nss(49): Error: NSC1007: Required argument "sVarName" missing in call to "DeleteLocalObject"

dl_lifecycle_inc.nss(50): Error: NSC1020: Undeclared identifier "DL_L_NPC_SOCIAL_PARTNER"

dl_lifecycle_inc.nss(50): Error: NSC1007: Required argument "sVarName" missing in call to "DeleteLocalObject"

dl_lifecycle_inc.nss(54): Error: NSC1020: Undeclared identifier "DL_L_NPC_PUBLIC_TARGET"

dl_lifecycle_inc.nss(54): Error: NSC1007: Required argument "sVarName" missing in call to "DeleteLocalObject"

dl_lifecycle_inc.nss(97): Error: NSC1020: Undeclared identifier "DL_L_NPC_BLOCKED_OBJ"

dl_lifecycle_inc.nss(97): Error: NSC1007: Required argument "sVarName" missing in call to "DeleteLocalObject"

dl_lifecycle_inc.nss(98): Error: NSC1020: Undeclared identifier "DL_L_NPC_BLOCKED_TAG"

dl_lifecycle_inc.nss(98): Error: NSC1007: Required argument "sVarName" missing in call to "DeleteLocalString"

dl_lifecycle_inc.nss(99): Error: NSC1020: Undeclared identifier "DL_L_NPC_BLOCKED_TYPE"

dl_lifecycle_inc.nss(99): Error: NSC1007: Required argument "sVarName" missing in call to "DeleteLocalInt"

dl_lifecycle_inc.nss(100): Error: NSC1020: Undeclared identifier "DL_L_NPC_BLOCKED_BUSY"

dl_lifecycle_inc.nss(100): Error: NSC1007: Required argument "sVarName" missing in call to "DeleteLocalInt"

dl_city_response_inc.nss(47): Error: NSC1020: Undeclared identifier "DL_ClampInt"

dl_city_response_inc.nss(55): Error: NSC1020: Undeclared identifier "DL_GetAbsoluteMinute"

dl_city_response_inc.nss(155): Error: NSC1020: Undeclared identifier "GetIsInConversation"

dl_city_response_inc.nss(155): Error: NSC1020: Undeclared identifier "GetIsInConversation"

dl_city_response_inc.nss(172): Error: NSC1020: Undeclared identifier "LOCATION_INVALID"

dl_city_response_inc.nss(185): Error: NSC1020: Undeclared identifier "DL_GetAbsoluteMinute"

dl_city_response_inc.nss(188): Error: NSC1020: Undeclared identifier "DL_OrchestrateRuntimeAction"

dl_city_response_inc.nss(189): Error: NSC1020: Undeclared identifier "LOCATION_INVALID"

dl_city_response_inc.nss(189): Error: NSC1020: Undeclared identifier "DL_OrchestrateRuntimeAction"

dl_city_response_inc.nss(193): Error: NSC1020: Undeclared identifier "LOCATION_INVALID"

dl_city_response_inc.nss(193): Error: NSC1020: Undeclared identifier "DL_OrchestrateRuntimeAction"

dl_city_response_inc.nss(200): Error: NSC1020: Undeclared identifier "DL_L_NPC_PROFILE_ID"

dl_city_response_inc.nss(200): Error: NSC1007: Required argument "sVarName" missing in call to "GetLocalString"

dl_city_response_inc.nss(200): Error: NSC1020: Undeclared identifier "DL_PROFILE_GATE_POST"

dl_city_response_inc.nss(201): Error: NSC1039: Not all paths return a value

dl_city_response_inc.nss(213): Error: NSC1020: Undeclared identifier "DL_GetAbsoluteMinute"

dl_city_response_inc.nss(243): Error: NSC1020: Undeclared identifier "DL_GetAbsoluteMinute"

dl_city_response_inc.nss(244): Error: NSC1020: Undeclared identifier "DL_IsMinuteCooldownActive"

dl_city_response_inc.nss(249): Error: NSC1020: Undeclared identifier "DL_SetMinuteCooldown"

dl_city_response_inc.nss(286): Error: NSC1020: Undeclared identifier "DL_IsMinuteCooldownActive"

dl_city_response_inc.nss(287): Error: NSC1039: Not all paths return a value

dl_city_response_inc.nss(324): Error: NSC1020: Undeclared identifier "DL_GetAbsoluteMinute"

dl_city_response_inc.nss(340): Error: NSC1020: Undeclared identifier "DL_IsMinuteCooldownActive"

dl_city_response_inc.nss(344): Error: NSC1020: Undeclared identifier "DL_SetMinuteCooldown"

dl_city_response_inc.nss(348): Error: NSC1020: Undeclared identifier "LOCATION_INVALID"

dl_city_response_inc.nss(348): Error: NSC1020: Undeclared identifier "DL_GetAbsoluteMinute"

dl_city_response_inc.nss(348): Error: NSC1020: Undeclared identifier "DL_OrchestrateRuntimeAction"

dl_legal_inc.nss(60): Error: NSC1020: Undeclared identifier "DL_GetAbsoluteMinute"

dl_legal_inc.nss(97): Error: NSC1020: Undeclared identifier "DL_GetAbsoluteMinute"

dl_legal_inc.nss(97): Error: NSC1007: Required argument "nValue" missing in call to "SetLocalInt"

dl_legal_inc.nss(112): Error: NSC1020: Undeclared identifier "DL_GetAbsoluteMinute"

dl_legal_inc.nss(148): Error: NSC1020: Undeclared identifier "DL_GetAbsoluteMinute"

dl_legal_inc.nss(148): Error: NSC1007: Required argument "nValue" missing in call to "SetLocalInt"

dl_legal_inc.nss(167): Error: NSC1020: Undeclared identifier "DL_GetAbsoluteMinute"

dl_legal_inc.nss(167): Error: NSC1007: Required argument "nValue" missing in call to "SetLocalInt"

dl_cr_crime_inc.nss(97): Error: NSC1020: Undeclared identifier "DL_GetAbsoluteMinute"

dl_cr_crime_inc.nss(145): Error: NSC1020: Undeclared identifier "DL_GetAbsoluteMinute"

dl_cr_crime_inc.nss(145): Error: NSC1007: Required argument "nValue" missing in call to "SetLocalInt"

dl_cr_crime_inc.nss(232): Error: NSC1020: Undeclared identifier "DL_GetAbsoluteMinute"

dl_cr_crime_inc.nss(233): Error: NSC1020: Undeclared identifier "DL_IsMinuteCooldownActive"

dl_cr_crime_inc.nss(237): Error: NSC1020: Undeclared identifier "DL_SetMinuteCooldown"

dl_cr_crime_inc.nss(284): Error: NSC1020: Undeclared identifier "DL_SELECTION_SCORE_INF"

dl_cr_crime_inc.nss(285): Error: NSC1020: Undeclared identifier "DL_SELECTION_SCORE_INF"

dl_cr_crime_inc.nss(314): Error: NSC1020: Undeclared identifier "DL_SelectionBuildTieKey"

dl_cr_crime_inc.nss(315): Error: NSC1020: Undeclared identifier "DL_SelectionCompare"

dl_cr_crime_inc.nss(324): Error: NSC1020: Undeclared identifier "DL_SelectionCompare"

dl_cr_crime_inc.nss(342): Error: NSC1020: Undeclared identifier "DL_GetAbsoluteMinute"

dl_cr_crime_inc.nss(351): Error: NSC1020: Undeclared identifier "LOCATION_INVALID"

dl_cr_crime_inc.nss(351): Error: NSC1020: Undeclared identifier "DL_GetAbsoluteMinute"

dl_cr_crime_inc.nss(351): Error: NSC1020: Undeclared identifier "DL_OrchestrateRuntimeAction"

dl_cr_crime_inc.nss(365): Error: NSC1020: Undeclared identifier "LOCATION_INVALID"

dl_cr_crime_inc.nss(365): Error: NSC1020: Undeclared identifier "DL_GetAbsoluteMinute"

dl_cr_crime_inc.nss(365): Error: NSC1020: Undeclared identifier "DL_OrchestrateRuntimeAction"

dl_cr_crime_inc.nss(369): Error: NSC1020: Undeclared identifier "LOCATION_INVALID"

dl_cr_crime_inc.nss(369): Error: NSC1020: Undeclared identifier "DL_GetAbsoluteMinute"

dl_cr_crime_inc.nss(369): Error: NSC1020: Undeclared identifier "DL_OrchestrateRuntimeAction"

dl_cr_crime_inc.nss(398): Error: NSC1020: Undeclared identifier "DL_PipelineUpdateDiagnostic"

dl_cr_crime_inc.nss(408): Error: NSC1020: Undeclared identifier "DL_GetAbsoluteMinute"

dl_cr_crime_inc.nss(408): Error: NSC1007: Required argument "nUntilAbsMin" missing in call to "DL_CR_SetDetainPending"

dl_cr_crime_inc.nss(415): Error: NSC1020: Undeclared identifier "DL_PipelineUpdateDiagnostic"

dl_cr_crime_inc.nss(444): Error: NSC1020: Undeclared identifier "DL_CR_EVT_PICKPOCKET"

dl_cr_crime_inc.nss(444): Error: NSC1020: Undeclared identifier "DL_CR_EVT_CONTAINER_THEFT"

dl_cr_crime_inc.nss(462): Error: NSC1020: Undeclared identifier "DL_GetAbsoluteMinute"

dl_cr_crime_inc.nss(480): Error: NSC1020: Undeclared identifier "DL_GetAbsoluteMinute"

dl_cr_crime_inc.nss(531): Error: NSC1020: Undeclared identifier "DL_CR_EVT_DOOR_LOCKPICK"

dl_cr_crime_inc.nss(535): Error: NSC1020: Undeclared identifier "DL_CR_EVT_PLACEABLE_LOCKPICK"

dl_cr_crime_inc.nss(541): Error: NSC1020: Undeclared identifier "DL_CR_EVT_RESTRICTED_ENTRY"

dl_cr_crime_inc.nss(588): Error: NSC1020: Undeclared identifier "DL_CR_EVT_RESTRICTED_ENTRY"

dl_cr_crime_inc.nss(588): Error: NSC1007: Required argument "sKind" missing in call to "DL_CR_RegisterCrimeIncident"

dl_cr_crime_inc.nss(605): Error: NSC1020: Undeclared identifier "DL_GetAbsoluteMinute"

dl_cr_crime_inc.nss(605): Error: NSC1020: Undeclared identifier "DL_OrchestrateRuntimeAction"

dl_cr_crime_inc.nss(626): Error: NSC1020: Undeclared identifier "LOCATION_INVALID"

dl_cr_crime_inc.nss(626): Error: NSC1020: Undeclared identifier "DL_GetAbsoluteMinute"

dl_cr_crime_inc.nss(626): Error: NSC1020: Undeclared identifier "DL_OrchestrateRuntimeAction"

dl_cr_crime_inc.nss(637): Error: NSC1020: Undeclared identifier "DL_GetAbsoluteMinute"

dl_cr_crime_inc.nss(637): Error: NSC1007: Required argument "nUntilAbsMin" missing in call to "DL_CR_SetDetainPending"

dl_cr_crime_inc.nss(643): Error: NSC1020: Undeclared identifier "LOCATION_INVALID"

dl_cr_crime_inc.nss(643): Error: NSC1020: Undeclared identifier "DL_GetAbsoluteMinute"

dl_cr_crime_inc.nss(643): Error: NSC1020: Undeclared identifier "DL_OrchestrateRuntimeAction"

Compilation aborted with errors.

Processing aborted.

Total Execution time = 31ms

Running mode 'check' for 'D:\a\COMPILATOR\COMPILATOR\daily_life\dl_lg_resolve_fine.nss' from 'D:\a\COMPILATOR\COMPILATOR\tools\nwn2_compiler\bin': D:\a\COMPILATOR\COMPILATOR\tools\nwn2_compiler\bin\NWNScriptCompiler.exe -c -a -i D:\a\COMPILATOR\COMPILATOR\daily_life -i D:\a\COMPILATOR\COMPILATOR\tools\nwn2_compiler\stock_scripts -b D:\a\COMPILATOR\COMPILATOR\artifacts\ncc D:\a\COMPILATOR\COMPILATOR\daily_life\dl_lg_resolve_fine.nss
NWNScriptCompiler - built Jan 29 2014 19:24:04
Copyright (C) 2008-2014 Skywing.
Portions copyright (C) 2002-2003, Edward T. Smith.
Portions copyright (C) 2003, The Open Knights Consortium.
Compiling: dl_lg_resolve_fine.NSS

dl_runtime_contract_inc.nss(196): Error: NSC1020: Undeclared identifier "DL_LogChatDebugEvent"

dl_runtime_contract_inc.nss(244): Error: NSC1020: Undeclared identifier "DL_IsAreaObject"

dl_runtime_contract_inc.nss(245): Error: NSC1039: Not all paths return a value

dl_runtime_contract_inc.nss(254): Error: NSC1020: Undeclared identifier "DL_GetAreaTier"

dl_runtime_contract_inc.nss(265): Error: NSC1020: Undeclared identifier "DL_GetAreaTier"

dl_runtime_contract_inc.nss(266): Error: NSC1039: Not all paths return a value

dl_runtime_contract_inc.nss(275): Error: NSC1020: Undeclared identifier "DL_GetAreaTier"

dl_runtime_contract_inc.nss(276): Error: NSC1039: Not all paths return a value

dl_runtime_contract_inc.nss(369): Error: NSC1020: Undeclared identifier "LOCATION_INVALID"

dl_runtime_contract_inc.nss(389): Error: NSC1020: Undeclared identifier "oActor"

dl_runtime_contract_inc.nss(389): Error: NSC1007: Required argument "oObject" missing in call to "GetIsObjectValid"

dl_runtime_contract_inc.nss(391): Error: NSC1080: Return statement outside the scope of a function

dl_runtime_contract_inc.nss(394): Error: NSC1020: Undeclared identifier "sNoopStateKey"

dl_runtime_contract_inc.nss(394): Error: NSC1020: Undeclared identifier "sNoopStateValue"

dl_runtime_contract_inc.nss(394): Error: NSC1020: Undeclared identifier "nExecutionWindow"

dl_runtime_contract_inc.nss(396): Error: NSC1020: Undeclared identifier "oActor"

dl_runtime_contract_inc.nss(396): Error: NSC1020: Undeclared identifier "sNoopStateKey"

dl_runtime_contract_inc.nss(396): Error: NSC1007: Required argument "oObject" missing in call to "GetLocalString"

dl_runtime_contract_inc.nss(396): Error: NSC1020: Undeclared identifier "sNoopStateValue"

dl_runtime_contract_inc.nss(397): Error: NSC1020: Undeclared identifier "oActor"

dl_runtime_contract_inc.nss(397): Error: NSC1007: Required argument "oObject" missing in call to "GetLocalInt"

dl_runtime_contract_inc.nss(397): Error: NSC1020: Undeclared identifier "nExecutionWindow"

dl_runtime_contract_inc.nss(398): Error: NSC1020: Undeclared identifier "oActor"

dl_runtime_contract_inc.nss(398): Error: NSC1007: Required argument "oObject" missing in call to "GetLocalString"

dl_runtime_contract_inc.nss(398): Error: NSC1020: Undeclared identifier "sNoopStateValue"

dl_runtime_contract_inc.nss(400): Error: NSC1080: Return statement outside the scope of a function

dl_runtime_contract_inc.nss(404): Error: NSC1020: Undeclared identifier "oActor"

dl_runtime_contract_inc.nss(404): Error: NSC1020: Undeclared identifier "sPreStatusKey"

dl_runtime_contract_inc.nss(404): Error: NSC1020: Undeclared identifier "sPreStatus"

dl_runtime_contract_inc.nss(404): Error: NSC1020: Undeclared identifier "sPreDiagKey"

dl_runtime_contract_inc.nss(404): Error: NSC1020: Undeclared identifier "sPreDiag"

dl_runtime_contract_inc.nss(404): Error: NSC1007: Required argument "oNpc" missing in call to "DL_SetRuntimeState"

dl_runtime_contract_inc.nss(405): Error: NSC1020: Undeclared identifier "bResetQueue"

dl_runtime_contract_inc.nss(407): Error: NSC1020: Undeclared identifier "oActor"

dl_runtime_contract_inc.nss(407): Error: NSC1007: Required argument "oActionSubject" missing in call to "AssignCommand"

dl_runtime_contract_inc.nss(410): Error: NSC1020: Undeclared identifier "nActionKind"

dl_runtime_contract_inc.nss(414): Error: NSC1020: Undeclared identifier "nActionKind"

dl_runtime_contract_inc.nss(416): Error: NSC1020: Undeclared identifier "oActor"

dl_runtime_contract_inc.nss(416): Error: NSC1020: Undeclared identifier "oTarget"

dl_runtime_contract_inc.nss(416): Error: NSC1020: Undeclared identifier "bRun"

dl_runtime_contract_inc.nss(416): Error: NSC1020: Undeclared identifier "fRange"

dl_runtime_contract_inc.nss(416): Error: NSC1020: Undeclared identifier "DL_CommandMoveToObject"

dl_runtime_contract_inc.nss(418): Error: NSC1020: Undeclared identifier "nActionKind"

dl_runtime_contract_inc.nss(420): Error: NSC1020: Undeclared identifier "oActor"

dl_runtime_contract_inc.nss(420): Error: NSC1020: Undeclared identifier "lTarget"

dl_runtime_contract_inc.nss(420): Error: NSC1020: Undeclared identifier "bRun"

dl_runtime_contract_inc.nss(420): Error: NSC1020: Undeclared identifier "DL_CommandMoveToLocation"

dl_runtime_contract_inc.nss(422): Error: NSC1020: Undeclared identifier "nActionKind"

dl_runtime_contract_inc.nss(424): Error: NSC1020: Undeclared identifier "oActor"

dl_runtime_contract_inc.nss(424): Error: NSC1020: Undeclared identifier "lTarget"

dl_runtime_contract_inc.nss(424): Error: NSC1020: Undeclared identifier "DL_CommandJumpToLocation"

dl_runtime_contract_inc.nss(426): Error: NSC1020: Undeclared identifier "nActionKind"

dl_runtime_contract_inc.nss(428): Error: NSC1020: Undeclared identifier "oActor"

dl_runtime_contract_inc.nss(428): Error: NSC1020: Undeclared identifier "oTarget"

dl_runtime_contract_inc.nss(428): Error: NSC1020: Undeclared identifier "sDialogResRef"

dl_runtime_contract_inc.nss(428): Error: NSC1020: Undeclared identifier "bPrivateConversation"

dl_runtime_contract_inc.nss(428): Error: NSC1020: Undeclared identifier "bPlayHello"

dl_runtime_contract_inc.nss(428): Error: NSC1020: Undeclared identifier "DL_CommandStartConversation"

dl_runtime_contract_inc.nss(430): Error: NSC1020: Undeclared identifier "nActionKind"

dl_runtime_contract_inc.nss(432): Error: NSC1020: Undeclared identifier "oActor"

dl_runtime_contract_inc.nss(432): Error: NSC1020: Undeclared identifier "oTarget"

dl_runtime_contract_inc.nss(432): Error: NSC1020: Undeclared identifier "DL_CommandAttack"

dl_runtime_contract_inc.nss(436): Error: NSC1080: Return statement outside the scope of a function

dl_runtime_contract_inc.nss(440): Error: NSC1020: Undeclared identifier "oActor"

dl_runtime_contract_inc.nss(441): Error: NSC1020: Undeclared identifier "sPostStatusKey"

dl_runtime_contract_inc.nss(442): Error: NSC1020: Undeclared identifier "sPostStatus"

dl_runtime_contract_inc.nss(443): Error: NSC1020: Undeclared identifier "sPostDiagKey"

dl_runtime_contract_inc.nss(444): Error: NSC1020: Undeclared identifier "sPostDiag"

dl_runtime_contract_inc.nss(446): Error: NSC1020: Undeclared identifier "nExecutionWindow"

dl_runtime_contract_inc.nss(447): Error: NSC1020: Undeclared identifier "sNoopStateKey"

dl_runtime_contract_inc.nss(449): Error: NSC1020: Undeclared identifier "sNoopStateValue"

dl_runtime_contract_inc.nss(449): Error: NSC1007: Required argument "oActor" missing in call to "DL_OnNpcActionDispatched"

dl_runtime_contract_inc.nss(451): Error: NSC1080: Return statement outside the scope of a function

dl_runtime_contract_inc.nss(550): Error: NSC1020: Undeclared identifier "OBJECT_TYPE_AREA"

dl_runtime_contract_inc.nss(551): Error: NSC1039: Not all paths return a value

dl_config_inc.nss(56): Error: NSC1003: Operator (>) not valid for specified types

dl_diag_inc.nss(6): Error: NSC1020: Undeclared identifier "DL_DIR_NONE"

dl_diag_inc.nss(10): Error: NSC1020: Undeclared identifier "DL_DIR_SLEEP"

dl_diag_inc.nss(14): Error: NSC1020: Undeclared identifier "DL_DIR_WORK"

dl_diag_inc.nss(18): Error: NSC1020: Undeclared identifier "DL_DIR_SOCIAL"

dl_diag_inc.nss(22): Error: NSC1020: Undeclared identifier "DL_DIR_MEAL"

dl_diag_inc.nss(26): Error: NSC1020: Undeclared identifier "DL_DIR_PUBLIC"

dl_diag_inc.nss(30): Error: NSC1020: Undeclared identifier "DL_DIR_CHILL"

dl_diag_inc.nss(39): Error: NSC1020: Undeclared identifier "DL_L_NPC_TRANSITION_DIAGNOSTIC"

dl_diag_inc.nss(39): Error: NSC1007: Required argument "sVarName" missing in call to "GetLocalString"

dl_diag_inc.nss(45): Error: NSC1020: Undeclared identifier "DL_L_NPC_SLEEP_DIAGNOSTIC"

dl_diag_inc.nss(45): Error: NSC1007: Required argument "sVarName" missing in call to "GetLocalString"

dl_diag_inc.nss(51): Error: NSC1020: Undeclared identifier "DL_L_NPC_WORK_DIAGNOSTIC"

dl_diag_inc.nss(51): Error: NSC1007: Required argument "sVarName" missing in call to "GetLocalString"

dl_diag_inc.nss(57): Error: NSC1020: Undeclared identifier "DL_L_NPC_FOCUS_DIAGNOSTIC"

dl_diag_inc.nss(57): Error: NSC1007: Required argument "sVarName" missing in call to "GetLocalString"

dl_diag_inc.nss(69): Error: NSC1020: Undeclared identifier "DL_L_NPC_TRANSITION_STATUS"

dl_diag_inc.nss(69): Error: NSC1007: Required argument "sVarName" missing in call to "GetLocalString"

dl_diag_inc.nss(75): Error: NSC1020: Undeclared identifier "DL_L_NPC_SLEEP_STATUS"

dl_diag_inc.nss(75): Error: NSC1007: Required argument "sVarName" missing in call to "GetLocalString"

dl_diag_inc.nss(81): Error: NSC1020: Undeclared identifier "DL_L_NPC_WORK_STATUS"

dl_diag_inc.nss(81): Error: NSC1007: Required argument "sVarName" missing in call to "GetLocalString"

dl_diag_inc.nss(87): Error: NSC1020: Undeclared identifier "DL_L_NPC_FOCUS_STATUS"

dl_diag_inc.nss(87): Error: NSC1007: Required argument "sVarName" missing in call to "GetLocalString"

dl_diag_inc.nss(115): Error: NSC1020: Undeclared identifier "DL_L_NPC_PROFILE_ID"

dl_diag_inc.nss(115): Error: NSC1007: Required argument "sVarName" missing in call to "GetLocalString"

dl_diag_inc.nss(116): Error: NSC1020: Undeclared identifier "DL_L_NPC_DIRECTIVE"

dl_diag_inc.nss(116): Error: NSC1007: Required argument "sVarName" missing in call to "GetLocalInt"

dl_diag_inc.nss(116): Error: NSC1007: Required argument "nDirective" missing in call to "DL_GetDirectiveLabel"

dl_diag_inc.nss(117): Error: NSC1020: Undeclared identifier "DL_L_NPC_STATE"

dl_diag_inc.nss(117): Error: NSC1007: Required argument "sVarName" missing in call to "GetLocalString"

dl_diag_inc.nss(119): Error: NSC1020: Undeclared identifier "DL_L_NPC_SLEEP_STATUS"

dl_diag_inc.nss(119): Error: NSC1007: Required argument "sVarName" missing in call to "GetLocalString"

dl_diag_inc.nss(120): Error: NSC1020: Undeclared identifier "DL_L_NPC_SLEEP_TARGET"

dl_diag_inc.nss(120): Error: NSC1007: Required argument "sVarName" missing in call to "GetLocalString"

dl_diag_inc.nss(121): Error: NSC1020: Undeclared identifier "DL_L_NPC_WORK_STATUS"

dl_diag_inc.nss(121): Error: NSC1007: Required argument "sVarName" missing in call to "GetLocalString"

dl_diag_inc.nss(122): Error: NSC1020: Undeclared identifier "DL_L_NPC_WORK_TARGET"

dl_diag_inc.nss(122): Error: NSC1007: Required argument "sVarName" missing in call to "GetLocalString"

dl_diag_inc.nss(123): Error: NSC1020: Undeclared identifier "DL_L_NPC_TRANSITION_STATUS"

dl_diag_inc.nss(123): Error: NSC1007: Required argument "sVarName" missing in call to "GetLocalString"

dl_diag_inc.nss(124): Error: NSC1020: Undeclared identifier "DL_L_NPC_TRANSITION_TARGET"

dl_diag_inc.nss(124): Error: NSC1007: Required argument "sVarName" missing in call to "GetLocalString"

dl_diag_inc.nss(131): Error: NSC1020: Undeclared identifier "DL_L_NPC_DIRECTIVE"

dl_diag_inc.nss(131): Error: NSC1007: Required argument "sVarName" missing in call to "GetLocalInt"

dl_diag_inc.nss(131): Error: NSC1007: Required argument "nDirective" missing in call to "DL_GetDirectiveLabel"

dl_diag_inc.nss(132): Error: NSC1020: Undeclared identifier "DL_L_NPC_STATE"

dl_diag_inc.nss(132): Error: NSC1007: Required argument "sVarName" missing in call to "GetLocalString"

dl_diag_inc.nss(134): Error: NSC1020: Undeclared identifier "DL_L_NPC_SLEEP_STATUS"

dl_diag_inc.nss(134): Error: NSC1007: Required argument "sVarName" missing in call to "GetLocalString"

dl_diag_inc.nss(135): Error: NSC1020: Undeclared identifier "DL_L_NPC_SLEEP_TARGET"

dl_diag_inc.nss(135): Error: NSC1007: Required argument "sVarName" missing in call to "GetLocalString"

dl_diag_inc.nss(136): Error: NSC1020: Undeclared identifier "DL_L_NPC_WORK_STATUS"

dl_diag_inc.nss(136): Error: NSC1007: Required argument "sVarName" missing in call to "GetLocalString"

dl_diag_inc.nss(137): Error: NSC1020: Undeclared identifier "DL_L_NPC_WORK_TARGET"

dl_diag_inc.nss(137): Error: NSC1007: Required argument "sVarName" missing in call to "GetLocalString"

dl_diag_inc.nss(138): Error: NSC1020: Undeclared identifier "DL_L_NPC_TRANSITION_STATUS"

dl_diag_inc.nss(138): Error: NSC1007: Required argument "sVarName" missing in call to "GetLocalString"

dl_diag_inc.nss(139): Error: NSC1020: Undeclared identifier "DL_L_NPC_TRANSITION_TARGET"

dl_diag_inc.nss(139): Error: NSC1007: Required argument "sVarName" missing in call to "GetLocalString"

dl_diag_inc.nss(140): Error: NSC1039: Not all paths return a value

dl_registry_inc.nss(10): Error: NSC1051: Constant "DL_TIER_WARM" must be initialized before it may be referenced

dl_registry_inc.nss(11): Error: NSC1051: Constant "DL_TIER_HOT" must be initialized before it may be referenced

dl_registry_inc.nss(70): Error: NSC1020: Undeclared identifier "DL_AddLocalInt"

dl_registry_inc.nss(71): Error: NSC1039: Not all paths return a value

dl_registry_inc.nss(166): Error: NSC1020: Undeclared identifier "DL_ShouldRunByAreaTickInterval"

dl_registry_inc.nss(763): Error: NSC1020: Undeclared identifier "DL_L_NPC_PROFILE_ID"

dl_registry_inc.nss(763): Error: NSC1007: Required argument "sVarName" missing in call to "GetLocalString"

dl_registry_inc.nss(765): Error: NSC1020: Undeclared identifier "DL_L_NPC_PROFILE_ID"

dl_registry_inc.nss(765): Error: NSC1007: Required argument "sVarName" missing in call to "SetLocalString"

dl_registry_inc.nss(767): Error: NSC1020: Undeclared identifier "DL_L_NPC_STATE"

dl_registry_inc.nss(767): Error: NSC1007: Required argument "sVarName" missing in call to "GetLocalString"

dl_registry_inc.nss(769): Error: NSC1020: Undeclared identifier "DL_L_NPC_STATE"

dl_registry_inc.nss(769): Error: NSC1007: Required argument "sVarName" missing in call to "SetLocalString"

dl_resync_inc.nss(74): Error: NSC1020: Undeclared identifier "DL_ResolveNpcDirective"

dl_resync_inc.nss(75): Error: NSC1020: Undeclared identifier "DL_ApplyDirectiveSkeleton"

dl_worker_inc.nss(43): Error: NSC1020: Undeclared identifier "DL_ClampInt"

dl_worker_inc.nss(70): Error: NSC1020: Undeclared identifier "DL_L_MODULE_WORKER_TICKS"

dl_worker_inc.nss(70): Error: NSC1007: Required argument "sKey" missing in call to "DL_IncLocalInt"

dl_worker_inc.nss(73): Error: NSC1020: Undeclared identifier "DL_L_AREA_WORKER_LAST_PROCESSED"

dl_worker_inc.nss(73): Error: NSC1007: Required argument "sVarName" missing in call to "SetLocalInt"

dl_worker_inc.nss(74): Error: NSC1020: Undeclared identifier "DL_L_MODULE_WORKER_LAST_PROCESSED"

dl_worker_inc.nss(74): Error: NSC1007: Required argument "sVarName" missing in call to "SetLocalInt"

dl_worker_inc.nss(94): Error: NSC1020: Undeclared identifier "DL_L_AREA_RESYNC_LAST_PROCESSED"

dl_worker_inc.nss(94): Error: NSC1007: Required argument "sVarName" missing in call to "SetLocalInt"

dl_worker_inc.nss(95): Error: NSC1020: Undeclared identifier "DL_L_MODULE_RESYNC_LAST_PROCESSED"

dl_worker_inc.nss(95): Error: NSC1007: Required argument "sVarName" missing in call to "SetLocalInt"

dl_worker_inc.nss(455): Error: NSC1020: Undeclared identifier "DL_ResolveNpcDirective"

dl_worker_inc.nss(456): Error: NSC1020: Undeclared identifier "DL_ApplyDirectiveSkeleton"

dl_lifecycle_inc.nss(22): Error: NSC1050: Non-constant value specified for constant "DL_NPC_RESET_DIRECTIVE_EXEC_ALL"

dl_lifecycle_inc.nss(33): Error: NSC1020: Undeclared identifier "DL_L_NPC_SLEEP_TARGET_VALID"

dl_lifecycle_inc.nss(33): Error: NSC1007: Required argument "sVarName" missing in call to "DeleteLocalInt"

dl_lifecycle_inc.nss(37): Error: NSC1020: Undeclared identifier "DL_L_NPC_WORK_TARGET"

dl_lifecycle_inc.nss(37): Error: NSC1007: Required argument "sVarName" missing in call to "DeleteLocalObject"

dl_lifecycle_inc.nss(41): Error: NSC1020: Undeclared identifier "DL_L_NPC_MEAL_TARGET"

dl_lifecycle_inc.nss(41): Error: NSC1007: Required argument "sVarName" missing in call to "DeleteLocalObject"

dl_lifecycle_inc.nss(45): Error: NSC1020: Undeclared identifier "DL_L_NPC_CHILL_TARGET"

dl_lifecycle_inc.nss(45): Error: NSC1007: Required argument "sVarName" missing in call to "DeleteLocalObject"

dl_lifecycle_inc.nss(49): Error: NSC1020: Undeclared identifier "DL_L_NPC_SOCIAL_TARGET"

dl_lifecycle_inc.nss(49): Error: NSC1007: Required argument "sVarName" missing in call to "DeleteLocalObject"

dl_lifecycle_inc.nss(50): Error: NSC1020: Undeclared identifier "DL_L_NPC_SOCIAL_PARTNER"

dl_lifecycle_inc.nss(50): Error: NSC1007: Required argument "sVarName" missing in call to "DeleteLocalObject"

dl_lifecycle_inc.nss(54): Error: NSC1020: Undeclared identifier "DL_L_NPC_PUBLIC_TARGET"

dl_lifecycle_inc.nss(54): Error: NSC1007: Required argument "sVarName" missing in call to "DeleteLocalObject"

dl_lifecycle_inc.nss(97): Error: NSC1020: Undeclared identifier "DL_L_NPC_BLOCKED_OBJ"

dl_lifecycle_inc.nss(97): Error: NSC1007: Required argument "sVarName" missing in call to "DeleteLocalObject"

dl_lifecycle_inc.nss(98): Error: NSC1020: Undeclared identifier "DL_L_NPC_BLOCKED_TAG"

dl_lifecycle_inc.nss(98): Error: NSC1007: Required argument "sVarName" missing in call to "DeleteLocalString"

dl_lifecycle_inc.nss(99): Error: NSC1020: Undeclared identifier "DL_L_NPC_BLOCKED_TYPE"

dl_lifecycle_inc.nss(99): Error: NSC1007: Required argument "sVarName" missing in call to "DeleteLocalInt"

dl_lifecycle_inc.nss(100): Error: NSC1020: Undeclared identifier "DL_L_NPC_BLOCKED_BUSY"

dl_lifecycle_inc.nss(100): Error: NSC1007: Required argument "sVarName" missing in call to "DeleteLocalInt"

dl_city_response_inc.nss(47): Error: NSC1020: Undeclared identifier "DL_ClampInt"

dl_city_response_inc.nss(55): Error: NSC1020: Undeclared identifier "DL_GetAbsoluteMinute"

dl_city_response_inc.nss(155): Error: NSC1020: Undeclared identifier "GetIsInConversation"

dl_city_response_inc.nss(155): Error: NSC1020: Undeclared identifier "GetIsInConversation"

dl_city_response_inc.nss(172): Error: NSC1020: Undeclared identifier "LOCATION_INVALID"

dl_city_response_inc.nss(185): Error: NSC1020: Undeclared identifier "DL_GetAbsoluteMinute"

dl_city_response_inc.nss(188): Error: NSC1020: Undeclared identifier "DL_OrchestrateRuntimeAction"

dl_city_response_inc.nss(189): Error: NSC1020: Undeclared identifier "LOCATION_INVALID"

dl_city_response_inc.nss(189): Error: NSC1020: Undeclared identifier "DL_OrchestrateRuntimeAction"

dl_city_response_inc.nss(193): Error: NSC1020: Undeclared identifier "LOCATION_INVALID"

dl_city_response_inc.nss(193): Error: NSC1020: Undeclared identifier "DL_OrchestrateRuntimeAction"

dl_city_response_inc.nss(200): Error: NSC1020: Undeclared identifier "DL_L_NPC_PROFILE_ID"

dl_city_response_inc.nss(200): Error: NSC1007: Required argument "sVarName" missing in call to "GetLocalString"

dl_city_response_inc.nss(200): Error: NSC1020: Undeclared identifier "DL_PROFILE_GATE_POST"

dl_city_response_inc.nss(201): Error: NSC1039: Not all paths return a value

dl_city_response_inc.nss(213): Error: NSC1020: Undeclared identifier "DL_GetAbsoluteMinute"

dl_city_response_inc.nss(243): Error: NSC1020: Undeclared identifier "DL_GetAbsoluteMinute"

dl_city_response_inc.nss(244): Error: NSC1020: Undeclared identifier "DL_IsMinuteCooldownActive"

dl_city_response_inc.nss(249): Error: NSC1020: Undeclared identifier "DL_SetMinuteCooldown"

dl_city_response_inc.nss(286): Error: NSC1020: Undeclared identifier "DL_IsMinuteCooldownActive"

dl_city_response_inc.nss(287): Error: NSC1039: Not all paths return a value

dl_city_response_inc.nss(324): Error: NSC1020: Undeclared identifier "DL_GetAbsoluteMinute"

dl_city_response_inc.nss(340): Error: NSC1020: Undeclared identifier "DL_IsMinuteCooldownActive"

dl_city_response_inc.nss(344): Error: NSC1020: Undeclared identifier "DL_SetMinuteCooldown"

dl_city_response_inc.nss(348): Error: NSC1020: Undeclared identifier "LOCATION_INVALID"

dl_city_response_inc.nss(348): Error: NSC1020: Undeclared identifier "DL_GetAbsoluteMinute"

dl_city_response_inc.nss(348): Error: NSC1020: Undeclared identifier "DL_OrchestrateRuntimeAction"

dl_legal_inc.nss(60): Error: NSC1020: Undeclared identifier "DL_GetAbsoluteMinute"

dl_legal_inc.nss(97): Error: NSC1020: Undeclared identifier "DL_GetAbsoluteMinute"

dl_legal_inc.nss(97): Error: NSC1007: Required argument "nValue" missing in call to "SetLocalInt"

dl_legal_inc.nss(112): Error: NSC1020: Undeclared identifier "DL_GetAbsoluteMinute"

dl_legal_inc.nss(148): Error: NSC1020: Undeclared identifier "DL_GetAbsoluteMinute"

dl_legal_inc.nss(148): Error: NSC1007: Required argument "nValue" missing in call to "SetLocalInt"

dl_legal_inc.nss(167): Error: NSC1020: Undeclared identifier "DL_GetAbsoluteMinute"

dl_legal_inc.nss(167): Error: NSC1007: Required argument "nValue" missing in call to "SetLocalInt"

dl_cr_crime_inc.nss(97): Error: NSC1020: Undeclared identifier "DL_GetAbsoluteMinute"

dl_cr_crime_inc.nss(145): Error: NSC1020: Undeclared identifier "DL_GetAbsoluteMinute"

dl_cr_crime_inc.nss(145): Error: NSC1007: Required argument "nValue" missing in call to "SetLocalInt"

dl_cr_crime_inc.nss(232): Error: NSC1020: Undeclared identifier "DL_GetAbsoluteMinute"

dl_cr_crime_inc.nss(233): Error: NSC1020: Undeclared identifier "DL_IsMinuteCooldownActive"

dl_cr_crime_inc.nss(237): Error: NSC1020: Undeclared identifier "DL_SetMinuteCooldown"

dl_cr_crime_inc.nss(284): Error: NSC1020: Undeclared identifier "DL_SELECTION_SCORE_INF"

dl_cr_crime_inc.nss(285): Error: NSC1020: Undeclared identifier "DL_SELECTION_SCORE_INF"

dl_cr_crime_inc.nss(314): Error: NSC1020: Undeclared identifier "DL_SelectionBuildTieKey"

dl_cr_crime_inc.nss(315): Error: NSC1020: Undeclared identifier "DL_SelectionCompare"

dl_cr_crime_inc.nss(324): Error: NSC1020: Undeclared identifier "DL_SelectionCompare"

dl_cr_crime_inc.nss(342): Error: NSC1020: Undeclared identifier "DL_GetAbsoluteMinute"

dl_cr_crime_inc.nss(351): Error: NSC1020: Undeclared identifier "LOCATION_INVALID"

dl_cr_crime_inc.nss(351): Error: NSC1020: Undeclared identifier "DL_GetAbsoluteMinute"

dl_cr_crime_inc.nss(351): Error: NSC1020: Undeclared identifier "DL_OrchestrateRuntimeAction"

dl_cr_crime_inc.nss(365): Error: NSC1020: Undeclared identifier "LOCATION_INVALID"

dl_cr_crime_inc.nss(365): Error: NSC1020: Undeclared identifier "DL_GetAbsoluteMinute"

dl_cr_crime_inc.nss(365): Error: NSC1020: Undeclared identifier "DL_OrchestrateRuntimeAction"

dl_cr_crime_inc.nss(369): Error: NSC1020: Undeclared identifier "LOCATION_INVALID"

dl_cr_crime_inc.nss(369): Error: NSC1020: Undeclared identifier "DL_GetAbsoluteMinute"

dl_cr_crime_inc.nss(369): Error: NSC1020: Undeclared identifier "DL_OrchestrateRuntimeAction"

dl_cr_crime_inc.nss(398): Error: NSC1020: Undeclared identifier "DL_PipelineUpdateDiagnostic"

dl_cr_crime_inc.nss(408): Error: NSC1020: Undeclared identifier "DL_GetAbsoluteMinute"

dl_cr_crime_inc.nss(408): Error: NSC1007: Required argument "nUntilAbsMin" missing in call to "DL_CR_SetDetainPending"

dl_cr_crime_inc.nss(415): Error: NSC1020: Undeclared identifier "DL_PipelineUpdateDiagnostic"

dl_cr_crime_inc.nss(444): Error: NSC1020: Undeclared identifier "DL_CR_EVT_PICKPOCKET"

dl_cr_crime_inc.nss(444): Error: NSC1020: Undeclared identifier "DL_CR_EVT_CONTAINER_THEFT"

dl_cr_crime_inc.nss(462): Error: NSC1020: Undeclared identifier "DL_GetAbsoluteMinute"

dl_cr_crime_inc.nss(480): Error: NSC1020: Undeclared identifier "DL_GetAbsoluteMinute"

dl_cr_crime_inc.nss(531): Error: NSC1020: Undeclared identifier "DL_CR_EVT_DOOR_LOCKPICK"

dl_cr_crime_inc.nss(535): Error: NSC1020: Undeclared identifier "DL_CR_EVT_PLACEABLE_LOCKPICK"

dl_cr_crime_inc.nss(541): Error: NSC1020: Undeclared identifier "DL_CR_EVT_RESTRICTED_ENTRY"

dl_cr_crime_inc.nss(588): Error: NSC1020: Undeclared identifier "DL_CR_EVT_RESTRICTED_ENTRY"

dl_cr_crime_inc.nss(588): Error: NSC1007: Required argument "sKind" missing in call to "DL_CR_RegisterCrimeIncident"

dl_cr_crime_inc.nss(605): Error: NSC1020: Undeclared identifier "DL_GetAbsoluteMinute"

dl_cr_crime_inc.nss(605): Error: NSC1020: Undeclared identifier "DL_OrchestrateRuntimeAction"

dl_cr_crime_inc.nss(626): Error: NSC1020: Undeclared identifier "LOCATION_INVALID"

dl_cr_crime_inc.nss(626): Error: NSC1020: Undeclared identifier "DL_GetAbsoluteMinute"

dl_cr_crime_inc.nss(626): Error: NSC1020: Undeclared identifier "DL_OrchestrateRuntimeAction"

dl_cr_crime_inc.nss(637): Error: NSC1020: Undeclared identifier "DL_GetAbsoluteMinute"

dl_cr_crime_inc.nss(637): Error: NSC1007: Required argument "nUntilAbsMin" missing in call to "DL_CR_SetDetainPending"

dl_cr_crime_inc.nss(643): Error: NSC1020: Undeclared identifier "LOCATION_INVALID"

dl_cr_crime_inc.nss(643): Error: NSC1020: Undeclared identifier "DL_GetAbsoluteMinute"

dl_cr_crime_inc.nss(643): Error: NSC1020: Undeclared identifier "DL_OrchestrateRuntimeAction"

Compilation aborted with errors.

Processing aborted.

Total Execution time = 16ms

Running mode 'check' for 'D:\a\COMPILATOR\COMPILATOR\daily_life\dl_load.nss' from 'D:\a\COMPILATOR\COMPILATOR\tools\nwn2_compiler\bin': D:\a\COMPILATOR\COMPILATOR\tools\nwn2_compiler\bin\NWNScriptCompiler.exe -c -a -i D:\a\COMPILATOR\COMPILATOR\daily_life -i D:\a\COMPILATOR\COMPILATOR\tools\nwn2_compiler\stock_scripts -b D:\a\COMPILATOR\COMPILATOR\artifacts\ncc D:\a\COMPILATOR\COMPILATOR\daily_life\dl_load.nss
NWNScriptCompiler - built Jan 29 2014 19:24:04
Copyright (C) 2008-2014 Skywing.
Portions copyright (C) 2002-2003, Edward T. Smith.
Portions copyright (C) 2003, The Open Knights Consortium.
Compiling: dl_load.NSS

dl_runtime_contract_inc.nss(196): Error: NSC1020: Undeclared identifier "DL_LogChatDebugEvent"

dl_runtime_contract_inc.nss(244): Error: NSC1020: Undeclared identifier "DL_IsAreaObject"

dl_runtime_contract_inc.nss(245): Error: NSC1039: Not all paths return a value

dl_runtime_contract_inc.nss(254): Error: NSC1020: Undeclared identifier "DL_GetAreaTier"

dl_runtime_contract_inc.nss(265): Error: NSC1020: Undeclared identifier "DL_GetAreaTier"

dl_runtime_contract_inc.nss(266): Error: NSC1039: Not all paths return a value

dl_runtime_contract_inc.nss(275): Error: NSC1020: Undeclared identifier "DL_GetAreaTier"

dl_runtime_contract_inc.nss(276): Error: NSC1039: Not all paths return a value

dl_runtime_contract_inc.nss(369): Error: NSC1020: Undeclared identifier "LOCATION_INVALID"

dl_runtime_contract_inc.nss(389): Error: NSC1020: Undeclared identifier "oActor"

dl_runtime_contract_inc.nss(389): Error: NSC1007: Required argument "oObject" missing in call to "GetIsObjectValid"

dl_runtime_contract_inc.nss(391): Error: NSC1080: Return statement outside the scope of a function

dl_runtime_contract_inc.nss(394): Error: NSC1020: Undeclared identifier "sNoopStateKey"

dl_runtime_contract_inc.nss(394): Error: NSC1020: Undeclared identifier "sNoopStateValue"

dl_runtime_contract_inc.nss(394): Error: NSC1020: Undeclared identifier "nExecutionWindow"

dl_runtime_contract_inc.nss(396): Error: NSC1020: Undeclared identifier "oActor"

dl_runtime_contract_inc.nss(396): Error: NSC1020: Undeclared identifier "sNoopStateKey"

dl_runtime_contract_inc.nss(396): Error: NSC1007: Required argument "oObject" missing in call to "GetLocalString"

dl_runtime_contract_inc.nss(396): Error: NSC1020: Undeclared identifier "sNoopStateValue"

dl_runtime_contract_inc.nss(397): Error: NSC1020: Undeclared identifier "oActor"

dl_runtime_contract_inc.nss(397): Error: NSC1007: Required argument "oObject" missing in call to "GetLocalInt"

dl_runtime_contract_inc.nss(397): Error: NSC1020: Undeclared identifier "nExecutionWindow"

dl_runtime_contract_inc.nss(398): Error: NSC1020: Undeclared identifier "oActor"

dl_runtime_contract_inc.nss(398): Error: NSC1007: Required argument "oObject" missing in call to "GetLocalString"

dl_runtime_contract_inc.nss(398): Error: NSC1020: Undeclared identifier "sNoopStateValue"

dl_runtime_contract_inc.nss(400): Error: NSC1080: Return statement outside the scope of a function

dl_runtime_contract_inc.nss(404): Error: NSC1020: Undeclared identifier "oActor"

dl_runtime_contract_inc.nss(404): Error: NSC1020: Undeclared identifier "sPreStatusKey"

dl_runtime_contract_inc.nss(404): Error: NSC1020: Undeclared identifier "sPreStatus"

dl_runtime_contract_inc.nss(404): Error: NSC1020: Undeclared identifier "sPreDiagKey"

dl_runtime_contract_inc.nss(404): Error: NSC1020: Undeclared identifier "sPreDiag"

dl_runtime_contract_inc.nss(404): Error: NSC1007: Required argument "oNpc" missing in call to "DL_SetRuntimeState"

dl_runtime_contract_inc.nss(405): Error: NSC1020: Undeclared identifier "bResetQueue"

dl_runtime_contract_inc.nss(407): Error: NSC1020: Undeclared identifier "oActor"

dl_runtime_contract_inc.nss(407): Error: NSC1007: Required argument "oActionSubject" missing in call to "AssignCommand"

dl_runtime_contract_inc.nss(410): Error: NSC1020: Undeclared identifier "nActionKind"

dl_runtime_contract_inc.nss(414): Error: NSC1020: Undeclared identifier "nActionKind"

dl_runtime_contract_inc.nss(416): Error: NSC1020: Undeclared identifier "oActor"

dl_runtime_contract_inc.nss(416): Error: NSC1020: Undeclared identifier "oTarget"

dl_runtime_contract_inc.nss(416): Error: NSC1020: Undeclared identifier "bRun"

dl_runtime_contract_inc.nss(416): Error: NSC1020: Undeclared identifier "fRange"

dl_runtime_contract_inc.nss(416): Error: NSC1020: Undeclared identifier "DL_CommandMoveToObject"

dl_runtime_contract_inc.nss(418): Error: NSC1020: Undeclared identifier "nActionKind"

dl_runtime_contract_inc.nss(420): Error: NSC1020: Undeclared identifier "oActor"

dl_runtime_contract_inc.nss(420): Error: NSC1020: Undeclared identifier "lTarget"

dl_runtime_contract_inc.nss(420): Error: NSC1020: Undeclared identifier "bRun"

dl_runtime_contract_inc.nss(420): Error: NSC1020: Undeclared identifier "DL_CommandMoveToLocation"

dl_runtime_contract_inc.nss(422): Error: NSC1020: Undeclared identifier "nActionKind"

dl_runtime_contract_inc.nss(424): Error: NSC1020: Undeclared identifier "oActor"

dl_runtime_contract_inc.nss(424): Error: NSC1020: Undeclared identifier "lTarget"

dl_runtime_contract_inc.nss(424): Error: NSC1020: Undeclared identifier "DL_CommandJumpToLocation"

dl_runtime_contract_inc.nss(426): Error: NSC1020: Undeclared identifier "nActionKind"

dl_runtime_contract_inc.nss(428): Error: NSC1020: Undeclared identifier "oActor"

dl_runtime_contract_inc.nss(428): Error: NSC1020: Undeclared identifier "oTarget"

dl_runtime_contract_inc.nss(428): Error: NSC1020: Undeclared identifier "sDialogResRef"

dl_runtime_contract_inc.nss(428): Error: NSC1020: Undeclared identifier "bPrivateConversation"

dl_runtime_contract_inc.nss(428): Error: NSC1020: Undeclared identifier "bPlayHello"

dl_runtime_contract_inc.nss(428): Error: NSC1020: Undeclared identifier "DL_CommandStartConversation"

dl_runtime_contract_inc.nss(430): Error: NSC1020: Undeclared identifier "nActionKind"

dl_runtime_contract_inc.nss(432): Error: NSC1020: Undeclared identifier "oActor"

dl_runtime_contract_inc.nss(432): Error: NSC1020: Undeclared identifier "oTarget"

dl_runtime_contract_inc.nss(432): Error: NSC1020: Undeclared identifier "DL_CommandAttack"

dl_runtime_contract_inc.nss(436): Error: NSC1080: Return statement outside the scope of a function

dl_runtime_contract_inc.nss(440): Error: NSC1020: Undeclared identifier "oActor"

dl_runtime_contract_inc.nss(441): Error: NSC1020: Undeclared identifier "sPostStatusKey"

dl_runtime_contract_inc.nss(442): Error: NSC1020: Undeclared identifier "sPostStatus"

dl_runtime_contract_inc.nss(443): Error: NSC1020: Undeclared identifier "sPostDiagKey"

dl_runtime_contract_inc.nss(444): Error: NSC1020: Undeclared identifier "sPostDiag"

dl_runtime_contract_inc.nss(446): Error: NSC1020: Undeclared identifier "nExecutionWindow"

dl_runtime_contract_inc.nss(447): Error: NSC1020: Undeclared identifier "sNoopStateKey"

dl_runtime_contract_inc.nss(449): Error: NSC1020: Undeclared identifier "sNoopStateValue"

dl_runtime_contract_inc.nss(449): Error: NSC1007: Required argument "oActor" missing in call to "DL_OnNpcActionDispatched"

dl_runtime_contract_inc.nss(451): Error: NSC1080: Return statement outside the scope of a function

dl_runtime_contract_inc.nss(550): Error: NSC1020: Undeclared identifier "OBJECT_TYPE_AREA"

dl_runtime_contract_inc.nss(551): Error: NSC1039: Not all paths return a value

dl_config_inc.nss(56): Error: NSC1003: Operator (>) not valid for specified types

dl_diag_inc.nss(6): Error: NSC1020: Undeclared identifier "DL_DIR_NONE"

dl_diag_inc.nss(10): Error: NSC1020: Undeclared identifier "DL_DIR_SLEEP"

dl_diag_inc.nss(14): Error: NSC1020: Undeclared identifier "DL_DIR_WORK"

dl_diag_inc.nss(18): Error: NSC1020: Undeclared identifier "DL_DIR_SOCIAL"

dl_diag_inc.nss(22): Error: NSC1020: Undeclared identifier "DL_DIR_MEAL"

dl_diag_inc.nss(26): Error: NSC1020: Undeclared identifier "DL_DIR_PUBLIC"

dl_diag_inc.nss(30): Error: NSC1020: Undeclared identifier "DL_DIR_CHILL"

dl_diag_inc.nss(39): Error: NSC1020: Undeclared identifier "DL_L_NPC_TRANSITION_DIAGNOSTIC"

dl_diag_inc.nss(39): Error: NSC1007: Required argument "sVarName" missing in call to "GetLocalString"

dl_diag_inc.nss(45): Error: NSC1020: Undeclared identifier "DL_L_NPC_SLEEP_DIAGNOSTIC"

dl_diag_inc.nss(45): Error: NSC1007: Required argument "sVarName" missing in call to "GetLocalString"

dl_diag_inc.nss(51): Error: NSC1020: Undeclared identifier "DL_L_NPC_WORK_DIAGNOSTIC"

dl_diag_inc.nss(51): Error: NSC1007: Required argument "sVarName" missing in call to "GetLocalString"

dl_diag_inc.nss(57): Error: NSC1020: Undeclared identifier "DL_L_NPC_FOCUS_DIAGNOSTIC"

dl_diag_inc.nss(57): Error: NSC1007: Required argument "sVarName" missing in call to "GetLocalString"

dl_diag_inc.nss(69): Error: NSC1020: Undeclared identifier "DL_L_NPC_TRANSITION_STATUS"

dl_diag_inc.nss(69): Error: NSC1007: Required argument "sVarName" missing in call to "GetLocalString"

dl_diag_inc.nss(75): Error: NSC1020: Undeclared identifier "DL_L_NPC_SLEEP_STATUS"

dl_diag_inc.nss(75): Error: NSC1007: Required argument "sVarName" missing in call to "GetLocalString"

dl_diag_inc.nss(81): Error: NSC1020: Undeclared identifier "DL_L_NPC_WORK_STATUS"

dl_diag_inc.nss(81): Error: NSC1007: Required argument "sVarName" missing in call to "GetLocalString"

dl_diag_inc.nss(87): Error: NSC1020: Undeclared identifier "DL_L_NPC_FOCUS_STATUS"

dl_diag_inc.nss(87): Error: NSC1007: Required argument "sVarName" missing in call to "GetLocalString"

dl_diag_inc.nss(115): Error: NSC1020: Undeclared identifier "DL_L_NPC_PROFILE_ID"

dl_diag_inc.nss(115): Error: NSC1007: Required argument "sVarName" missing in call to "GetLocalString"

dl_diag_inc.nss(116): Error: NSC1020: Undeclared identifier "DL_L_NPC_DIRECTIVE"

dl_diag_inc.nss(116): Error: NSC1007: Required argument "sVarName" missing in call to "GetLocalInt"

dl_diag_inc.nss(116): Error: NSC1007: Required argument "nDirective" missing in call to "DL_GetDirectiveLabel"

dl_diag_inc.nss(117): Error: NSC1020: Undeclared identifier "DL_L_NPC_STATE"

dl_diag_inc.nss(117): Error: NSC1007: Required argument "sVarName" missing in call to "GetLocalString"

dl_diag_inc.nss(119): Error: NSC1020: Undeclared identifier "DL_L_NPC_SLEEP_STATUS"

dl_diag_inc.nss(119): Error: NSC1007: Required argument "sVarName" missing in call to "GetLocalString"

dl_diag_inc.nss(120): Error: NSC1020: Undeclared identifier "DL_L_NPC_SLEEP_TARGET"

dl_diag_inc.nss(120): Error: NSC1007: Required argument "sVarName" missing in call to "GetLocalString"

dl_diag_inc.nss(121): Error: NSC1020: Undeclared identifier "DL_L_NPC_WORK_STATUS"

dl_diag_inc.nss(121): Error: NSC1007: Required argument "sVarName" missing in call to "GetLocalString"

dl_diag_inc.nss(122): Error: NSC1020: Undeclared identifier "DL_L_NPC_WORK_TARGET"

dl_diag_inc.nss(122): Error: NSC1007: Required argument "sVarName" missing in call to "GetLocalString"

dl_diag_inc.nss(123): Error: NSC1020: Undeclared identifier "DL_L_NPC_TRANSITION_STATUS"

dl_diag_inc.nss(123): Error: NSC1007: Required argument "sVarName" missing in call to "GetLocalString"

dl_diag_inc.nss(124): Error: NSC1020: Undeclared identifier "DL_L_NPC_TRANSITION_TARGET"

dl_diag_inc.nss(124): Error: NSC1007: Required argument "sVarName" missing in call to "GetLocalString"

dl_diag_inc.nss(131): Error: NSC1020: Undeclared identifier "DL_L_NPC_DIRECTIVE"

dl_diag_inc.nss(131): Error: NSC1007: Required argument "sVarName" missing in call to "GetLocalInt"

dl_diag_inc.nss(131): Error: NSC1007: Required argument "nDirective" missing in call to "DL_GetDirectiveLabel"

dl_diag_inc.nss(132): Error: NSC1020: Undeclared identifier "DL_L_NPC_STATE"

dl_diag_inc.nss(132): Error: NSC1007: Required argument "sVarName" missing in call to "GetLocalString"

dl_diag_inc.nss(134): Error: NSC1020: Undeclared identifier "DL_L_NPC_SLEEP_STATUS"

dl_diag_inc.nss(134): Error: NSC1007: Required argument "sVarName" missing in call to "GetLocalString"

dl_diag_inc.nss(135): Error: NSC1020: Undeclared identifier "DL_L_NPC_SLEEP_TARGET"

dl_diag_inc.nss(135): Error: NSC1007: Required argument "sVarName" missing in call to "GetLocalString"

dl_diag_inc.nss(136): Error: NSC1020: Undeclared identifier "DL_L_NPC_WORK_STATUS"

dl_diag_inc.nss(136): Error: NSC1007: Required argument "sVarName" missing in call to "GetLocalString"

dl_diag_inc.nss(137): Error: NSC1020: Undeclared identifier "DL_L_NPC_WORK_TARGET"

dl_diag_inc.nss(137): Error: NSC1007: Required argument "sVarName" missing in call to "GetLocalString"

dl_diag_inc.nss(138): Error: NSC1020: Undeclared identifier "DL_L_NPC_TRANSITION_STATUS"

dl_diag_inc.nss(138): Error: NSC1007: Required argument "sVarName" missing in call to "GetLocalString"

dl_diag_inc.nss(139): Error: NSC1020: Undeclared identifier "DL_L_NPC_TRANSITION_TARGET"

dl_diag_inc.nss(139): Error: NSC1007: Required argument "sVarName" missing in call to "GetLocalString"

dl_diag_inc.nss(140): Error: NSC1039: Not all paths return a value

dl_registry_inc.nss(10): Error: NSC1051: Constant "DL_TIER_WARM" must be initialized before it may be referenced

dl_registry_inc.nss(11): Error: NSC1051: Constant "DL_TIER_HOT" must be initialized before it may be referenced

dl_registry_inc.nss(70): Error: NSC1020: Undeclared identifier "DL_AddLocalInt"

dl_registry_inc.nss(71): Error: NSC1039: Not all paths return a value

dl_registry_inc.nss(166): Error: NSC1020: Undeclared identifier "DL_ShouldRunByAreaTickInterval"

dl_registry_inc.nss(763): Error: NSC1020: Undeclared identifier "DL_L_NPC_PROFILE_ID"

dl_registry_inc.nss(763): Error: NSC1007: Required argument "sVarName" missing in call to "GetLocalString"

dl_registry_inc.nss(765): Error: NSC1020: Undeclared identifier "DL_L_NPC_PROFILE_ID"

dl_registry_inc.nss(765): Error: NSC1007: Required argument "sVarName" missing in call to "SetLocalString"

dl_registry_inc.nss(767): Error: NSC1020: Undeclared identifier "DL_L_NPC_STATE"

dl_registry_inc.nss(767): Error: NSC1007: Required argument "sVarName" missing in call to "GetLocalString"

dl_registry_inc.nss(769): Error: NSC1020: Undeclared identifier "DL_L_NPC_STATE"

dl_registry_inc.nss(769): Error: NSC1007: Required argument "sVarName" missing in call to "SetLocalString"

dl_resync_inc.nss(74): Error: NSC1020: Undeclared identifier "DL_ResolveNpcDirective"

dl_resync_inc.nss(75): Error: NSC1020: Undeclared identifier "DL_ApplyDirectiveSkeleton"

dl_worker_inc.nss(43): Error: NSC1020: Undeclared identifier "DL_ClampInt"

dl_worker_inc.nss(70): Error: NSC1020: Undeclared identifier "DL_L_MODULE_WORKER_TICKS"

dl_worker_inc.nss(70): Error: NSC1007: Required argument "sKey" missing in call to "DL_IncLocalInt"

dl_worker_inc.nss(73): Error: NSC1020: Undeclared identifier "DL_L_AREA_WORKER_LAST_PROCESSED"

dl_worker_inc.nss(73): Error: NSC1007: Required argument "sVarName" missing in call to "SetLocalInt"

dl_worker_inc.nss(74): Error: NSC1020: Undeclared identifier "DL_L_MODULE_WORKER_LAST_PROCESSED"

dl_worker_inc.nss(74): Error: NSC1007: Required argument "sVarName" missing in call to "SetLocalInt"

dl_worker_inc.nss(94): Error: NSC1020: Undeclared identifier "DL_L_AREA_RESYNC_LAST_PROCESSED"

dl_worker_inc.nss(94): Error: NSC1007: Required argument "sVarName" missing in call to "SetLocalInt"

dl_worker_inc.nss(95): Error: NSC1020: Undeclared identifier "DL_L_MODULE_RESYNC_LAST_PROCESSED"

dl_worker_inc.nss(95): Error: NSC1007: Required argument "sVarName" missing in call to "SetLocalInt"

dl_worker_inc.nss(455): Error: NSC1020: Undeclared identifier "DL_ResolveNpcDirective"

dl_worker_inc.nss(456): Error: NSC1020: Undeclared identifier "DL_ApplyDirectiveSkeleton"

dl_lifecycle_inc.nss(22): Error: NSC1050: Non-constant value specified for constant "DL_NPC_RESET_DIRECTIVE_EXEC_ALL"

dl_lifecycle_inc.nss(33): Error: NSC1020: Undeclared identifier "DL_L_NPC_SLEEP_TARGET_VALID"

dl_lifecycle_inc.nss(33): Error: NSC1007: Required argument "sVarName" missing in call to "DeleteLocalInt"

dl_lifecycle_inc.nss(37): Error: NSC1020: Undeclared identifier "DL_L_NPC_WORK_TARGET"

dl_lifecycle_inc.nss(37): Error: NSC1007: Required argument "sVarName" missing in call to "DeleteLocalObject"

dl_lifecycle_inc.nss(41): Error: NSC1020: Undeclared identifier "DL_L_NPC_MEAL_TARGET"

dl_lifecycle_inc.nss(41): Error: NSC1007: Required argument "sVarName" missing in call to "DeleteLocalObject"

dl_lifecycle_inc.nss(45): Error: NSC1020: Undeclared identifier "DL_L_NPC_CHILL_TARGET"

dl_lifecycle_inc.nss(45): Error: NSC1007: Required argument "sVarName" missing in call to "DeleteLocalObject"

dl_lifecycle_inc.nss(49): Error: NSC1020: Undeclared identifier "DL_L_NPC_SOCIAL_TARGET"

dl_lifecycle_inc.nss(49): Error: NSC1007: Required argument "sVarName" missing in call to "DeleteLocalObject"

dl_lifecycle_inc.nss(50): Error: NSC1020: Undeclared identifier "DL_L_NPC_SOCIAL_PARTNER"

dl_lifecycle_inc.nss(50): Error: NSC1007: Required argument "sVarName" missing in call to "DeleteLocalObject"

dl_lifecycle_inc.nss(54): Error: NSC1020: Undeclared identifier "DL_L_NPC_PUBLIC_TARGET"

dl_lifecycle_inc.nss(54): Error: NSC1007: Required argument "sVarName" missing in call to "DeleteLocalObject"

dl_lifecycle_inc.nss(97): Error: NSC1020: Undeclared identifier "DL_L_NPC_BLOCKED_OBJ"

dl_lifecycle_inc.nss(97): Error: NSC1007: Required argument "sVarName" missing in call to "DeleteLocalObject"

dl_lifecycle_inc.nss(98): Error: NSC1020: Undeclared identifier "DL_L_NPC_BLOCKED_TAG"

dl_lifecycle_inc.nss(98): Error: NSC1007: Required argument "sVarName" missing in call to "DeleteLocalString"

dl_lifecycle_inc.nss(99): Error: NSC1020: Undeclared identifier "DL_L_NPC_BLOCKED_TYPE"

dl_lifecycle_inc.nss(99): Error: NSC1007: Required argument "sVarName" missing in call to "DeleteLocalInt"

dl_lifecycle_inc.nss(100): Error: NSC1020: Undeclared identifier "DL_L_NPC_BLOCKED_BUSY"

dl_lifecycle_inc.nss(100): Error: NSC1007: Required argument "sVarName" missing in call to "DeleteLocalInt"

dl_city_response_inc.nss(47): Error: NSC1020: Undeclared identifier "DL_ClampInt"

dl_city_response_inc.nss(55): Error: NSC1020: Undeclared identifier "DL_GetAbsoluteMinute"

dl_city_response_inc.nss(155): Error: NSC1020: Undeclared identifier "GetIsInConversation"

dl_city_response_inc.nss(155): Error: NSC1020: Undeclared identifier "GetIsInConversation"

dl_city_response_inc.nss(172): Error: NSC1020: Undeclared identifier "LOCATION_INVALID"

dl_city_response_inc.nss(185): Error: NSC1020: Undeclared identifier "DL_GetAbsoluteMinute"

dl_city_response_inc.nss(188): Error: NSC1020: Undeclared identifier "DL_OrchestrateRuntimeAction"

dl_city_response_inc.nss(189): Error: NSC1020: Undeclared identifier "LOCATION_INVALID"

dl_city_response_inc.nss(189): Error: NSC1020: Undeclared identifier "DL_OrchestrateRuntimeAction"

dl_city_response_inc.nss(193): Error: NSC1020: Undeclared identifier "LOCATION_INVALID"

dl_city_response_inc.nss(193): Error: NSC1020: Undeclared identifier "DL_OrchestrateRuntimeAction"

dl_city_response_inc.nss(200): Error: NSC1020: Undeclared identifier "DL_L_NPC_PROFILE_ID"

dl_city_response_inc.nss(200): Error: NSC1007: Required argument "sVarName" missing in call to "GetLocalString"

dl_city_response_inc.nss(200): Error: NSC1020: Undeclared identifier "DL_PROFILE_GATE_POST"

dl_city_response_inc.nss(201): Error: NSC1039: Not all paths return a value

dl_city_response_inc.nss(213): Error: NSC1020: Undeclared identifier "DL_GetAbsoluteMinute"

dl_city_response_inc.nss(243): Error: NSC1020: Undeclared identifier "DL_GetAbsoluteMinute"

dl_city_response_inc.nss(244): Error: NSC1020: Undeclared identifier "DL_IsMinuteCooldownActive"

dl_city_response_inc.nss(249): Error: NSC1020: Undeclared identifier "DL_SetMinuteCooldown"

dl_city_response_inc.nss(286): Error: NSC1020: Undeclared identifier "DL_IsMinuteCooldownActive"

dl_city_response_inc.nss(287): Error: NSC1039: Not all paths return a value

dl_city_response_inc.nss(324): Error: NSC1020: Undeclared identifier "DL_GetAbsoluteMinute"

dl_city_response_inc.nss(340): Error: NSC1020: Undeclared identifier "DL_IsMinuteCooldownActive"

dl_city_response_inc.nss(344): Error: NSC1020: Undeclared identifier "DL_SetMinuteCooldown"

dl_city_response_inc.nss(348): Error: NSC1020: Undeclared identifier "LOCATION_INVALID"

dl_city_response_inc.nss(348): Error: NSC1020: Undeclared identifier "DL_GetAbsoluteMinute"

dl_city_response_inc.nss(348): Error: NSC1020: Undeclared identifier "DL_OrchestrateRuntimeAction"

dl_legal_inc.nss(60): Error: NSC1020: Undeclared identifier "DL_GetAbsoluteMinute"

dl_legal_inc.nss(97): Error: NSC1020: Undeclared identifier "DL_GetAbsoluteMinute"

dl_legal_inc.nss(97): Error: NSC1007: Required argument "nValue" missing in call to "SetLocalInt"

dl_legal_inc.nss(112): Error: NSC1020: Undeclared identifier "DL_GetAbsoluteMinute"

dl_legal_inc.nss(148): Error: NSC1020: Undeclared identifier "DL_GetAbsoluteMinute"

dl_legal_inc.nss(148): Error: NSC1007: Required argument "nValue" missing in call to "SetLocalInt"

dl_legal_inc.nss(167): Error: NSC1020: Undeclared identifier "DL_GetAbsoluteMinute"

dl_legal_inc.nss(167): Error: NSC1007: Required argument "nValue" missing in call to "SetLocalInt"

dl_cr_crime_inc.nss(97): Error: NSC1020: Undeclared identifier "DL_GetAbsoluteMinute"

dl_cr_crime_inc.nss(145): Error: NSC1020: Undeclared identifier "DL_GetAbsoluteMinute"

dl_cr_crime_inc.nss(145): Error: NSC1007: Required argument "nValue" missing in call to "SetLocalInt"

dl_cr_crime_inc.nss(232): Error: NSC1020: Undeclared identifier "DL_GetAbsoluteMinute"

dl_cr_crime_inc.nss(233): Error: NSC1020: Undeclared identifier "DL_IsMinuteCooldownActive"

dl_cr_crime_inc.nss(237): Error: NSC1020: Undeclared identifier "DL_SetMinuteCooldown"

dl_cr_crime_inc.nss(284): Error: NSC1020: Undeclared identifier "DL_SELECTION_SCORE_INF"

dl_cr_crime_inc.nss(285): Error: NSC1020: Undeclared identifier "DL_SELECTION_SCORE_INF"

dl_cr_crime_inc.nss(314): Error: NSC1020: Undeclared identifier "DL_SelectionBuildTieKey"

dl_cr_crime_inc.nss(315): Error: NSC1020: Undeclared identifier "DL_SelectionCompare"

dl_cr_crime_inc.nss(324): Error: NSC1020: Undeclared identifier "DL_SelectionCompare"

dl_cr_crime_inc.nss(342): Error: NSC1020: Undeclared identifier "DL_GetAbsoluteMinute"

dl_cr_crime_inc.nss(351): Error: NSC1020: Undeclared identifier "LOCATION_INVALID"

dl_cr_crime_inc.nss(351): Error: NSC1020: Undeclared identifier "DL_GetAbsoluteMinute"

dl_cr_crime_inc.nss(351): Error: NSC1020: Undeclared identifier "DL_OrchestrateRuntimeAction"

dl_cr_crime_inc.nss(365): Error: NSC1020: Undeclared identifier "LOCATION_INVALID"

dl_cr_crime_inc.nss(365): Error: NSC1020: Undeclared identifier "DL_GetAbsoluteMinute"

dl_cr_crime_inc.nss(365): Error: NSC1020: Undeclared identifier "DL_OrchestrateRuntimeAction"

dl_cr_crime_inc.nss(369): Error: NSC1020: Undeclared identifier "LOCATION_INVALID"

dl_cr_crime_inc.nss(369): Error: NSC1020: Undeclared identifier "DL_GetAbsoluteMinute"

dl_cr_crime_inc.nss(369): Error: NSC1020: Undeclared identifier "DL_OrchestrateRuntimeAction"

dl_cr_crime_inc.nss(398): Error: NSC1020: Undeclared identifier "DL_PipelineUpdateDiagnostic"

dl_cr_crime_inc.nss(408): Error: NSC1020: Undeclared identifier "DL_GetAbsoluteMinute"

dl_cr_crime_inc.nss(408): Error: NSC1007: Required argument "nUntilAbsMin" missing in call to "DL_CR_SetDetainPending"

dl_cr_crime_inc.nss(415): Error: NSC1020: Undeclared identifier "DL_PipelineUpdateDiagnostic"

dl_cr_crime_inc.nss(444): Error: NSC1020: Undeclared identifier "DL_CR_EVT_PICKPOCKET"

dl_cr_crime_inc.nss(444): Error: NSC1020: Undeclared identifier "DL_CR_EVT_CONTAINER_THEFT"

dl_cr_crime_inc.nss(462): Error: NSC1020: Undeclared identifier "DL_GetAbsoluteMinute"

dl_cr_crime_inc.nss(480): Error: NSC1020: Undeclared identifier "DL_GetAbsoluteMinute"

dl_cr_crime_inc.nss(531): Error: NSC1020: Undeclared identifier "DL_CR_EVT_DOOR_LOCKPICK"

dl_cr_crime_inc.nss(535): Error: NSC1020: Undeclared identifier "DL_CR_EVT_PLACEABLE_LOCKPICK"

dl_cr_crime_inc.nss(541): Error: NSC1020: Undeclared identifier "DL_CR_EVT_RESTRICTED_ENTRY"

dl_cr_crime_inc.nss(588): Error: NSC1020: Undeclared identifier "DL_CR_EVT_RESTRICTED_ENTRY"

dl_cr_crime_inc.nss(588): Error: NSC1007: Required argument "sKind" missing in call to "DL_CR_RegisterCrimeIncident"

dl_cr_crime_inc.nss(605): Error: NSC1020: Undeclared identifier "DL_GetAbsoluteMinute"

dl_cr_crime_inc.nss(605): Error: NSC1020: Undeclared identifier "DL_OrchestrateRuntimeAction"

dl_cr_crime_inc.nss(626): Error: NSC1020: Undeclared identifier "LOCATION_INVALID"

dl_cr_crime_inc.nss(626): Error: NSC1020: Undeclared identifier "DL_GetAbsoluteMinute"

dl_cr_crime_inc.nss(626): Error: NSC1020: Undeclared identifier "DL_OrchestrateRuntimeAction"

dl_cr_crime_inc.nss(637): Error: NSC1020: Undeclared identifier "DL_GetAbsoluteMinute"

dl_cr_crime_inc.nss(637): Error: NSC1007: Required argument "nUntilAbsMin" missing in call to "DL_CR_SetDetainPending"

dl_cr_crime_inc.nss(643): Error: NSC1020: Undeclared identifier "LOCATION_INVALID"

dl_cr_crime_inc.nss(643): Error: NSC1020: Undeclared identifier "DL_GetAbsoluteMinute"

dl_cr_crime_inc.nss(643): Error: NSC1020: Undeclared identifier "DL_OrchestrateRuntimeAction"

Compilation aborted with errors.

Processing aborted.

Total Execution time = 16ms

Running mode 'check' for 'D:\a\COMPILATOR\COMPILATOR\daily_life\dl_open.nss' from 'D:\a\COMPILATOR\COMPILATOR\tools\nwn2_compiler\bin': D:\a\COMPILATOR\COMPILATOR\tools\nwn2_compiler\bin\NWNScriptCompiler.exe -c -a -i D:\a\COMPILATOR\COMPILATOR\daily_life -i D:\a\COMPILATOR\COMPILATOR\tools\nwn2_compiler\stock_scripts -b D:\a\COMPILATOR\COMPILATOR\artifacts\ncc D:\a\COMPILATOR\COMPILATOR\daily_life\dl_open.nss
NWNScriptCompiler - built Jan 29 2014 19:24:04
Copyright (C) 2008-2014 Skywing.
Portions copyright (C) 2002-2003, Edward T. Smith.
Portions copyright (C) 2003, The Open Knights Consortium.
Compiling: dl_open.NSS

dl_runtime_contract_inc.nss(196): Error: NSC1020: Undeclared identifier "DL_LogChatDebugEvent"

dl_runtime_contract_inc.nss(244): Error: NSC1020: Undeclared identifier "DL_IsAreaObject"

dl_runtime_contract_inc.nss(245): Error: NSC1039: Not all paths return a value

dl_runtime_contract_inc.nss(254): Error: NSC1020: Undeclared identifier "DL_GetAreaTier"

dl_runtime_contract_inc.nss(265): Error: NSC1020: Undeclared identifier "DL_GetAreaTier"

dl_runtime_contract_inc.nss(266): Error: NSC1039: Not all paths return a value

dl_runtime_contract_inc.nss(275): Error: NSC1020: Undeclared identifier "DL_GetAreaTier"

dl_runtime_contract_inc.nss(276): Error: NSC1039: Not all paths return a value

dl_runtime_contract_inc.nss(369): Error: NSC1020: Undeclared identifier "LOCATION_INVALID"

dl_runtime_contract_inc.nss(389): Error: NSC1020: Undeclared identifier "oActor"

dl_runtime_contract_inc.nss(389): Error: NSC1007: Required argument "oObject" missing in call to "GetIsObjectValid"

dl_runtime_contract_inc.nss(391): Error: NSC1080: Return statement outside the scope of a function

dl_runtime_contract_inc.nss(394): Error: NSC1020: Undeclared identifier "sNoopStateKey"

dl_runtime_contract_inc.nss(394): Error: NSC1020: Undeclared identifier "sNoopStateValue"

dl_runtime_contract_inc.nss(394): Error: NSC1020: Undeclared identifier "nExecutionWindow"

dl_runtime_contract_inc.nss(396): Error: NSC1020: Undeclared identifier "oActor"

dl_runtime_contract_inc.nss(396): Error: NSC1020: Undeclared identifier "sNoopStateKey"

dl_runtime_contract_inc.nss(396): Error: NSC1007: Required argument "oObject" missing in call to "GetLocalString"

dl_runtime_contract_inc.nss(396): Error: NSC1020: Undeclared identifier "sNoopStateValue"

dl_runtime_contract_inc.nss(397): Error: NSC1020: Undeclared identifier "oActor"

dl_runtime_contract_inc.nss(397): Error: NSC1007: Required argument "oObject" missing in call to "GetLocalInt"

dl_runtime_contract_inc.nss(397): Error: NSC1020: Undeclared identifier "nExecutionWindow"

dl_runtime_contract_inc.nss(398): Error: NSC1020: Undeclared identifier "oActor"

dl_runtime_contract_inc.nss(398): Error: NSC1007: Required argument "oObject" missing in call to "GetLocalString"

dl_runtime_contract_inc.nss(398): Error: NSC1020: Undeclared identifier "sNoopStateValue"

dl_runtime_contract_inc.nss(400): Error: NSC1080: Return statement outside the scope of a function

dl_runtime_contract_inc.nss(404): Error: NSC1020: Undeclared identifier "oActor"

dl_runtime_contract_inc.nss(404): Error: NSC1020: Undeclared identifier "sPreStatusKey"

dl_runtime_contract_inc.nss(404): Error: NSC1020: Undeclared identifier "sPreStatus"

dl_runtime_contract_inc.nss(404): Error: NSC1020: Undeclared identifier "sPreDiagKey"

dl_runtime_contract_inc.nss(404): Error: NSC1020: Undeclared identifier "sPreDiag"

dl_runtime_contract_inc.nss(404): Error: NSC1007: Required argument "oNpc" missing in call to "DL_SetRuntimeState"

dl_runtime_contract_inc.nss(405): Error: NSC1020: Undeclared identifier "bResetQueue"

dl_runtime_contract_inc.nss(407): Error: NSC1020: Undeclared identifier "oActor"

dl_runtime_contract_inc.nss(407): Error: NSC1007: Required argument "oActionSubject" missing in call to "AssignCommand"

dl_runtime_contract_inc.nss(410): Error: NSC1020: Undeclared identifier "nActionKind"

dl_runtime_contract_inc.nss(414): Error: NSC1020: Undeclared identifier "nActionKind"

dl_runtime_contract_inc.nss(416): Error: NSC1020: Undeclared identifier "oActor"

dl_runtime_contract_inc.nss(416): Error: NSC1020: Undeclared identifier "oTarget"

dl_runtime_contract_inc.nss(416): Error: NSC1020: Undeclared identifier "bRun"

dl_runtime_contract_inc.nss(416): Error: NSC1020: Undeclared identifier "fRange"

dl_runtime_contract_inc.nss(416): Error: NSC1020: Undeclared identifier "DL_CommandMoveToObject"

dl_runtime_contract_inc.nss(418): Error: NSC1020: Undeclared identifier "nActionKind"

dl_runtime_contract_inc.nss(420): Error: NSC1020: Undeclared identifier "oActor"

dl_runtime_contract_inc.nss(420): Error: NSC1020: Undeclared identifier "lTarget"

dl_runtime_contract_inc.nss(420): Error: NSC1020: Undeclared identifier "bRun"

dl_runtime_contract_inc.nss(420): Error: NSC1020: Undeclared identifier "DL_CommandMoveToLocation"

dl_runtime_contract_inc.nss(422): Error: NSC1020: Undeclared identifier "nActionKind"

dl_runtime_contract_inc.nss(424): Error: NSC1020: Undeclared identifier "oActor"

dl_runtime_contract_inc.nss(424): Error: NSC1020: Undeclared identifier "lTarget"

dl_runtime_contract_inc.nss(424): Error: NSC1020: Undeclared identifier "DL_CommandJumpToLocation"

dl_runtime_contract_inc.nss(426): Error: NSC1020: Undeclared identifier "nActionKind"

dl_runtime_contract_inc.nss(428): Error: NSC1020: Undeclared identifier "oActor"

dl_runtime_contract_inc.nss(428): Error: NSC1020: Undeclared identifier "oTarget"

dl_runtime_contract_inc.nss(428): Error: NSC1020: Undeclared identifier "sDialogResRef"

dl_runtime_contract_inc.nss(428): Error: NSC1020: Undeclared identifier "bPrivateConversation"

dl_runtime_contract_inc.nss(428): Error: NSC1020: Undeclared identifier "bPlayHello"

dl_runtime_contract_inc.nss(428): Error: NSC1020: Undeclared identifier "DL_CommandStartConversation"

dl_runtime_contract_inc.nss(430): Error: NSC1020: Undeclared identifier "nActionKind"

dl_runtime_contract_inc.nss(432): Error: NSC1020: Undeclared identifier "oActor"

dl_runtime_contract_inc.nss(432): Error: NSC1020: Undeclared identifier "oTarget"

dl_runtime_contract_inc.nss(432): Error: NSC1020: Undeclared identifier "DL_CommandAttack"

dl_runtime_contract_inc.nss(436): Error: NSC1080: Return statement outside the scope of a function

dl_runtime_contract_inc.nss(440): Error: NSC1020: Undeclared identifier "oActor"

dl_runtime_contract_inc.nss(441): Error: NSC1020: Undeclared identifier "sPostStatusKey"

dl_runtime_contract_inc.nss(442): Error: NSC1020: Undeclared identifier "sPostStatus"

dl_runtime_contract_inc.nss(443): Error: NSC1020: Undeclared identifier "sPostDiagKey"

dl_runtime_contract_inc.nss(444): Error: NSC1020: Undeclared identifier "sPostDiag"

dl_runtime_contract_inc.nss(446): Error: NSC1020: Undeclared identifier "nExecutionWindow"

dl_runtime_contract_inc.nss(447): Error: NSC1020: Undeclared identifier "sNoopStateKey"

dl_runtime_contract_inc.nss(449): Error: NSC1020: Undeclared identifier "sNoopStateValue"

dl_runtime_contract_inc.nss(449): Error: NSC1007: Required argument "oActor" missing in call to "DL_OnNpcActionDispatched"

dl_runtime_contract_inc.nss(451): Error: NSC1080: Return statement outside the scope of a function

dl_runtime_contract_inc.nss(550): Error: NSC1020: Undeclared identifier "OBJECT_TYPE_AREA"

dl_runtime_contract_inc.nss(551): Error: NSC1039: Not all paths return a value

dl_config_inc.nss(56): Error: NSC1003: Operator (>) not valid for specified types

dl_diag_inc.nss(6): Error: NSC1020: Undeclared identifier "DL_DIR_NONE"

dl_diag_inc.nss(10): Error: NSC1020: Undeclared identifier "DL_DIR_SLEEP"

dl_diag_inc.nss(14): Error: NSC1020: Undeclared identifier "DL_DIR_WORK"

dl_diag_inc.nss(18): Error: NSC1020: Undeclared identifier "DL_DIR_SOCIAL"

dl_diag_inc.nss(22): Error: NSC1020: Undeclared identifier "DL_DIR_MEAL"

dl_diag_inc.nss(26): Error: NSC1020: Undeclared identifier "DL_DIR_PUBLIC"

dl_diag_inc.nss(30): Error: NSC1020: Undeclared identifier "DL_DIR_CHILL"

dl_diag_inc.nss(39): Error: NSC1020: Undeclared identifier "DL_L_NPC_TRANSITION_DIAGNOSTIC"

dl_diag_inc.nss(39): Error: NSC1007: Required argument "sVarName" missing in call to "GetLocalString"

dl_diag_inc.nss(45): Error: NSC1020: Undeclared identifier "DL_L_NPC_SLEEP_DIAGNOSTIC"

dl_diag_inc.nss(45): Error: NSC1007: Required argument "sVarName" missing in call to "GetLocalString"

dl_diag_inc.nss(51): Error: NSC1020: Undeclared identifier "DL_L_NPC_WORK_DIAGNOSTIC"

dl_diag_inc.nss(51): Error: NSC1007: Required argument "sVarName" missing in call to "GetLocalString"

dl_diag_inc.nss(57): Error: NSC1020: Undeclared identifier "DL_L_NPC_FOCUS_DIAGNOSTIC"

dl_diag_inc.nss(57): Error: NSC1007: Required argument "sVarName" missing in call to "GetLocalString"

dl_diag_inc.nss(69): Error: NSC1020: Undeclared identifier "DL_L_NPC_TRANSITION_STATUS"

dl_diag_inc.nss(69): Error: NSC1007: Required argument "sVarName" missing in call to "GetLocalString"

dl_diag_inc.nss(75): Error: NSC1020: Undeclared identifier "DL_L_NPC_SLEEP_STATUS"

dl_diag_inc.nss(75): Error: NSC1007: Required argument "sVarName" missing in call to "GetLocalString"

dl_diag_inc.nss(81): Error: NSC1020: Undeclared identifier "DL_L_NPC_WORK_STATUS"

dl_diag_inc.nss(81): Error: NSC1007: Required argument "sVarName" missing in call to "GetLocalString"

dl_diag_inc.nss(87): Error: NSC1020: Undeclared identifier "DL_L_NPC_FOCUS_STATUS"

dl_diag_inc.nss(87): Error: NSC1007: Required argument "sVarName" missing in call to "GetLocalString"

dl_diag_inc.nss(115): Error: NSC1020: Undeclared identifier "DL_L_NPC_PROFILE_ID"

dl_diag_inc.nss(115): Error: NSC1007: Required argument "sVarName" missing in call to "GetLocalString"

dl_diag_inc.nss(116): Error: NSC1020: Undeclared identifier "DL_L_NPC_DIRECTIVE"

dl_diag_inc.nss(116): Error: NSC1007: Required argument "sVarName" missing in call to "GetLocalInt"

dl_diag_inc.nss(116): Error: NSC1007: Required argument "nDirective" missing in call to "DL_GetDirectiveLabel"

dl_diag_inc.nss(117): Error: NSC1020: Undeclared identifier "DL_L_NPC_STATE"

dl_diag_inc.nss(117): Error: NSC1007: Required argument "sVarName" missing in call to "GetLocalString"

dl_diag_inc.nss(119): Error: NSC1020: Undeclared identifier "DL_L_NPC_SLEEP_STATUS"

dl_diag_inc.nss(119): Error: NSC1007: Required argument "sVarName" missing in call to "GetLocalString"

dl_diag_inc.nss(120): Error: NSC1020: Undeclared identifier "DL_L_NPC_SLEEP_TARGET"

dl_diag_inc.nss(120): Error: NSC1007: Required argument "sVarName" missing in call to "GetLocalString"

dl_diag_inc.nss(121): Error: NSC1020: Undeclared identifier "DL_L_NPC_WORK_STATUS"

dl_diag_inc.nss(121): Error: NSC1007: Required argument "sVarName" missing in call to "GetLocalString"

dl_diag_inc.nss(122): Error: NSC1020: Undeclared identifier "DL_L_NPC_WORK_TARGET"

dl_diag_inc.nss(122): Error: NSC1007: Required argument "sVarName" missing in call to "GetLocalString"

dl_diag_inc.nss(123): Error: NSC1020: Undeclared identifier "DL_L_NPC_TRANSITION_STATUS"

dl_diag_inc.nss(123): Error: NSC1007: Required argument "sVarName" missing in call to "GetLocalString"

dl_diag_inc.nss(124): Error: NSC1020: Undeclared identifier "DL_L_NPC_TRANSITION_TARGET"

dl_diag_inc.nss(124): Error: NSC1007: Required argument "sVarName" missing in call to "GetLocalString"

dl_diag_inc.nss(131): Error: NSC1020: Undeclared identifier "DL_L_NPC_DIRECTIVE"

dl_diag_inc.nss(131): Error: NSC1007: Required argument "sVarName" missing in call to "GetLocalInt"

dl_diag_inc.nss(131): Error: NSC1007: Required argument "nDirective" missing in call to "DL_GetDirectiveLabel"

dl_diag_inc.nss(132): Error: NSC1020: Undeclared identifier "DL_L_NPC_STATE"

dl_diag_inc.nss(132): Error: NSC1007: Required argument "sVarName" missing in call to "GetLocalString"

dl_diag_inc.nss(134): Error: NSC1020: Undeclared identifier "DL_L_NPC_SLEEP_STATUS"

dl_diag_inc.nss(134): Error: NSC1007: Required argument "sVarName" missing in call to "GetLocalString"

dl_diag_inc.nss(135): Error: NSC1020: Undeclared identifier "DL_L_NPC_SLEEP_TARGET"

dl_diag_inc.nss(135): Error: NSC1007: Required argument "sVarName" missing in call to "GetLocalString"

dl_diag_inc.nss(136): Error: NSC1020: Undeclared identifier "DL_L_NPC_WORK_STATUS"

dl_diag_inc.nss(136): Error: NSC1007: Required argument "sVarName" missing in call to "GetLocalString"

dl_diag_inc.nss(137): Error: NSC1020: Undeclared identifier "DL_L_NPC_WORK_TARGET"

dl_diag_inc.nss(137): Error: NSC1007: Required argument "sVarName" missing in call to "GetLocalString"

dl_diag_inc.nss(138): Error: NSC1020: Undeclared identifier "DL_L_NPC_TRANSITION_STATUS"

dl_diag_inc.nss(138): Error: NSC1007: Required argument "sVarName" missing in call to "GetLocalString"

dl_diag_inc.nss(139): Error: NSC1020: Undeclared identifier "DL_L_NPC_TRANSITION_TARGET"

dl_diag_inc.nss(139): Error: NSC1007: Required argument "sVarName" missing in call to "GetLocalString"

dl_diag_inc.nss(140): Error: NSC1039: Not all paths return a value

dl_registry_inc.nss(10): Error: NSC1051: Constant "DL_TIER_WARM" must be initialized before it may be referenced

dl_registry_inc.nss(11): Error: NSC1051: Constant "DL_TIER_HOT" must be initialized before it may be referenced

dl_registry_inc.nss(70): Error: NSC1020: Undeclared identifier "DL_AddLocalInt"

dl_registry_inc.nss(71): Error: NSC1039: Not all paths return a value

dl_registry_inc.nss(166): Error: NSC1020: Undeclared identifier "DL_ShouldRunByAreaTickInterval"

dl_registry_inc.nss(763): Error: NSC1020: Undeclared identifier "DL_L_NPC_PROFILE_ID"

dl_registry_inc.nss(763): Error: NSC1007: Required argument "sVarName" missing in call to "GetLocalString"

dl_registry_inc.nss(765): Error: NSC1020: Undeclared identifier "DL_L_NPC_PROFILE_ID"

dl_registry_inc.nss(765): Error: NSC1007: Required argument "sVarName" missing in call to "SetLocalString"

dl_registry_inc.nss(767): Error: NSC1020: Undeclared identifier "DL_L_NPC_STATE"

dl_registry_inc.nss(767): Error: NSC1007: Required argument "sVarName" missing in call to "GetLocalString"

dl_registry_inc.nss(769): Error: NSC1020: Undeclared identifier "DL_L_NPC_STATE"

dl_registry_inc.nss(769): Error: NSC1007: Required argument "sVarName" missing in call to "SetLocalString"

dl_resync_inc.nss(74): Error: NSC1020: Undeclared identifier "DL_ResolveNpcDirective"

dl_resync_inc.nss(75): Error: NSC1020: Undeclared identifier "DL_ApplyDirectiveSkeleton"

dl_worker_inc.nss(43): Error: NSC1020: Undeclared identifier "DL_ClampInt"

dl_worker_inc.nss(70): Error: NSC1020: Undeclared identifier "DL_L_MODULE_WORKER_TICKS"

dl_worker_inc.nss(70): Error: NSC1007: Required argument "sKey" missing in call to "DL_IncLocalInt"

dl_worker_inc.nss(73): Error: NSC1020: Undeclared identifier "DL_L_AREA_WORKER_LAST_PROCESSED"

dl_worker_inc.nss(73): Error: NSC1007: Required argument "sVarName" missing in call to "SetLocalInt"

dl_worker_inc.nss(74): Error: NSC1020: Undeclared identifier "DL_L_MODULE_WORKER_LAST_PROCESSED"

dl_worker_inc.nss(74): Error: NSC1007: Required argument "sVarName" missing in call to "SetLocalInt"

dl_worker_inc.nss(94): Error: NSC1020: Undeclared identifier "DL_L_AREA_RESYNC_LAST_PROCESSED"

dl_worker_inc.nss(94): Error: NSC1007: Required argument "sVarName" missing in call to "SetLocalInt"

dl_worker_inc.nss(95): Error: NSC1020: Undeclared identifier "DL_L_MODULE_RESYNC_LAST_PROCESSED"

dl_worker_inc.nss(95): Error: NSC1007: Required argument "sVarName" missing in call to "SetLocalInt"

dl_worker_inc.nss(455): Error: NSC1020: Undeclared identifier "DL_ResolveNpcDirective"

dl_worker_inc.nss(456): Error: NSC1020: Undeclared identifier "DL_ApplyDirectiveSkeleton"

dl_lifecycle_inc.nss(22): Error: NSC1050: Non-constant value specified for constant "DL_NPC_RESET_DIRECTIVE_EXEC_ALL"

dl_lifecycle_inc.nss(33): Error: NSC1020: Undeclared identifier "DL_L_NPC_SLEEP_TARGET_VALID"

dl_lifecycle_inc.nss(33): Error: NSC1007: Required argument "sVarName" missing in call to "DeleteLocalInt"

dl_lifecycle_inc.nss(37): Error: NSC1020: Undeclared identifier "DL_L_NPC_WORK_TARGET"

dl_lifecycle_inc.nss(37): Error: NSC1007: Required argument "sVarName" missing in call to "DeleteLocalObject"

dl_lifecycle_inc.nss(41): Error: NSC1020: Undeclared identifier "DL_L_NPC_MEAL_TARGET"

dl_lifecycle_inc.nss(41): Error: NSC1007: Required argument "sVarName" missing in call to "DeleteLocalObject"

dl_lifecycle_inc.nss(45): Error: NSC1020: Undeclared identifier "DL_L_NPC_CHILL_TARGET"

dl_lifecycle_inc.nss(45): Error: NSC1007: Required argument "sVarName" missing in call to "DeleteLocalObject"

dl_lifecycle_inc.nss(49): Error: NSC1020: Undeclared identifier "DL_L_NPC_SOCIAL_TARGET"

dl_lifecycle_inc.nss(49): Error: NSC1007: Required argument "sVarName" missing in call to "DeleteLocalObject"

dl_lifecycle_inc.nss(50): Error: NSC1020: Undeclared identifier "DL_L_NPC_SOCIAL_PARTNER"

dl_lifecycle_inc.nss(50): Error: NSC1007: Required argument "sVarName" missing in call to "DeleteLocalObject"

dl_lifecycle_inc.nss(54): Error: NSC1020: Undeclared identifier "DL_L_NPC_PUBLIC_TARGET"

dl_lifecycle_inc.nss(54): Error: NSC1007: Required argument "sVarName" missing in call to "DeleteLocalObject"

dl_lifecycle_inc.nss(97): Error: NSC1020: Undeclared identifier "DL_L_NPC_BLOCKED_OBJ"

dl_lifecycle_inc.nss(97): Error: NSC1007: Required argument "sVarName" missing in call to "DeleteLocalObject"

dl_lifecycle_inc.nss(98): Error: NSC1020: Undeclared identifier "DL_L_NPC_BLOCKED_TAG"

dl_lifecycle_inc.nss(98): Error: NSC1007: Required argument "sVarName" missing in call to "DeleteLocalString"

dl_lifecycle_inc.nss(99): Error: NSC1020: Undeclared identifier "DL_L_NPC_BLOCKED_TYPE"

dl_lifecycle_inc.nss(99): Error: NSC1007: Required argument "sVarName" missing in call to "DeleteLocalInt"

dl_lifecycle_inc.nss(100): Error: NSC1020: Undeclared identifier "DL_L_NPC_BLOCKED_BUSY"

dl_lifecycle_inc.nss(100): Error: NSC1007: Required argument "sVarName" missing in call to "DeleteLocalInt"

dl_city_response_inc.nss(47): Error: NSC1020: Undeclared identifier "DL_ClampInt"

dl_city_response_inc.nss(55): Error: NSC1020: Undeclared identifier "DL_GetAbsoluteMinute"

dl_city_response_inc.nss(155): Error: NSC1020: Undeclared identifier "GetIsInConversation"

dl_city_response_inc.nss(155): Error: NSC1020: Undeclared identifier "GetIsInConversation"

dl_city_response_inc.nss(172): Error: NSC1020: Undeclared identifier "LOCATION_INVALID"

dl_city_response_inc.nss(185): Error: NSC1020: Undeclared identifier "DL_GetAbsoluteMinute"

dl_city_response_inc.nss(188): Error: NSC1020: Undeclared identifier "DL_OrchestrateRuntimeAction"

dl_city_response_inc.nss(189): Error: NSC1020: Undeclared identifier "LOCATION_INVALID"

dl_city_response_inc.nss(189): Error: NSC1020: Undeclared identifier "DL_OrchestrateRuntimeAction"

dl_city_response_inc.nss(193): Error: NSC1020: Undeclared identifier "LOCATION_INVALID"

dl_city_response_inc.nss(193): Error: NSC1020: Undeclared identifier "DL_OrchestrateRuntimeAction"

dl_city_response_inc.nss(200): Error: NSC1020: Undeclared identifier "DL_L_NPC_PROFILE_ID"

dl_city_response_inc.nss(200): Error: NSC1007: Required argument "sVarName" missing in call to "GetLocalString"

dl_city_response_inc.nss(200): Error: NSC1020: Undeclared identifier "DL_PROFILE_GATE_POST"

dl_city_response_inc.nss(201): Error: NSC1039: Not all paths return a value

dl_city_response_inc.nss(213): Error: NSC1020: Undeclared identifier "DL_GetAbsoluteMinute"

dl_city_response_inc.nss(243): Error: NSC1020: Undeclared identifier "DL_GetAbsoluteMinute"

dl_city_response_inc.nss(244): Error: NSC1020: Undeclared identifier "DL_IsMinuteCooldownActive"

dl_city_response_inc.nss(249): Error: NSC1020: Undeclared identifier "DL_SetMinuteCooldown"

dl_city_response_inc.nss(286): Error: NSC1020: Undeclared identifier "DL_IsMinuteCooldownActive"

dl_city_response_inc.nss(287): Error: NSC1039: Not all paths return a value

dl_city_response_inc.nss(324): Error: NSC1020: Undeclared identifier "DL_GetAbsoluteMinute"

dl_city_response_inc.nss(340): Error: NSC1020: Undeclared identifier "DL_IsMinuteCooldownActive"

dl_city_response_inc.nss(344): Error: NSC1020: Undeclared identifier "DL_SetMinuteCooldown"

dl_city_response_inc.nss(348): Error: NSC1020: Undeclared identifier "LOCATION_INVALID"

dl_city_response_inc.nss(348): Error: NSC1020: Undeclared identifier "DL_GetAbsoluteMinute"

dl_city_response_inc.nss(348): Error: NSC1020: Undeclared identifier "DL_OrchestrateRuntimeAction"

dl_legal_inc.nss(60): Error: NSC1020: Undeclared identifier "DL_GetAbsoluteMinute"

dl_legal_inc.nss(97): Error: NSC1020: Undeclared identifier "DL_GetAbsoluteMinute"

dl_legal_inc.nss(97): Error: NSC1007: Required argument "nValue" missing in call to "SetLocalInt"

dl_legal_inc.nss(112): Error: NSC1020: Undeclared identifier "DL_GetAbsoluteMinute"

dl_legal_inc.nss(148): Error: NSC1020: Undeclared identifier "DL_GetAbsoluteMinute"

dl_legal_inc.nss(148): Error: NSC1007: Required argument "nValue" missing in call to "SetLocalInt"

dl_legal_inc.nss(167): Error: NSC1020: Undeclared identifier "DL_GetAbsoluteMinute"

dl_legal_inc.nss(167): Error: NSC1007: Required argument "nValue" missing in call to "SetLocalInt"

dl_cr_crime_inc.nss(97): Error: NSC1020: Undeclared identifier "DL_GetAbsoluteMinute"

dl_cr_crime_inc.nss(145): Error: NSC1020: Undeclared identifier "DL_GetAbsoluteMinute"

dl_cr_crime_inc.nss(145): Error: NSC1007: Required argument "nValue" missing in call to "SetLocalInt"

dl_cr_crime_inc.nss(232): Error: NSC1020: Undeclared identifier "DL_GetAbsoluteMinute"

dl_cr_crime_inc.nss(233): Error: NSC1020: Undeclared identifier "DL_IsMinuteCooldownActive"

dl_cr_crime_inc.nss(237): Error: NSC1020: Undeclared identifier "DL_SetMinuteCooldown"

dl_cr_crime_inc.nss(284): Error: NSC1020: Undeclared identifier "DL_SELECTION_SCORE_INF"

dl_cr_crime_inc.nss(285): Error: NSC1020: Undeclared identifier "DL_SELECTION_SCORE_INF"

dl_cr_crime_inc.nss(314): Error: NSC1020: Undeclared identifier "DL_SelectionBuildTieKey"

dl_cr_crime_inc.nss(315): Error: NSC1020: Undeclared identifier "DL_SelectionCompare"

dl_cr_crime_inc.nss(324): Error: NSC1020: Undeclared identifier "DL_SelectionCompare"

dl_cr_crime_inc.nss(342): Error: NSC1020: Undeclared identifier "DL_GetAbsoluteMinute"

dl_cr_crime_inc.nss(351): Error: NSC1020: Undeclared identifier "LOCATION_INVALID"

dl_cr_crime_inc.nss(351): Error: NSC1020: Undeclared identifier "DL_GetAbsoluteMinute"

dl_cr_crime_inc.nss(351): Error: NSC1020: Undeclared identifier "DL_OrchestrateRuntimeAction"

dl_cr_crime_inc.nss(365): Error: NSC1020: Undeclared identifier "LOCATION_INVALID"

dl_cr_crime_inc.nss(365): Error: NSC1020: Undeclared identifier "DL_GetAbsoluteMinute"

dl_cr_crime_inc.nss(365): Error: NSC1020: Undeclared identifier "DL_OrchestrateRuntimeAction"

dl_cr_crime_inc.nss(369): Error: NSC1020: Undeclared identifier "LOCATION_INVALID"

dl_cr_crime_inc.nss(369): Error: NSC1020: Undeclared identifier "DL_GetAbsoluteMinute"

dl_cr_crime_inc.nss(369): Error: NSC1020: Undeclared identifier "DL_OrchestrateRuntimeAction"

dl_cr_crime_inc.nss(398): Error: NSC1020: Undeclared identifier "DL_PipelineUpdateDiagnostic"

dl_cr_crime_inc.nss(408): Error: NSC1020: Undeclared identifier "DL_GetAbsoluteMinute"

dl_cr_crime_inc.nss(408): Error: NSC1007: Required argument "nUntilAbsMin" missing in call to "DL_CR_SetDetainPending"

dl_cr_crime_inc.nss(415): Error: NSC1020: Undeclared identifier "DL_PipelineUpdateDiagnostic"

dl_cr_crime_inc.nss(444): Error: NSC1020: Undeclared identifier "DL_CR_EVT_PICKPOCKET"

dl_cr_crime_inc.nss(444): Error: NSC1020: Undeclared identifier "DL_CR_EVT_CONTAINER_THEFT"

dl_cr_crime_inc.nss(462): Error: NSC1020: Undeclared identifier "DL_GetAbsoluteMinute"

dl_cr_crime_inc.nss(480): Error: NSC1020: Undeclared identifier "DL_GetAbsoluteMinute"

dl_cr_crime_inc.nss(531): Error: NSC1020: Undeclared identifier "DL_CR_EVT_DOOR_LOCKPICK"

dl_cr_crime_inc.nss(535): Error: NSC1020: Undeclared identifier "DL_CR_EVT_PLACEABLE_LOCKPICK"

dl_cr_crime_inc.nss(541): Error: NSC1020: Undeclared identifier "DL_CR_EVT_RESTRICTED_ENTRY"

dl_cr_crime_inc.nss(588): Error: NSC1020: Undeclared identifier "DL_CR_EVT_RESTRICTED_ENTRY"

dl_cr_crime_inc.nss(588): Error: NSC1007: Required argument "sKind" missing in call to "DL_CR_RegisterCrimeIncident"

dl_cr_crime_inc.nss(605): Error: NSC1020: Undeclared identifier "DL_GetAbsoluteMinute"

dl_cr_crime_inc.nss(605): Error: NSC1020: Undeclared identifier "DL_OrchestrateRuntimeAction"

dl_cr_crime_inc.nss(626): Error: NSC1020: Undeclared identifier "LOCATION_INVALID"

dl_cr_crime_inc.nss(626): Error: NSC1020: Undeclared identifier "DL_GetAbsoluteMinute"

dl_cr_crime_inc.nss(626): Error: NSC1020: Undeclared identifier "DL_OrchestrateRuntimeAction"

dl_cr_crime_inc.nss(637): Error: NSC1020: Undeclared identifier "DL_GetAbsoluteMinute"

dl_cr_crime_inc.nss(637): Error: NSC1007: Required argument "nUntilAbsMin" missing in call to "DL_CR_SetDetainPending"

dl_cr_crime_inc.nss(643): Error: NSC1020: Undeclared identifier "LOCATION_INVALID"

dl_cr_crime_inc.nss(643): Error: NSC1020: Undeclared identifier "DL_GetAbsoluteMinute"

dl_cr_crime_inc.nss(643): Error: NSC1020: Undeclared identifier "DL_OrchestrateRuntimeAction"

Compilation aborted with errors.

Processing aborted.

Total Execution time = 31ms

Running mode 'check' for 'D:\a\COMPILATOR\COMPILATOR\daily_life\dl_perception.nss' from 'D:\a\COMPILATOR\COMPILATOR\tools\nwn2_compiler\bin': D:\a\COMPILATOR\COMPILATOR\tools\nwn2_compiler\bin\NWNScriptCompiler.exe -c -a -i D:\a\COMPILATOR\COMPILATOR\daily_life -i D:\a\COMPILATOR\COMPILATOR\tools\nwn2_compiler\stock_scripts -b D:\a\COMPILATOR\COMPILATOR\artifacts\ncc D:\a\COMPILATOR\COMPILATOR\daily_life\dl_perception.nss
NWNScriptCompiler - built Jan 29 2014 19:24:04
Copyright (C) 2008-2014 Skywing.
Portions copyright (C) 2002-2003, Edward T. Smith.
Portions copyright (C) 2003, The Open Knights Consortium.
Compiling: dl_perception.NSS

dl_runtime_contract_inc.nss(196): Error: NSC1020: Undeclared identifier "DL_LogChatDebugEvent"

dl_runtime_contract_inc.nss(244): Error: NSC1020: Undeclared identifier "DL_IsAreaObject"

dl_runtime_contract_inc.nss(245): Error: NSC1039: Not all paths return a value

dl_runtime_contract_inc.nss(254): Error: NSC1020: Undeclared identifier "DL_GetAreaTier"

dl_runtime_contract_inc.nss(265): Error: NSC1020: Undeclared identifier "DL_GetAreaTier"

dl_runtime_contract_inc.nss(266): Error: NSC1039: Not all paths return a value

dl_runtime_contract_inc.nss(275): Error: NSC1020: Undeclared identifier "DL_GetAreaTier"

dl_runtime_contract_inc.nss(276): Error: NSC1039: Not all paths return a value

dl_runtime_contract_inc.nss(369): Error: NSC1020: Undeclared identifier "LOCATION_INVALID"

dl_runtime_contract_inc.nss(389): Error: NSC1020: Undeclared identifier "oActor"

dl_runtime_contract_inc.nss(389): Error: NSC1007: Required argument "oObject" missing in call to "GetIsObjectValid"

dl_runtime_contract_inc.nss(391): Error: NSC1080: Return statement outside the scope of a function

dl_runtime_contract_inc.nss(394): Error: NSC1020: Undeclared identifier "sNoopStateKey"

dl_runtime_contract_inc.nss(394): Error: NSC1020: Undeclared identifier "sNoopStateValue"

dl_runtime_contract_inc.nss(394): Error: NSC1020: Undeclared identifier "nExecutionWindow"

dl_runtime_contract_inc.nss(396): Error: NSC1020: Undeclared identifier "oActor"

dl_runtime_contract_inc.nss(396): Error: NSC1020: Undeclared identifier "sNoopStateKey"

dl_runtime_contract_inc.nss(396): Error: NSC1007: Required argument "oObject" missing in call to "GetLocalString"

dl_runtime_contract_inc.nss(396): Error: NSC1020: Undeclared identifier "sNoopStateValue"

dl_runtime_contract_inc.nss(397): Error: NSC1020: Undeclared identifier "oActor"

dl_runtime_contract_inc.nss(397): Error: NSC1007: Required argument "oObject" missing in call to "GetLocalInt"

dl_runtime_contract_inc.nss(397): Error: NSC1020: Undeclared identifier "nExecutionWindow"

dl_runtime_contract_inc.nss(398): Error: NSC1020: Undeclared identifier "oActor"

dl_runtime_contract_inc.nss(398): Error: NSC1007: Required argument "oObject" missing in call to "GetLocalString"

dl_runtime_contract_inc.nss(398): Error: NSC1020: Undeclared identifier "sNoopStateValue"

dl_runtime_contract_inc.nss(400): Error: NSC1080: Return statement outside the scope of a function

dl_runtime_contract_inc.nss(404): Error: NSC1020: Undeclared identifier "oActor"

dl_runtime_contract_inc.nss(404): Error: NSC1020: Undeclared identifier "sPreStatusKey"

dl_runtime_contract_inc.nss(404): Error: NSC1020: Undeclared identifier "sPreStatus"

dl_runtime_contract_inc.nss(404): Error: NSC1020: Undeclared identifier "sPreDiagKey"

dl_runtime_contract_inc.nss(404): Error: NSC1020: Undeclared identifier "sPreDiag"

dl_runtime_contract_inc.nss(404): Error: NSC1007: Required argument "oNpc" missing in call to "DL_SetRuntimeState"

dl_runtime_contract_inc.nss(405): Error: NSC1020: Undeclared identifier "bResetQueue"

dl_runtime_contract_inc.nss(407): Error: NSC1020: Undeclared identifier "oActor"

dl_runtime_contract_inc.nss(407): Error: NSC1007: Required argument "oActionSubject" missing in call to "AssignCommand"

dl_runtime_contract_inc.nss(410): Error: NSC1020: Undeclared identifier "nActionKind"

dl_runtime_contract_inc.nss(414): Error: NSC1020: Undeclared identifier "nActionKind"

dl_runtime_contract_inc.nss(416): Error: NSC1020: Undeclared identifier "oActor"

dl_runtime_contract_inc.nss(416): Error: NSC1020: Undeclared identifier "oTarget"

dl_runtime_contract_inc.nss(416): Error: NSC1020: Undeclared identifier "bRun"

dl_runtime_contract_inc.nss(416): Error: NSC1020: Undeclared identifier "fRange"

dl_runtime_contract_inc.nss(416): Error: NSC1020: Undeclared identifier "DL_CommandMoveToObject"

dl_runtime_contract_inc.nss(418): Error: NSC1020: Undeclared identifier "nActionKind"

dl_runtime_contract_inc.nss(420): Error: NSC1020: Undeclared identifier "oActor"

dl_runtime_contract_inc.nss(420): Error: NSC1020: Undeclared identifier "lTarget"

dl_runtime_contract_inc.nss(420): Error: NSC1020: Undeclared identifier "bRun"

dl_runtime_contract_inc.nss(420): Error: NSC1020: Undeclared identifier "DL_CommandMoveToLocation"

dl_runtime_contract_inc.nss(422): Error: NSC1020: Undeclared identifier "nActionKind"

dl_runtime_contract_inc.nss(424): Error: NSC1020: Undeclared identifier "oActor"

dl_runtime_contract_inc.nss(424): Error: NSC1020: Undeclared identifier "lTarget"

dl_runtime_contract_inc.nss(424): Error: NSC1020: Undeclared identifier "DL_CommandJumpToLocation"

dl_runtime_contract_inc.nss(426): Error: NSC1020: Undeclared identifier "nActionKind"

dl_runtime_contract_inc.nss(428): Error: NSC1020: Undeclared identifier "oActor"

dl_runtime_contract_inc.nss(428): Error: NSC1020: Undeclared identifier "oTarget"

dl_runtime_contract_inc.nss(428): Error: NSC1020: Undeclared identifier "sDialogResRef"

dl_runtime_contract_inc.nss(428): Error: NSC1020: Undeclared identifier "bPrivateConversation"

dl_runtime_contract_inc.nss(428): Error: NSC1020: Undeclared identifier "bPlayHello"

dl_runtime_contract_inc.nss(428): Error: NSC1020: Undeclared identifier "DL_CommandStartConversation"

dl_runtime_contract_inc.nss(430): Error: NSC1020: Undeclared identifier "nActionKind"

dl_runtime_contract_inc.nss(432): Error: NSC1020: Undeclared identifier "oActor"

dl_runtime_contract_inc.nss(432): Error: NSC1020: Undeclared identifier "oTarget"

dl_runtime_contract_inc.nss(432): Error: NSC1020: Undeclared identifier "DL_CommandAttack"

dl_runtime_contract_inc.nss(436): Error: NSC1080: Return statement outside the scope of a function

dl_runtime_contract_inc.nss(440): Error: NSC1020: Undeclared identifier "oActor"

dl_runtime_contract_inc.nss(441): Error: NSC1020: Undeclared identifier "sPostStatusKey"

dl_runtime_contract_inc.nss(442): Error: NSC1020: Undeclared identifier "sPostStatus"

dl_runtime_contract_inc.nss(443): Error: NSC1020: Undeclared identifier "sPostDiagKey"

dl_runtime_contract_inc.nss(444): Error: NSC1020: Undeclared identifier "sPostDiag"

dl_runtime_contract_inc.nss(446): Error: NSC1020: Undeclared identifier "nExecutionWindow"

dl_runtime_contract_inc.nss(447): Error: NSC1020: Undeclared identifier "sNoopStateKey"

dl_runtime_contract_inc.nss(449): Error: NSC1020: Undeclared identifier "sNoopStateValue"

dl_runtime_contract_inc.nss(449): Error: NSC1007: Required argument "oActor" missing in call to "DL_OnNpcActionDispatched"

dl_runtime_contract_inc.nss(451): Error: NSC1080: Return statement outside the scope of a function

dl_runtime_contract_inc.nss(550): Error: NSC1020: Undeclared identifier "OBJECT_TYPE_AREA"

dl_runtime_contract_inc.nss(551): Error: NSC1039: Not all paths return a value

dl_config_inc.nss(56): Error: NSC1003: Operator (>) not valid for specified types

dl_diag_inc.nss(6): Error: NSC1020: Undeclared identifier "DL_DIR_NONE"

dl_diag_inc.nss(10): Error: NSC1020: Undeclared identifier "DL_DIR_SLEEP"

dl_diag_inc.nss(14): Error: NSC1020: Undeclared identifier "DL_DIR_WORK"

dl_diag_inc.nss(18): Error: NSC1020: Undeclared identifier "DL_DIR_SOCIAL"

dl_diag_inc.nss(22): Error: NSC1020: Undeclared identifier "DL_DIR_MEAL"

dl_diag_inc.nss(26): Error: NSC1020: Undeclared identifier "DL_DIR_PUBLIC"

dl_diag_inc.nss(30): Error: NSC1020: Undeclared identifier "DL_DIR_CHILL"

dl_diag_inc.nss(39): Error: NSC1020: Undeclared identifier "DL_L_NPC_TRANSITION_DIAGNOSTIC"

dl_diag_inc.nss(39): Error: NSC1007: Required argument "sVarName" missing in call to "GetLocalString"

dl_diag_inc.nss(45): Error: NSC1020: Undeclared identifier "DL_L_NPC_SLEEP_DIAGNOSTIC"

dl_diag_inc.nss(45): Error: NSC1007: Required argument "sVarName" missing in call to "GetLocalString"

dl_diag_inc.nss(51): Error: NSC1020: Undeclared identifier "DL_L_NPC_WORK_DIAGNOSTIC"

dl_diag_inc.nss(51): Error: NSC1007: Required argument "sVarName" missing in call to "GetLocalString"

dl_diag_inc.nss(57): Error: NSC1020: Undeclared identifier "DL_L_NPC_FOCUS_DIAGNOSTIC"

dl_diag_inc.nss(57): Error: NSC1007: Required argument "sVarName" missing in call to "GetLocalString"

dl_diag_inc.nss(69): Error: NSC1020: Undeclared identifier "DL_L_NPC_TRANSITION_STATUS"

dl_diag_inc.nss(69): Error: NSC1007: Required argument "sVarName" missing in call to "GetLocalString"

dl_diag_inc.nss(75): Error: NSC1020: Undeclared identifier "DL_L_NPC_SLEEP_STATUS"

dl_diag_inc.nss(75): Error: NSC1007: Required argument "sVarName" missing in call to "GetLocalString"

dl_diag_inc.nss(81): Error: NSC1020: Undeclared identifier "DL_L_NPC_WORK_STATUS"

dl_diag_inc.nss(81): Error: NSC1007: Required argument "sVarName" missing in call to "GetLocalString"

dl_diag_inc.nss(87): Error: NSC1020: Undeclared identifier "DL_L_NPC_FOCUS_STATUS"

dl_diag_inc.nss(87): Error: NSC1007: Required argument "sVarName" missing in call to "GetLocalString"

dl_diag_inc.nss(115): Error: NSC1020: Undeclared identifier "DL_L_NPC_PROFILE_ID"

dl_diag_inc.nss(115): Error: NSC1007: Required argument "sVarName" missing in call to "GetLocalString"

dl_diag_inc.nss(116): Error: NSC1020: Undeclared identifier "DL_L_NPC_DIRECTIVE"

dl_diag_inc.nss(116): Error: NSC1007: Required argument "sVarName" missing in call to "GetLocalInt"

dl_diag_inc.nss(116): Error: NSC1007: Required argument "nDirective" missing in call to "DL_GetDirectiveLabel"

dl_diag_inc.nss(117): Error: NSC1020: Undeclared identifier "DL_L_NPC_STATE"

dl_diag_inc.nss(117): Error: NSC1007: Required argument "sVarName" missing in call to "GetLocalString"

dl_diag_inc.nss(119): Error: NSC1020: Undeclared identifier "DL_L_NPC_SLEEP_STATUS"

dl_diag_inc.nss(119): Error: NSC1007: Required argument "sVarName" missing in call to "GetLocalString"

dl_diag_inc.nss(120): Error: NSC1020: Undeclared identifier "DL_L_NPC_SLEEP_TARGET"

dl_diag_inc.nss(120): Error: NSC1007: Required argument "sVarName" missing in call to "GetLocalString"

dl_diag_inc.nss(121): Error: NSC1020: Undeclared identifier "DL_L_NPC_WORK_STATUS"

dl_diag_inc.nss(121): Error: NSC1007: Required argument "sVarName" missing in call to "GetLocalString"

dl_diag_inc.nss(122): Error: NSC1020: Undeclared identifier "DL_L_NPC_WORK_TARGET"

dl_diag_inc.nss(122): Error: NSC1007: Required argument "sVarName" missing in call to "GetLocalString"

dl_diag_inc.nss(123): Error: NSC1020: Undeclared identifier "DL_L_NPC_TRANSITION_STATUS"

dl_diag_inc.nss(123): Error: NSC1007: Required argument "sVarName" missing in call to "GetLocalString"

dl_diag_inc.nss(124): Error: NSC1020: Undeclared identifier "DL_L_NPC_TRANSITION_TARGET"

dl_diag_inc.nss(124): Error: NSC1007: Required argument "sVarName" missing in call to "GetLocalString"

dl_diag_inc.nss(131): Error: NSC1020: Undeclared identifier "DL_L_NPC_DIRECTIVE"

dl_diag_inc.nss(131): Error: NSC1007: Required argument "sVarName" missing in call to "GetLocalInt"

dl_diag_inc.nss(131): Error: NSC1007: Required argument "nDirective" missing in call to "DL_GetDirectiveLabel"

dl_diag_inc.nss(132): Error: NSC1020: Undeclared identifier "DL_L_NPC_STATE"

dl_diag_inc.nss(132): Error: NSC1007: Required argument "sVarName" missing in call to "GetLocalString"

dl_diag_inc.nss(134): Error: NSC1020: Undeclared identifier "DL_L_NPC_SLEEP_STATUS"

dl_diag_inc.nss(134): Error: NSC1007: Required argument "sVarName" missing in call to "GetLocalString"

dl_diag_inc.nss(135): Error: NSC1020: Undeclared identifier "DL_L_NPC_SLEEP_TARGET"

dl_diag_inc.nss(135): Error: NSC1007: Required argument "sVarName" missing in call to "GetLocalString"

dl_diag_inc.nss(136): Error: NSC1020: Undeclared identifier "DL_L_NPC_WORK_STATUS"

dl_diag_inc.nss(136): Error: NSC1007: Required argument "sVarName" missing in call to "GetLocalString"

dl_diag_inc.nss(137): Error: NSC1020: Undeclared identifier "DL_L_NPC_WORK_TARGET"

dl_diag_inc.nss(137): Error: NSC1007: Required argument "sVarName" missing in call to "GetLocalString"

dl_diag_inc.nss(138): Error: NSC1020: Undeclared identifier "DL_L_NPC_TRANSITION_STATUS"

dl_diag_inc.nss(138): Error: NSC1007: Required argument "sVarName" missing in call to "GetLocalString"

dl_diag_inc.nss(139): Error: NSC1020: Undeclared identifier "DL_L_NPC_TRANSITION_TARGET"

dl_diag_inc.nss(139): Error: NSC1007: Required argument "sVarName" missing in call to "GetLocalString"

dl_diag_inc.nss(140): Error: NSC1039: Not all paths return a value

dl_registry_inc.nss(10): Error: NSC1051: Constant "DL_TIER_WARM" must be initialized before it may be referenced

dl_registry_inc.nss(11): Error: NSC1051: Constant "DL_TIER_HOT" must be initialized before it may be referenced

dl_registry_inc.nss(70): Error: NSC1020: Undeclared identifier "DL_AddLocalInt"

dl_registry_inc.nss(71): Error: NSC1039: Not all paths return a value

dl_registry_inc.nss(166): Error: NSC1020: Undeclared identifier "DL_ShouldRunByAreaTickInterval"

dl_registry_inc.nss(763): Error: NSC1020: Undeclared identifier "DL_L_NPC_PROFILE_ID"

dl_registry_inc.nss(763): Error: NSC1007: Required argument "sVarName" missing in call to "GetLocalString"

dl_registry_inc.nss(765): Error: NSC1020: Undeclared identifier "DL_L_NPC_PROFILE_ID"

dl_registry_inc.nss(765): Error: NSC1007: Required argument "sVarName" missing in call to "SetLocalString"

dl_registry_inc.nss(767): Error: NSC1020: Undeclared identifier "DL_L_NPC_STATE"

dl_registry_inc.nss(767): Error: NSC1007: Required argument "sVarName" missing in call to "GetLocalString"

dl_registry_inc.nss(769): Error: NSC1020: Undeclared identifier "DL_L_NPC_STATE"

dl_registry_inc.nss(769): Error: NSC1007: Required argument "sVarName" missing in call to "SetLocalString"

dl_resync_inc.nss(74): Error: NSC1020: Undeclared identifier "DL_ResolveNpcDirective"

dl_resync_inc.nss(75): Error: NSC1020: Undeclared identifier "DL_ApplyDirectiveSkeleton"

dl_worker_inc.nss(43): Error: NSC1020: Undeclared identifier "DL_ClampInt"

dl_worker_inc.nss(70): Error: NSC1020: Undeclared identifier "DL_L_MODULE_WORKER_TICKS"

dl_worker_inc.nss(70): Error: NSC1007: Required argument "sKey" missing in call to "DL_IncLocalInt"

dl_worker_inc.nss(73): Error: NSC1020: Undeclared identifier "DL_L_AREA_WORKER_LAST_PROCESSED"

dl_worker_inc.nss(73): Error: NSC1007: Required argument "sVarName" missing in call to "SetLocalInt"

dl_worker_inc.nss(74): Error: NSC1020: Undeclared identifier "DL_L_MODULE_WORKER_LAST_PROCESSED"

dl_worker_inc.nss(74): Error: NSC1007: Required argument "sVarName" missing in call to "SetLocalInt"

dl_worker_inc.nss(94): Error: NSC1020: Undeclared identifier "DL_L_AREA_RESYNC_LAST_PROCESSED"

dl_worker_inc.nss(94): Error: NSC1007: Required argument "sVarName" missing in call to "SetLocalInt"

dl_worker_inc.nss(95): Error: NSC1020: Undeclared identifier "DL_L_MODULE_RESYNC_LAST_PROCESSED"

dl_worker_inc.nss(95): Error: NSC1007: Required argument "sVarName" missing in call to "SetLocalInt"

dl_worker_inc.nss(455): Error: NSC1020: Undeclared identifier "DL_ResolveNpcDirective"

dl_worker_inc.nss(456): Error: NSC1020: Undeclared identifier "DL_ApplyDirectiveSkeleton"

dl_lifecycle_inc.nss(22): Error: NSC1050: Non-constant value specified for constant "DL_NPC_RESET_DIRECTIVE_EXEC_ALL"

dl_lifecycle_inc.nss(33): Error: NSC1020: Undeclared identifier "DL_L_NPC_SLEEP_TARGET_VALID"

dl_lifecycle_inc.nss(33): Error: NSC1007: Required argument "sVarName" missing in call to "DeleteLocalInt"

dl_lifecycle_inc.nss(37): Error: NSC1020: Undeclared identifier "DL_L_NPC_WORK_TARGET"

dl_lifecycle_inc.nss(37): Error: NSC1007: Required argument "sVarName" missing in call to "DeleteLocalObject"

dl_lifecycle_inc.nss(41): Error: NSC1020: Undeclared identifier "DL_L_NPC_MEAL_TARGET"

dl_lifecycle_inc.nss(41): Error: NSC1007: Required argument "sVarName" missing in call to "DeleteLocalObject"

dl_lifecycle_inc.nss(45): Error: NSC1020: Undeclared identifier "DL_L_NPC_CHILL_TARGET"

dl_lifecycle_inc.nss(45): Error: NSC1007: Required argument "sVarName" missing in call to "DeleteLocalObject"

dl_lifecycle_inc.nss(49): Error: NSC1020: Undeclared identifier "DL_L_NPC_SOCIAL_TARGET"

dl_lifecycle_inc.nss(49): Error: NSC1007: Required argument "sVarName" missing in call to "DeleteLocalObject"

dl_lifecycle_inc.nss(50): Error: NSC1020: Undeclared identifier "DL_L_NPC_SOCIAL_PARTNER"

dl_lifecycle_inc.nss(50): Error: NSC1007: Required argument "sVarName" missing in call to "DeleteLocalObject"

dl_lifecycle_inc.nss(54): Error: NSC1020: Undeclared identifier "DL_L_NPC_PUBLIC_TARGET"

dl_lifecycle_inc.nss(54): Error: NSC1007: Required argument "sVarName" missing in call to "DeleteLocalObject"

dl_lifecycle_inc.nss(97): Error: NSC1020: Undeclared identifier "DL_L_NPC_BLOCKED_OBJ"

dl_lifecycle_inc.nss(97): Error: NSC1007: Required argument "sVarName" missing in call to "DeleteLocalObject"

dl_lifecycle_inc.nss(98): Error: NSC1020: Undeclared identifier "DL_L_NPC_BLOCKED_TAG"

dl_lifecycle_inc.nss(98): Error: NSC1007: Required argument "sVarName" missing in call to "DeleteLocalString"

dl_lifecycle_inc.nss(99): Error: NSC1020: Undeclared identifier "DL_L_NPC_BLOCKED_TYPE"

dl_lifecycle_inc.nss(99): Error: NSC1007: Required argument "sVarName" missing in call to "DeleteLocalInt"

dl_lifecycle_inc.nss(100): Error: NSC1020: Undeclared identifier "DL_L_NPC_BLOCKED_BUSY"

dl_lifecycle_inc.nss(100): Error: NSC1007: Required argument "sVarName" missing in call to "DeleteLocalInt"

dl_city_response_inc.nss(47): Error: NSC1020: Undeclared identifier "DL_ClampInt"

dl_city_response_inc.nss(55): Error: NSC1020: Undeclared identifier "DL_GetAbsoluteMinute"

dl_city_response_inc.nss(155): Error: NSC1020: Undeclared identifier "GetIsInConversation"

dl_city_response_inc.nss(155): Error: NSC1020: Undeclared identifier "GetIsInConversation"

dl_city_response_inc.nss(172): Error: NSC1020: Undeclared identifier "LOCATION_INVALID"

dl_city_response_inc.nss(185): Error: NSC1020: Undeclared identifier "DL_GetAbsoluteMinute"

dl_city_response_inc.nss(188): Error: NSC1020: Undeclared identifier "DL_OrchestrateRuntimeAction"

dl_city_response_inc.nss(189): Error: NSC1020: Undeclared identifier "LOCATION_INVALID"

dl_city_response_inc.nss(189): Error: NSC1020: Undeclared identifier "DL_OrchestrateRuntimeAction"

dl_city_response_inc.nss(193): Error: NSC1020: Undeclared identifier "LOCATION_INVALID"

dl_city_response_inc.nss(193): Error: NSC1020: Undeclared identifier "DL_OrchestrateRuntimeAction"

dl_city_response_inc.nss(200): Error: NSC1020: Undeclared identifier "DL_L_NPC_PROFILE_ID"

dl_city_response_inc.nss(200): Error: NSC1007: Required argument "sVarName" missing in call to "GetLocalString"

dl_city_response_inc.nss(200): Error: NSC1020: Undeclared identifier "DL_PROFILE_GATE_POST"

dl_city_response_inc.nss(201): Error: NSC1039: Not all paths return a value

dl_city_response_inc.nss(213): Error: NSC1020: Undeclared identifier "DL_GetAbsoluteMinute"

dl_city_response_inc.nss(243): Error: NSC1020: Undeclared identifier "DL_GetAbsoluteMinute"

dl_city_response_inc.nss(244): Error: NSC1020: Undeclared identifier "DL_IsMinuteCooldownActive"

dl_city_response_inc.nss(249): Error: NSC1020: Undeclared identifier "DL_SetMinuteCooldown"

dl_city_response_inc.nss(286): Error: NSC1020: Undeclared identifier "DL_IsMinuteCooldownActive"

dl_city_response_inc.nss(287): Error: NSC1039: Not all paths return a value

dl_city_response_inc.nss(324): Error: NSC1020: Undeclared identifier "DL_GetAbsoluteMinute"

dl_city_response_inc.nss(340): Error: NSC1020: Undeclared identifier "DL_IsMinuteCooldownActive"

dl_city_response_inc.nss(344): Error: NSC1020: Undeclared identifier "DL_SetMinuteCooldown"

dl_city_response_inc.nss(348): Error: NSC1020: Undeclared identifier "LOCATION_INVALID"

dl_city_response_inc.nss(348): Error: NSC1020: Undeclared identifier "DL_GetAbsoluteMinute"

dl_city_response_inc.nss(348): Error: NSC1020: Undeclared identifier "DL_OrchestrateRuntimeAction"

dl_legal_inc.nss(60): Error: NSC1020: Undeclared identifier "DL_GetAbsoluteMinute"

dl_legal_inc.nss(97): Error: NSC1020: Undeclared identifier "DL_GetAbsoluteMinute"

dl_legal_inc.nss(97): Error: NSC1007: Required argument "nValue" missing in call to "SetLocalInt"

dl_legal_inc.nss(112): Error: NSC1020: Undeclared identifier "DL_GetAbsoluteMinute"

dl_legal_inc.nss(148): Error: NSC1020: Undeclared identifier "DL_GetAbsoluteMinute"

dl_legal_inc.nss(148): Error: NSC1007: Required argument "nValue" missing in call to "SetLocalInt"

dl_legal_inc.nss(167): Error: NSC1020: Undeclared identifier "DL_GetAbsoluteMinute"

dl_legal_inc.nss(167): Error: NSC1007: Required argument "nValue" missing in call to "SetLocalInt"

dl_cr_crime_inc.nss(97): Error: NSC1020: Undeclared identifier "DL_GetAbsoluteMinute"

dl_cr_crime_inc.nss(145): Error: NSC1020: Undeclared identifier "DL_GetAbsoluteMinute"

dl_cr_crime_inc.nss(145): Error: NSC1007: Required argument "nValue" missing in call to "SetLocalInt"

dl_cr_crime_inc.nss(232): Error: NSC1020: Undeclared identifier "DL_GetAbsoluteMinute"

dl_cr_crime_inc.nss(233): Error: NSC1020: Undeclared identifier "DL_IsMinuteCooldownActive"

dl_cr_crime_inc.nss(237): Error: NSC1020: Undeclared identifier "DL_SetMinuteCooldown"

dl_cr_crime_inc.nss(284): Error: NSC1020: Undeclared identifier "DL_SELECTION_SCORE_INF"

dl_cr_crime_inc.nss(285): Error: NSC1020: Undeclared identifier "DL_SELECTION_SCORE_INF"

dl_cr_crime_inc.nss(314): Error: NSC1020: Undeclared identifier "DL_SelectionBuildTieKey"

dl_cr_crime_inc.nss(315): Error: NSC1020: Undeclared identifier "DL_SelectionCompare"

dl_cr_crime_inc.nss(324): Error: NSC1020: Undeclared identifier "DL_SelectionCompare"

dl_cr_crime_inc.nss(342): Error: NSC1020: Undeclared identifier "DL_GetAbsoluteMinute"

dl_cr_crime_inc.nss(351): Error: NSC1020: Undeclared identifier "LOCATION_INVALID"

dl_cr_crime_inc.nss(351): Error: NSC1020: Undeclared identifier "DL_GetAbsoluteMinute"

dl_cr_crime_inc.nss(351): Error: NSC1020: Undeclared identifier "DL_OrchestrateRuntimeAction"

dl_cr_crime_inc.nss(365): Error: NSC1020: Undeclared identifier "LOCATION_INVALID"

dl_cr_crime_inc.nss(365): Error: NSC1020: Undeclared identifier "DL_GetAbsoluteMinute"

dl_cr_crime_inc.nss(365): Error: NSC1020: Undeclared identifier "DL_OrchestrateRuntimeAction"

dl_cr_crime_inc.nss(369): Error: NSC1020: Undeclared identifier "LOCATION_INVALID"

dl_cr_crime_inc.nss(369): Error: NSC1020: Undeclared identifier "DL_GetAbsoluteMinute"

dl_cr_crime_inc.nss(369): Error: NSC1020: Undeclared identifier "DL_OrchestrateRuntimeAction"

dl_cr_crime_inc.nss(398): Error: NSC1020: Undeclared identifier "DL_PipelineUpdateDiagnostic"

dl_cr_crime_inc.nss(408): Error: NSC1020: Undeclared identifier "DL_GetAbsoluteMinute"

dl_cr_crime_inc.nss(408): Error: NSC1007: Required argument "nUntilAbsMin" missing in call to "DL_CR_SetDetainPending"

dl_cr_crime_inc.nss(415): Error: NSC1020: Undeclared identifier "DL_PipelineUpdateDiagnostic"

dl_cr_crime_inc.nss(444): Error: NSC1020: Undeclared identifier "DL_CR_EVT_PICKPOCKET"

dl_cr_crime_inc.nss(444): Error: NSC1020: Undeclared identifier "DL_CR_EVT_CONTAINER_THEFT"

dl_cr_crime_inc.nss(462): Error: NSC1020: Undeclared identifier "DL_GetAbsoluteMinute"

dl_cr_crime_inc.nss(480): Error: NSC1020: Undeclared identifier "DL_GetAbsoluteMinute"

dl_cr_crime_inc.nss(531): Error: NSC1020: Undeclared identifier "DL_CR_EVT_DOOR_LOCKPICK"

dl_cr_crime_inc.nss(535): Error: NSC1020: Undeclared identifier "DL_CR_EVT_PLACEABLE_LOCKPICK"

dl_cr_crime_inc.nss(541): Error: NSC1020: Undeclared identifier "DL_CR_EVT_RESTRICTED_ENTRY"

dl_cr_crime_inc.nss(588): Error: NSC1020: Undeclared identifier "DL_CR_EVT_RESTRICTED_ENTRY"

dl_cr_crime_inc.nss(588): Error: NSC1007: Required argument "sKind" missing in call to "DL_CR_RegisterCrimeIncident"

dl_cr_crime_inc.nss(605): Error: NSC1020: Undeclared identifier "DL_GetAbsoluteMinute"

dl_cr_crime_inc.nss(605): Error: NSC1020: Undeclared identifier "DL_OrchestrateRuntimeAction"

dl_cr_crime_inc.nss(626): Error: NSC1020: Undeclared identifier "LOCATION_INVALID"

dl_cr_crime_inc.nss(626): Error: NSC1020: Undeclared identifier "DL_GetAbsoluteMinute"

dl_cr_crime_inc.nss(626): Error: NSC1020: Undeclared identifier "DL_OrchestrateRuntimeAction"

dl_cr_crime_inc.nss(637): Error: NSC1020: Undeclared identifier "DL_GetAbsoluteMinute"

dl_cr_crime_inc.nss(637): Error: NSC1007: Required argument "nUntilAbsMin" missing in call to "DL_CR_SetDetainPending"

dl_cr_crime_inc.nss(643): Error: NSC1020: Undeclared identifier "LOCATION_INVALID"

dl_cr_crime_inc.nss(643): Error: NSC1020: Undeclared identifier "DL_GetAbsoluteMinute"

dl_cr_crime_inc.nss(643): Error: NSC1020: Undeclared identifier "DL_OrchestrateRuntimeAction"

Compilation aborted with errors.

Processing aborted.

Total Execution time = 16ms

Running mode 'check' for 'D:\a\COMPILATOR\COMPILATOR\daily_life\dl_smk_sync.nss' from 'D:\a\COMPILATOR\COMPILATOR\tools\nwn2_compiler\bin': D:\a\COMPILATOR\COMPILATOR\tools\nwn2_compiler\bin\NWNScriptCompiler.exe -c -a -i D:\a\COMPILATOR\COMPILATOR\daily_life -i D:\a\COMPILATOR\COMPILATOR\tools\nwn2_compiler\stock_scripts -b D:\a\COMPILATOR\COMPILATOR\artifacts\ncc D:\a\COMPILATOR\COMPILATOR\daily_life\dl_smk_sync.nss
NWNScriptCompiler - built Jan 29 2014 19:24:04
Copyright (C) 2008-2014 Skywing.
Portions copyright (C) 2002-2003, Edward T. Smith.
Portions copyright (C) 2003, The Open Knights Consortium.
Compiling: dl_smk_sync.NSS

dl_runtime_contract_inc.nss(196): Error: NSC1020: Undeclared identifier "DL_LogChatDebugEvent"

dl_runtime_contract_inc.nss(244): Error: NSC1020: Undeclared identifier "DL_IsAreaObject"

dl_runtime_contract_inc.nss(245): Error: NSC1039: Not all paths return a value

dl_runtime_contract_inc.nss(254): Error: NSC1020: Undeclared identifier "DL_GetAreaTier"

dl_runtime_contract_inc.nss(265): Error: NSC1020: Undeclared identifier "DL_GetAreaTier"

dl_runtime_contract_inc.nss(266): Error: NSC1039: Not all paths return a value

dl_runtime_contract_inc.nss(275): Error: NSC1020: Undeclared identifier "DL_GetAreaTier"

dl_runtime_contract_inc.nss(276): Error: NSC1039: Not all paths return a value

dl_runtime_contract_inc.nss(369): Error: NSC1020: Undeclared identifier "LOCATION_INVALID"

dl_runtime_contract_inc.nss(389): Error: NSC1020: Undeclared identifier "oActor"

dl_runtime_contract_inc.nss(389): Error: NSC1007: Required argument "oObject" missing in call to "GetIsObjectValid"

dl_runtime_contract_inc.nss(391): Error: NSC1080: Return statement outside the scope of a function

dl_runtime_contract_inc.nss(394): Error: NSC1020: Undeclared identifier "sNoopStateKey"

dl_runtime_contract_inc.nss(394): Error: NSC1020: Undeclared identifier "sNoopStateValue"

dl_runtime_contract_inc.nss(394): Error: NSC1020: Undeclared identifier "nExecutionWindow"

dl_runtime_contract_inc.nss(396): Error: NSC1020: Undeclared identifier "oActor"

dl_runtime_contract_inc.nss(396): Error: NSC1020: Undeclared identifier "sNoopStateKey"

dl_runtime_contract_inc.nss(396): Error: NSC1007: Required argument "oObject" missing in call to "GetLocalString"

dl_runtime_contract_inc.nss(396): Error: NSC1020: Undeclared identifier "sNoopStateValue"

dl_runtime_contract_inc.nss(397): Error: NSC1020: Undeclared identifier "oActor"

dl_runtime_contract_inc.nss(397): Error: NSC1007: Required argument "oObject" missing in call to "GetLocalInt"

dl_runtime_contract_inc.nss(397): Error: NSC1020: Undeclared identifier "nExecutionWindow"

dl_runtime_contract_inc.nss(398): Error: NSC1020: Undeclared identifier "oActor"

dl_runtime_contract_inc.nss(398): Error: NSC1007: Required argument "oObject" missing in call to "GetLocalString"

dl_runtime_contract_inc.nss(398): Error: NSC1020: Undeclared identifier "sNoopStateValue"

dl_runtime_contract_inc.nss(400): Error: NSC1080: Return statement outside the scope of a function

dl_runtime_contract_inc.nss(404): Error: NSC1020: Undeclared identifier "oActor"

dl_runtime_contract_inc.nss(404): Error: NSC1020: Undeclared identifier "sPreStatusKey"

dl_runtime_contract_inc.nss(404): Error: NSC1020: Undeclared identifier "sPreStatus"

dl_runtime_contract_inc.nss(404): Error: NSC1020: Undeclared identifier "sPreDiagKey"

dl_runtime_contract_inc.nss(404): Error: NSC1020: Undeclared identifier "sPreDiag"

dl_runtime_contract_inc.nss(404): Error: NSC1007: Required argument "oNpc" missing in call to "DL_SetRuntimeState"

dl_runtime_contract_inc.nss(405): Error: NSC1020: Undeclared identifier "bResetQueue"

dl_runtime_contract_inc.nss(407): Error: NSC1020: Undeclared identifier "oActor"

dl_runtime_contract_inc.nss(407): Error: NSC1007: Required argument "oActionSubject" missing in call to "AssignCommand"

dl_runtime_contract_inc.nss(410): Error: NSC1020: Undeclared identifier "nActionKind"

dl_runtime_contract_inc.nss(414): Error: NSC1020: Undeclared identifier "nActionKind"

dl_runtime_contract_inc.nss(416): Error: NSC1020: Undeclared identifier "oActor"

dl_runtime_contract_inc.nss(416): Error: NSC1020: Undeclared identifier "oTarget"

dl_runtime_contract_inc.nss(416): Error: NSC1020: Undeclared identifier "bRun"

dl_runtime_contract_inc.nss(416): Error: NSC1020: Undeclared identifier "fRange"

dl_runtime_contract_inc.nss(416): Error: NSC1020: Undeclared identifier "DL_CommandMoveToObject"

dl_runtime_contract_inc.nss(418): Error: NSC1020: Undeclared identifier "nActionKind"

dl_runtime_contract_inc.nss(420): Error: NSC1020: Undeclared identifier "oActor"

dl_runtime_contract_inc.nss(420): Error: NSC1020: Undeclared identifier "lTarget"

dl_runtime_contract_inc.nss(420): Error: NSC1020: Undeclared identifier "bRun"

dl_runtime_contract_inc.nss(420): Error: NSC1020: Undeclared identifier "DL_CommandMoveToLocation"

dl_runtime_contract_inc.nss(422): Error: NSC1020: Undeclared identifier "nActionKind"

dl_runtime_contract_inc.nss(424): Error: NSC1020: Undeclared identifier "oActor"

dl_runtime_contract_inc.nss(424): Error: NSC1020: Undeclared identifier "lTarget"

dl_runtime_contract_inc.nss(424): Error: NSC1020: Undeclared identifier "DL_CommandJumpToLocation"

dl_runtime_contract_inc.nss(426): Error: NSC1020: Undeclared identifier "nActionKind"

dl_runtime_contract_inc.nss(428): Error: NSC1020: Undeclared identifier "oActor"

dl_runtime_contract_inc.nss(428): Error: NSC1020: Undeclared identifier "oTarget"

dl_runtime_contract_inc.nss(428): Error: NSC1020: Undeclared identifier "sDialogResRef"

dl_runtime_contract_inc.nss(428): Error: NSC1020: Undeclared identifier "bPrivateConversation"

dl_runtime_contract_inc.nss(428): Error: NSC1020: Undeclared identifier "bPlayHello"

dl_runtime_contract_inc.nss(428): Error: NSC1020: Undeclared identifier "DL_CommandStartConversation"

dl_runtime_contract_inc.nss(430): Error: NSC1020: Undeclared identifier "nActionKind"

dl_runtime_contract_inc.nss(432): Error: NSC1020: Undeclared identifier "oActor"

dl_runtime_contract_inc.nss(432): Error: NSC1020: Undeclared identifier "oTarget"

dl_runtime_contract_inc.nss(432): Error: NSC1020: Undeclared identifier "DL_CommandAttack"

dl_runtime_contract_inc.nss(436): Error: NSC1080: Return statement outside the scope of a function

dl_runtime_contract_inc.nss(440): Error: NSC1020: Undeclared identifier "oActor"

dl_runtime_contract_inc.nss(441): Error: NSC1020: Undeclared identifier "sPostStatusKey"

dl_runtime_contract_inc.nss(442): Error: NSC1020: Undeclared identifier "sPostStatus"

dl_runtime_contract_inc.nss(443): Error: NSC1020: Undeclared identifier "sPostDiagKey"

dl_runtime_contract_inc.nss(444): Error: NSC1020: Undeclared identifier "sPostDiag"

dl_runtime_contract_inc.nss(446): Error: NSC1020: Undeclared identifier "nExecutionWindow"

dl_runtime_contract_inc.nss(447): Error: NSC1020: Undeclared identifier "sNoopStateKey"

dl_runtime_contract_inc.nss(449): Error: NSC1020: Undeclared identifier "sNoopStateValue"

dl_runtime_contract_inc.nss(449): Error: NSC1007: Required argument "oActor" missing in call to "DL_OnNpcActionDispatched"

dl_runtime_contract_inc.nss(451): Error: NSC1080: Return statement outside the scope of a function

dl_runtime_contract_inc.nss(550): Error: NSC1020: Undeclared identifier "OBJECT_TYPE_AREA"

dl_runtime_contract_inc.nss(551): Error: NSC1039: Not all paths return a value

dl_config_inc.nss(56): Error: NSC1003: Operator (>) not valid for specified types

dl_diag_inc.nss(6): Error: NSC1020: Undeclared identifier "DL_DIR_NONE"

dl_diag_inc.nss(10): Error: NSC1020: Undeclared identifier "DL_DIR_SLEEP"

dl_diag_inc.nss(14): Error: NSC1020: Undeclared identifier "DL_DIR_WORK"

dl_diag_inc.nss(18): Error: NSC1020: Undeclared identifier "DL_DIR_SOCIAL"

dl_diag_inc.nss(22): Error: NSC1020: Undeclared identifier "DL_DIR_MEAL"

dl_diag_inc.nss(26): Error: NSC1020: Undeclared identifier "DL_DIR_PUBLIC"

dl_diag_inc.nss(30): Error: NSC1020: Undeclared identifier "DL_DIR_CHILL"

dl_diag_inc.nss(39): Error: NSC1020: Undeclared identifier "DL_L_NPC_TRANSITION_DIAGNOSTIC"

dl_diag_inc.nss(39): Error: NSC1007: Required argument "sVarName" missing in call to "GetLocalString"

dl_diag_inc.nss(45): Error: NSC1020: Undeclared identifier "DL_L_NPC_SLEEP_DIAGNOSTIC"

dl_diag_inc.nss(45): Error: NSC1007: Required argument "sVarName" missing in call to "GetLocalString"

dl_diag_inc.nss(51): Error: NSC1020: Undeclared identifier "DL_L_NPC_WORK_DIAGNOSTIC"

dl_diag_inc.nss(51): Error: NSC1007: Required argument "sVarName" missing in call to "GetLocalString"

dl_diag_inc.nss(57): Error: NSC1020: Undeclared identifier "DL_L_NPC_FOCUS_DIAGNOSTIC"

dl_diag_inc.nss(57): Error: NSC1007: Required argument "sVarName" missing in call to "GetLocalString"

dl_diag_inc.nss(69): Error: NSC1020: Undeclared identifier "DL_L_NPC_TRANSITION_STATUS"

dl_diag_inc.nss(69): Error: NSC1007: Required argument "sVarName" missing in call to "GetLocalString"

dl_diag_inc.nss(75): Error: NSC1020: Undeclared identifier "DL_L_NPC_SLEEP_STATUS"

dl_diag_inc.nss(75): Error: NSC1007: Required argument "sVarName" missing in call to "GetLocalString"

dl_diag_inc.nss(81): Error: NSC1020: Undeclared identifier "DL_L_NPC_WORK_STATUS"

dl_diag_inc.nss(81): Error: NSC1007: Required argument "sVarName" missing in call to "GetLocalString"

dl_diag_inc.nss(87): Error: NSC1020: Undeclared identifier "DL_L_NPC_FOCUS_STATUS"

dl_diag_inc.nss(87): Error: NSC1007: Required argument "sVarName" missing in call to "GetLocalString"

dl_diag_inc.nss(115): Error: NSC1020: Undeclared identifier "DL_L_NPC_PROFILE_ID"

dl_diag_inc.nss(115): Error: NSC1007: Required argument "sVarName" missing in call to "GetLocalString"

dl_diag_inc.nss(116): Error: NSC1020: Undeclared identifier "DL_L_NPC_DIRECTIVE"

dl_diag_inc.nss(116): Error: NSC1007: Required argument "sVarName" missing in call to "GetLocalInt"

dl_diag_inc.nss(116): Error: NSC1007: Required argument "nDirective" missing in call to "DL_GetDirectiveLabel"

dl_diag_inc.nss(117): Error: NSC1020: Undeclared identifier "DL_L_NPC_STATE"

dl_diag_inc.nss(117): Error: NSC1007: Required argument "sVarName" missing in call to "GetLocalString"

dl_diag_inc.nss(119): Error: NSC1020: Undeclared identifier "DL_L_NPC_SLEEP_STATUS"

dl_diag_inc.nss(119): Error: NSC1007: Required argument "sVarName" missing in call to "GetLocalString"

dl_diag_inc.nss(120): Error: NSC1020: Undeclared identifier "DL_L_NPC_SLEEP_TARGET"

dl_diag_inc.nss(120): Error: NSC1007: Required argument "sVarName" missing in call to "GetLocalString"

dl_diag_inc.nss(121): Error: NSC1020: Undeclared identifier "DL_L_NPC_WORK_STATUS"

dl_diag_inc.nss(121): Error: NSC1007: Required argument "sVarName" missing in call to "GetLocalString"

dl_diag_inc.nss(122): Error: NSC1020: Undeclared identifier "DL_L_NPC_WORK_TARGET"

dl_diag_inc.nss(122): Error: NSC1007: Required argument "sVarName" missing in call to "GetLocalString"

dl_diag_inc.nss(123): Error: NSC1020: Undeclared identifier "DL_L_NPC_TRANSITION_STATUS"

dl_diag_inc.nss(123): Error: NSC1007: Required argument "sVarName" missing in call to "GetLocalString"

dl_diag_inc.nss(124): Error: NSC1020: Undeclared identifier "DL_L_NPC_TRANSITION_TARGET"

dl_diag_inc.nss(124): Error: NSC1007: Required argument "sVarName" missing in call to "GetLocalString"

dl_diag_inc.nss(131): Error: NSC1020: Undeclared identifier "DL_L_NPC_DIRECTIVE"

dl_diag_inc.nss(131): Error: NSC1007: Required argument "sVarName" missing in call to "GetLocalInt"

dl_diag_inc.nss(131): Error: NSC1007: Required argument "nDirective" missing in call to "DL_GetDirectiveLabel"

dl_diag_inc.nss(132): Error: NSC1020: Undeclared identifier "DL_L_NPC_STATE"

dl_diag_inc.nss(132): Error: NSC1007: Required argument "sVarName" missing in call to "GetLocalString"

dl_diag_inc.nss(134): Error: NSC1020: Undeclared identifier "DL_L_NPC_SLEEP_STATUS"

dl_diag_inc.nss(134): Error: NSC1007: Required argument "sVarName" missing in call to "GetLocalString"

dl_diag_inc.nss(135): Error: NSC1020: Undeclared identifier "DL_L_NPC_SLEEP_TARGET"

dl_diag_inc.nss(135): Error: NSC1007: Required argument "sVarName" missing in call to "GetLocalString"

dl_diag_inc.nss(136): Error: NSC1020: Undeclared identifier "DL_L_NPC_WORK_STATUS"

dl_diag_inc.nss(136): Error: NSC1007: Required argument "sVarName" missing in call to "GetLocalString"

dl_diag_inc.nss(137): Error: NSC1020: Undeclared identifier "DL_L_NPC_WORK_TARGET"

dl_diag_inc.nss(137): Error: NSC1007: Required argument "sVarName" missing in call to "GetLocalString"

dl_diag_inc.nss(138): Error: NSC1020: Undeclared identifier "DL_L_NPC_TRANSITION_STATUS"

dl_diag_inc.nss(138): Error: NSC1007: Required argument "sVarName" missing in call to "GetLocalString"

dl_diag_inc.nss(139): Error: NSC1020: Undeclared identifier "DL_L_NPC_TRANSITION_TARGET"

dl_diag_inc.nss(139): Error: NSC1007: Required argument "sVarName" missing in call to "GetLocalString"

dl_diag_inc.nss(140): Error: NSC1039: Not all paths return a value

dl_registry_inc.nss(10): Error: NSC1051: Constant "DL_TIER_WARM" must be initialized before it may be referenced

dl_registry_inc.nss(11): Error: NSC1051: Constant "DL_TIER_HOT" must be initialized before it may be referenced

dl_registry_inc.nss(70): Error: NSC1020: Undeclared identifier "DL_AddLocalInt"

dl_registry_inc.nss(71): Error: NSC1039: Not all paths return a value

dl_registry_inc.nss(166): Error: NSC1020: Undeclared identifier "DL_ShouldRunByAreaTickInterval"

dl_registry_inc.nss(763): Error: NSC1020: Undeclared identifier "DL_L_NPC_PROFILE_ID"

dl_registry_inc.nss(763): Error: NSC1007: Required argument "sVarName" missing in call to "GetLocalString"

dl_registry_inc.nss(765): Error: NSC1020: Undeclared identifier "DL_L_NPC_PROFILE_ID"

dl_registry_inc.nss(765): Error: NSC1007: Required argument "sVarName" missing in call to "SetLocalString"

dl_registry_inc.nss(767): Error: NSC1020: Undeclared identifier "DL_L_NPC_STATE"

dl_registry_inc.nss(767): Error: NSC1007: Required argument "sVarName" missing in call to "GetLocalString"

dl_registry_inc.nss(769): Error: NSC1020: Undeclared identifier "DL_L_NPC_STATE"

dl_registry_inc.nss(769): Error: NSC1007: Required argument "sVarName" missing in call to "SetLocalString"

dl_resync_inc.nss(74): Error: NSC1020: Undeclared identifier "DL_ResolveNpcDirective"

dl_resync_inc.nss(75): Error: NSC1020: Undeclared identifier "DL_ApplyDirectiveSkeleton"

dl_worker_inc.nss(43): Error: NSC1020: Undeclared identifier "DL_ClampInt"

dl_worker_inc.nss(70): Error: NSC1020: Undeclared identifier "DL_L_MODULE_WORKER_TICKS"

dl_worker_inc.nss(70): Error: NSC1007: Required argument "sKey" missing in call to "DL_IncLocalInt"

dl_worker_inc.nss(73): Error: NSC1020: Undeclared identifier "DL_L_AREA_WORKER_LAST_PROCESSED"

dl_worker_inc.nss(73): Error: NSC1007: Required argument "sVarName" missing in call to "SetLocalInt"

dl_worker_inc.nss(74): Error: NSC1020: Undeclared identifier "DL_L_MODULE_WORKER_LAST_PROCESSED"

dl_worker_inc.nss(74): Error: NSC1007: Required argument "sVarName" missing in call to "SetLocalInt"

dl_worker_inc.nss(94): Error: NSC1020: Undeclared identifier "DL_L_AREA_RESYNC_LAST_PROCESSED"

dl_worker_inc.nss(94): Error: NSC1007: Required argument "sVarName" missing in call to "SetLocalInt"

dl_worker_inc.nss(95): Error: NSC1020: Undeclared identifier "DL_L_MODULE_RESYNC_LAST_PROCESSED"

dl_worker_inc.nss(95): Error: NSC1007: Required argument "sVarName" missing in call to "SetLocalInt"

dl_worker_inc.nss(455): Error: NSC1020: Undeclared identifier "DL_ResolveNpcDirective"

dl_worker_inc.nss(456): Error: NSC1020: Undeclared identifier "DL_ApplyDirectiveSkeleton"

dl_lifecycle_inc.nss(22): Error: NSC1050: Non-constant value specified for constant "DL_NPC_RESET_DIRECTIVE_EXEC_ALL"

dl_lifecycle_inc.nss(33): Error: NSC1020: Undeclared identifier "DL_L_NPC_SLEEP_TARGET_VALID"

dl_lifecycle_inc.nss(33): Error: NSC1007: Required argument "sVarName" missing in call to "DeleteLocalInt"

dl_lifecycle_inc.nss(37): Error: NSC1020: Undeclared identifier "DL_L_NPC_WORK_TARGET"

dl_lifecycle_inc.nss(37): Error: NSC1007: Required argument "sVarName" missing in call to "DeleteLocalObject"

dl_lifecycle_inc.nss(41): Error: NSC1020: Undeclared identifier "DL_L_NPC_MEAL_TARGET"

dl_lifecycle_inc.nss(41): Error: NSC1007: Required argument "sVarName" missing in call to "DeleteLocalObject"

dl_lifecycle_inc.nss(45): Error: NSC1020: Undeclared identifier "DL_L_NPC_CHILL_TARGET"

dl_lifecycle_inc.nss(45): Error: NSC1007: Required argument "sVarName" missing in call to "DeleteLocalObject"

dl_lifecycle_inc.nss(49): Error: NSC1020: Undeclared identifier "DL_L_NPC_SOCIAL_TARGET"

dl_lifecycle_inc.nss(49): Error: NSC1007: Required argument "sVarName" missing in call to "DeleteLocalObject"

dl_lifecycle_inc.nss(50): Error: NSC1020: Undeclared identifier "DL_L_NPC_SOCIAL_PARTNER"

dl_lifecycle_inc.nss(50): Error: NSC1007: Required argument "sVarName" missing in call to "DeleteLocalObject"

dl_lifecycle_inc.nss(54): Error: NSC1020: Undeclared identifier "DL_L_NPC_PUBLIC_TARGET"

dl_lifecycle_inc.nss(54): Error: NSC1007: Required argument "sVarName" missing in call to "DeleteLocalObject"

dl_lifecycle_inc.nss(97): Error: NSC1020: Undeclared identifier "DL_L_NPC_BLOCKED_OBJ"

dl_lifecycle_inc.nss(97): Error: NSC1007: Required argument "sVarName" missing in call to "DeleteLocalObject"

dl_lifecycle_inc.nss(98): Error: NSC1020: Undeclared identifier "DL_L_NPC_BLOCKED_TAG"

dl_lifecycle_inc.nss(98): Error: NSC1007: Required argument "sVarName" missing in call to "DeleteLocalString"

dl_lifecycle_inc.nss(99): Error: NSC1020: Undeclared identifier "DL_L_NPC_BLOCKED_TYPE"

dl_lifecycle_inc.nss(99): Error: NSC1007: Required argument "sVarName" missing in call to "DeleteLocalInt"

dl_lifecycle_inc.nss(100): Error: NSC1020: Undeclared identifier "DL_L_NPC_BLOCKED_BUSY"

dl_lifecycle_inc.nss(100): Error: NSC1007: Required argument "sVarName" missing in call to "DeleteLocalInt"

dl_city_response_inc.nss(47): Error: NSC1020: Undeclared identifier "DL_ClampInt"

dl_city_response_inc.nss(55): Error: NSC1020: Undeclared identifier "DL_GetAbsoluteMinute"

dl_city_response_inc.nss(155): Error: NSC1020: Undeclared identifier "GetIsInConversation"

dl_city_response_inc.nss(155): Error: NSC1020: Undeclared identifier "GetIsInConversation"

dl_city_response_inc.nss(172): Error: NSC1020: Undeclared identifier "LOCATION_INVALID"

dl_city_response_inc.nss(185): Error: NSC1020: Undeclared identifier "DL_GetAbsoluteMinute"

dl_city_response_inc.nss(188): Error: NSC1020: Undeclared identifier "DL_OrchestrateRuntimeAction"

dl_city_response_inc.nss(189): Error: NSC1020: Undeclared identifier "LOCATION_INVALID"

dl_city_response_inc.nss(189): Error: NSC1020: Undeclared identifier "DL_OrchestrateRuntimeAction"

dl_city_response_inc.nss(193): Error: NSC1020: Undeclared identifier "LOCATION_INVALID"

dl_city_response_inc.nss(193): Error: NSC1020: Undeclared identifier "DL_OrchestrateRuntimeAction"

dl_city_response_inc.nss(200): Error: NSC1020: Undeclared identifier "DL_L_NPC_PROFILE_ID"

dl_city_response_inc.nss(200): Error: NSC1007: Required argument "sVarName" missing in call to "GetLocalString"

dl_city_response_inc.nss(200): Error: NSC1020: Undeclared identifier "DL_PROFILE_GATE_POST"

dl_city_response_inc.nss(201): Error: NSC1039: Not all paths return a value

dl_city_response_inc.nss(213): Error: NSC1020: Undeclared identifier "DL_GetAbsoluteMinute"

dl_city_response_inc.nss(243): Error: NSC1020: Undeclared identifier "DL_GetAbsoluteMinute"

dl_city_response_inc.nss(244): Error: NSC1020: Undeclared identifier "DL_IsMinuteCooldownActive"

dl_city_response_inc.nss(249): Error: NSC1020: Undeclared identifier "DL_SetMinuteCooldown"

dl_city_response_inc.nss(286): Error: NSC1020: Undeclared identifier "DL_IsMinuteCooldownActive"

dl_city_response_inc.nss(287): Error: NSC1039: Not all paths return a value

dl_city_response_inc.nss(324): Error: NSC1020: Undeclared identifier "DL_GetAbsoluteMinute"

dl_city_response_inc.nss(340): Error: NSC1020: Undeclared identifier "DL_IsMinuteCooldownActive"

dl_city_response_inc.nss(344): Error: NSC1020: Undeclared identifier "DL_SetMinuteCooldown"

dl_city_response_inc.nss(348): Error: NSC1020: Undeclared identifier "LOCATION_INVALID"

dl_city_response_inc.nss(348): Error: NSC1020: Undeclared identifier "DL_GetAbsoluteMinute"

dl_city_response_inc.nss(348): Error: NSC1020: Undeclared identifier "DL_OrchestrateRuntimeAction"

dl_legal_inc.nss(60): Error: NSC1020: Undeclared identifier "DL_GetAbsoluteMinute"

dl_legal_inc.nss(97): Error: NSC1020: Undeclared identifier "DL_GetAbsoluteMinute"

dl_legal_inc.nss(97): Error: NSC1007: Required argument "nValue" missing in call to "SetLocalInt"

dl_legal_inc.nss(112): Error: NSC1020: Undeclared identifier "DL_GetAbsoluteMinute"

dl_legal_inc.nss(148): Error: NSC1020: Undeclared identifier "DL_GetAbsoluteMinute"

dl_legal_inc.nss(148): Error: NSC1007: Required argument "nValue" missing in call to "SetLocalInt"

dl_legal_inc.nss(167): Error: NSC1020: Undeclared identifier "DL_GetAbsoluteMinute"

dl_legal_inc.nss(167): Error: NSC1007: Required argument "nValue" missing in call to "SetLocalInt"

dl_cr_crime_inc.nss(97): Error: NSC1020: Undeclared identifier "DL_GetAbsoluteMinute"

dl_cr_crime_inc.nss(145): Error: NSC1020: Undeclared identifier "DL_GetAbsoluteMinute"

dl_cr_crime_inc.nss(145): Error: NSC1007: Required argument "nValue" missing in call to "SetLocalInt"

dl_cr_crime_inc.nss(232): Error: NSC1020: Undeclared identifier "DL_GetAbsoluteMinute"

dl_cr_crime_inc.nss(233): Error: NSC1020: Undeclared identifier "DL_IsMinuteCooldownActive"

dl_cr_crime_inc.nss(237): Error: NSC1020: Undeclared identifier "DL_SetMinuteCooldown"

dl_cr_crime_inc.nss(284): Error: NSC1020: Undeclared identifier "DL_SELECTION_SCORE_INF"

dl_cr_crime_inc.nss(285): Error: NSC1020: Undeclared identifier "DL_SELECTION_SCORE_INF"

dl_cr_crime_inc.nss(314): Error: NSC1020: Undeclared identifier "DL_SelectionBuildTieKey"

dl_cr_crime_inc.nss(315): Error: NSC1020: Undeclared identifier "DL_SelectionCompare"

dl_cr_crime_inc.nss(324): Error: NSC1020: Undeclared identifier "DL_SelectionCompare"

dl_cr_crime_inc.nss(342): Error: NSC1020: Undeclared identifier "DL_GetAbsoluteMinute"

dl_cr_crime_inc.nss(351): Error: NSC1020: Undeclared identifier "LOCATION_INVALID"

dl_cr_crime_inc.nss(351): Error: NSC1020: Undeclared identifier "DL_GetAbsoluteMinute"

dl_cr_crime_inc.nss(351): Error: NSC1020: Undeclared identifier "DL_OrchestrateRuntimeAction"

dl_cr_crime_inc.nss(365): Error: NSC1020: Undeclared identifier "LOCATION_INVALID"

dl_cr_crime_inc.nss(365): Error: NSC1020: Undeclared identifier "DL_GetAbsoluteMinute"

dl_cr_crime_inc.nss(365): Error: NSC1020: Undeclared identifier "DL_OrchestrateRuntimeAction"

dl_cr_crime_inc.nss(369): Error: NSC1020: Undeclared identifier "LOCATION_INVALID"

dl_cr_crime_inc.nss(369): Error: NSC1020: Undeclared identifier "DL_GetAbsoluteMinute"

dl_cr_crime_inc.nss(369): Error: NSC1020: Undeclared identifier "DL_OrchestrateRuntimeAction"

dl_cr_crime_inc.nss(398): Error: NSC1020: Undeclared identifier "DL_PipelineUpdateDiagnostic"

dl_cr_crime_inc.nss(408): Error: NSC1020: Undeclared identifier "DL_GetAbsoluteMinute"

dl_cr_crime_inc.nss(408): Error: NSC1007: Required argument "nUntilAbsMin" missing in call to "DL_CR_SetDetainPending"

dl_cr_crime_inc.nss(415): Error: NSC1020: Undeclared identifier "DL_PipelineUpdateDiagnostic"

dl_cr_crime_inc.nss(444): Error: NSC1020: Undeclared identifier "DL_CR_EVT_PICKPOCKET"

dl_cr_crime_inc.nss(444): Error: NSC1020: Undeclared identifier "DL_CR_EVT_CONTAINER_THEFT"

dl_cr_crime_inc.nss(462): Error: NSC1020: Undeclared identifier "DL_GetAbsoluteMinute"

dl_cr_crime_inc.nss(480): Error: NSC1020: Undeclared identifier "DL_GetAbsoluteMinute"

dl_cr_crime_inc.nss(531): Error: NSC1020: Undeclared identifier "DL_CR_EVT_DOOR_LOCKPICK"

dl_cr_crime_inc.nss(535): Error: NSC1020: Undeclared identifier "DL_CR_EVT_PLACEABLE_LOCKPICK"

dl_cr_crime_inc.nss(541): Error: NSC1020: Undeclared identifier "DL_CR_EVT_RESTRICTED_ENTRY"

dl_cr_crime_inc.nss(588): Error: NSC1020: Undeclared identifier "DL_CR_EVT_RESTRICTED_ENTRY"

dl_cr_crime_inc.nss(588): Error: NSC1007: Required argument "sKind" missing in call to "DL_CR_RegisterCrimeIncident"

dl_cr_crime_inc.nss(605): Error: NSC1020: Undeclared identifier "DL_GetAbsoluteMinute"

dl_cr_crime_inc.nss(605): Error: NSC1020: Undeclared identifier "DL_OrchestrateRuntimeAction"

dl_cr_crime_inc.nss(626): Error: NSC1020: Undeclared identifier "LOCATION_INVALID"

dl_cr_crime_inc.nss(626): Error: NSC1020: Undeclared identifier "DL_GetAbsoluteMinute"

dl_cr_crime_inc.nss(626): Error: NSC1020: Undeclared identifier "DL_OrchestrateRuntimeAction"

dl_cr_crime_inc.nss(637): Error: NSC1020: Undeclared identifier "DL_GetAbsoluteMinute"

dl_cr_crime_inc.nss(637): Error: NSC1007: Required argument "nUntilAbsMin" missing in call to "DL_CR_SetDetainPending"

dl_cr_crime_inc.nss(643): Error: NSC1020: Undeclared identifier "LOCATION_INVALID"

dl_cr_crime_inc.nss(643): Error: NSC1020: Undeclared identifier "DL_GetAbsoluteMinute"

dl_cr_crime_inc.nss(643): Error: NSC1020: Undeclared identifier "DL_OrchestrateRuntimeAction"

Compilation aborted with errors.

Processing aborted.

Total Execution time = 32ms

Running mode 'check' for 'D:\a\COMPILATOR\COMPILATOR\daily_life\dl_smk_tier.nss' from 'D:\a\COMPILATOR\COMPILATOR\tools\nwn2_compiler\bin': D:\a\COMPILATOR\COMPILATOR\tools\nwn2_compiler\bin\NWNScriptCompiler.exe -c -a -i D:\a\COMPILATOR\COMPILATOR\daily_life -i D:\a\COMPILATOR\COMPILATOR\tools\nwn2_compiler\stock_scripts -b D:\a\COMPILATOR\COMPILATOR\artifacts\ncc D:\a\COMPILATOR\COMPILATOR\daily_life\dl_smk_tier.nss
NWNScriptCompiler - built Jan 29 2014 19:24:04
Copyright (C) 2008-2014 Skywing.
Portions copyright (C) 2002-2003, Edward T. Smith.
Portions copyright (C) 2003, The Open Knights Consortium.
Compiling: dl_smk_tier.NSS

dl_runtime_contract_inc.nss(196): Error: NSC1020: Undeclared identifier "DL_LogChatDebugEvent"

dl_runtime_contract_inc.nss(244): Error: NSC1020: Undeclared identifier "DL_IsAreaObject"

dl_runtime_contract_inc.nss(245): Error: NSC1039: Not all paths return a value

dl_runtime_contract_inc.nss(254): Error: NSC1020: Undeclared identifier "DL_GetAreaTier"

dl_runtime_contract_inc.nss(265): Error: NSC1020: Undeclared identifier "DL_GetAreaTier"

dl_runtime_contract_inc.nss(266): Error: NSC1039: Not all paths return a value

dl_runtime_contract_inc.nss(275): Error: NSC1020: Undeclared identifier "DL_GetAreaTier"

dl_runtime_contract_inc.nss(276): Error: NSC1039: Not all paths return a value

dl_runtime_contract_inc.nss(369): Error: NSC1020: Undeclared identifier "LOCATION_INVALID"

dl_runtime_contract_inc.nss(389): Error: NSC1020: Undeclared identifier "oActor"

dl_runtime_contract_inc.nss(389): Error: NSC1007: Required argument "oObject" missing in call to "GetIsObjectValid"

dl_runtime_contract_inc.nss(391): Error: NSC1080: Return statement outside the scope of a function

dl_runtime_contract_inc.nss(394): Error: NSC1020: Undeclared identifier "sNoopStateKey"

dl_runtime_contract_inc.nss(394): Error: NSC1020: Undeclared identifier "sNoopStateValue"

dl_runtime_contract_inc.nss(394): Error: NSC1020: Undeclared identifier "nExecutionWindow"

dl_runtime_contract_inc.nss(396): Error: NSC1020: Undeclared identifier "oActor"

dl_runtime_contract_inc.nss(396): Error: NSC1020: Undeclared identifier "sNoopStateKey"

dl_runtime_contract_inc.nss(396): Error: NSC1007: Required argument "oObject" missing in call to "GetLocalString"

dl_runtime_contract_inc.nss(396): Error: NSC1020: Undeclared identifier "sNoopStateValue"

dl_runtime_contract_inc.nss(397): Error: NSC1020: Undeclared identifier "oActor"

dl_runtime_contract_inc.nss(397): Error: NSC1007: Required argument "oObject" missing in call to "GetLocalInt"

dl_runtime_contract_inc.nss(397): Error: NSC1020: Undeclared identifier "nExecutionWindow"

dl_runtime_contract_inc.nss(398): Error: NSC1020: Undeclared identifier "oActor"

dl_runtime_contract_inc.nss(398): Error: NSC1007: Required argument "oObject" missing in call to "GetLocalString"

dl_runtime_contract_inc.nss(398): Error: NSC1020: Undeclared identifier "sNoopStateValue"

dl_runtime_contract_inc.nss(400): Error: NSC1080: Return statement outside the scope of a function

dl_runtime_contract_inc.nss(404): Error: NSC1020: Undeclared identifier "oActor"

dl_runtime_contract_inc.nss(404): Error: NSC1020: Undeclared identifier "sPreStatusKey"

dl_runtime_contract_inc.nss(404): Error: NSC1020: Undeclared identifier "sPreStatus"

dl_runtime_contract_inc.nss(404): Error: NSC1020: Undeclared identifier "sPreDiagKey"

dl_runtime_contract_inc.nss(404): Error: NSC1020: Undeclared identifier "sPreDiag"

dl_runtime_contract_inc.nss(404): Error: NSC1007: Required argument "oNpc" missing in call to "DL_SetRuntimeState"

dl_runtime_contract_inc.nss(405): Error: NSC1020: Undeclared identifier "bResetQueue"

dl_runtime_contract_inc.nss(407): Error: NSC1020: Undeclared identifier "oActor"

dl_runtime_contract_inc.nss(407): Error: NSC1007: Required argument "oActionSubject" missing in call to "AssignCommand"

dl_runtime_contract_inc.nss(410): Error: NSC1020: Undeclared identifier "nActionKind"

dl_runtime_contract_inc.nss(414): Error: NSC1020: Undeclared identifier "nActionKind"

dl_runtime_contract_inc.nss(416): Error: NSC1020: Undeclared identifier "oActor"

dl_runtime_contract_inc.nss(416): Error: NSC1020: Undeclared identifier "oTarget"

dl_runtime_contract_inc.nss(416): Error: NSC1020: Undeclared identifier "bRun"

dl_runtime_contract_inc.nss(416): Error: NSC1020: Undeclared identifier "fRange"

dl_runtime_contract_inc.nss(416): Error: NSC1020: Undeclared identifier "DL_CommandMoveToObject"

dl_runtime_contract_inc.nss(418): Error: NSC1020: Undeclared identifier "nActionKind"

dl_runtime_contract_inc.nss(420): Error: NSC1020: Undeclared identifier "oActor"

dl_runtime_contract_inc.nss(420): Error: NSC1020: Undeclared identifier "lTarget"

dl_runtime_contract_inc.nss(420): Error: NSC1020: Undeclared identifier "bRun"

dl_runtime_contract_inc.nss(420): Error: NSC1020: Undeclared identifier "DL_CommandMoveToLocation"

dl_runtime_contract_inc.nss(422): Error: NSC1020: Undeclared identifier "nActionKind"

dl_runtime_contract_inc.nss(424): Error: NSC1020: Undeclared identifier "oActor"

dl_runtime_contract_inc.nss(424): Error: NSC1020: Undeclared identifier "lTarget"

dl_runtime_contract_inc.nss(424): Error: NSC1020: Undeclared identifier "DL_CommandJumpToLocation"

dl_runtime_contract_inc.nss(426): Error: NSC1020: Undeclared identifier "nActionKind"

dl_runtime_contract_inc.nss(428): Error: NSC1020: Undeclared identifier "oActor"

dl_runtime_contract_inc.nss(428): Error: NSC1020: Undeclared identifier "oTarget"

dl_runtime_contract_inc.nss(428): Error: NSC1020: Undeclared identifier "sDialogResRef"

dl_runtime_contract_inc.nss(428): Error: NSC1020: Undeclared identifier "bPrivateConversation"

dl_runtime_contract_inc.nss(428): Error: NSC1020: Undeclared identifier "bPlayHello"

dl_runtime_contract_inc.nss(428): Error: NSC1020: Undeclared identifier "DL_CommandStartConversation"

dl_runtime_contract_inc.nss(430): Error: NSC1020: Undeclared identifier "nActionKind"

dl_runtime_contract_inc.nss(432): Error: NSC1020: Undeclared identifier "oActor"

dl_runtime_contract_inc.nss(432): Error: NSC1020: Undeclared identifier "oTarget"

dl_runtime_contract_inc.nss(432): Error: NSC1020: Undeclared identifier "DL_CommandAttack"

dl_runtime_contract_inc.nss(436): Error: NSC1080: Return statement outside the scope of a function

dl_runtime_contract_inc.nss(440): Error: NSC1020: Undeclared identifier "oActor"

dl_runtime_contract_inc.nss(441): Error: NSC1020: Undeclared identifier "sPostStatusKey"

dl_runtime_contract_inc.nss(442): Error: NSC1020: Undeclared identifier "sPostStatus"

dl_runtime_contract_inc.nss(443): Error: NSC1020: Undeclared identifier "sPostDiagKey"

dl_runtime_contract_inc.nss(444): Error: NSC1020: Undeclared identifier "sPostDiag"

dl_runtime_contract_inc.nss(446): Error: NSC1020: Undeclared identifier "nExecutionWindow"

dl_runtime_contract_inc.nss(447): Error: NSC1020: Undeclared identifier "sNoopStateKey"

dl_runtime_contract_inc.nss(449): Error: NSC1020: Undeclared identifier "sNoopStateValue"

dl_runtime_contract_inc.nss(449): Error: NSC1007: Required argument "oActor" missing in call to "DL_OnNpcActionDispatched"

dl_runtime_contract_inc.nss(451): Error: NSC1080: Return statement outside the scope of a function

dl_runtime_contract_inc.nss(550): Error: NSC1020: Undeclared identifier "OBJECT_TYPE_AREA"

dl_runtime_contract_inc.nss(551): Error: NSC1039: Not all paths return a value

dl_config_inc.nss(56): Error: NSC1003: Operator (>) not valid for specified types

dl_diag_inc.nss(6): Error: NSC1020: Undeclared identifier "DL_DIR_NONE"

dl_diag_inc.nss(10): Error: NSC1020: Undeclared identifier "DL_DIR_SLEEP"

dl_diag_inc.nss(14): Error: NSC1020: Undeclared identifier "DL_DIR_WORK"

dl_diag_inc.nss(18): Error: NSC1020: Undeclared identifier "DL_DIR_SOCIAL"

dl_diag_inc.nss(22): Error: NSC1020: Undeclared identifier "DL_DIR_MEAL"

dl_diag_inc.nss(26): Error: NSC1020: Undeclared identifier "DL_DIR_PUBLIC"

dl_diag_inc.nss(30): Error: NSC1020: Undeclared identifier "DL_DIR_CHILL"

dl_diag_inc.nss(39): Error: NSC1020: Undeclared identifier "DL_L_NPC_TRANSITION_DIAGNOSTIC"

dl_diag_inc.nss(39): Error: NSC1007: Required argument "sVarName" missing in call to "GetLocalString"

dl_diag_inc.nss(45): Error: NSC1020: Undeclared identifier "DL_L_NPC_SLEEP_DIAGNOSTIC"

dl_diag_inc.nss(45): Error: NSC1007: Required argument "sVarName" missing in call to "GetLocalString"

dl_diag_inc.nss(51): Error: NSC1020: Undeclared identifier "DL_L_NPC_WORK_DIAGNOSTIC"

dl_diag_inc.nss(51): Error: NSC1007: Required argument "sVarName" missing in call to "GetLocalString"

dl_diag_inc.nss(57): Error: NSC1020: Undeclared identifier "DL_L_NPC_FOCUS_DIAGNOSTIC"

dl_diag_inc.nss(57): Error: NSC1007: Required argument "sVarName" missing in call to "GetLocalString"

dl_diag_inc.nss(69): Error: NSC1020: Undeclared identifier "DL_L_NPC_TRANSITION_STATUS"

dl_diag_inc.nss(69): Error: NSC1007: Required argument "sVarName" missing in call to "GetLocalString"

dl_diag_inc.nss(75): Error: NSC1020: Undeclared identifier "DL_L_NPC_SLEEP_STATUS"

dl_diag_inc.nss(75): Error: NSC1007: Required argument "sVarName" missing in call to "GetLocalString"

dl_diag_inc.nss(81): Error: NSC1020: Undeclared identifier "DL_L_NPC_WORK_STATUS"

dl_diag_inc.nss(81): Error: NSC1007: Required argument "sVarName" missing in call to "GetLocalString"

dl_diag_inc.nss(87): Error: NSC1020: Undeclared identifier "DL_L_NPC_FOCUS_STATUS"

dl_diag_inc.nss(87): Error: NSC1007: Required argument "sVarName" missing in call to "GetLocalString"

dl_diag_inc.nss(115): Error: NSC1020: Undeclared identifier "DL_L_NPC_PROFILE_ID"

dl_diag_inc.nss(115): Error: NSC1007: Required argument "sVarName" missing in call to "GetLocalString"

dl_diag_inc.nss(116): Error: NSC1020: Undeclared identifier "DL_L_NPC_DIRECTIVE"

dl_diag_inc.nss(116): Error: NSC1007: Required argument "sVarName" missing in call to "GetLocalInt"

dl_diag_inc.nss(116): Error: NSC1007: Required argument "nDirective" missing in call to "DL_GetDirectiveLabel"

dl_diag_inc.nss(117): Error: NSC1020: Undeclared identifier "DL_L_NPC_STATE"

dl_diag_inc.nss(117): Error: NSC1007: Required argument "sVarName" missing in call to "GetLocalString"

dl_diag_inc.nss(119): Error: NSC1020: Undeclared identifier "DL_L_NPC_SLEEP_STATUS"

dl_diag_inc.nss(119): Error: NSC1007: Required argument "sVarName" missing in call to "GetLocalString"

dl_diag_inc.nss(120): Error: NSC1020: Undeclared identifier "DL_L_NPC_SLEEP_TARGET"

dl_diag_inc.nss(120): Error: NSC1007: Required argument "sVarName" missing in call to "GetLocalString"

dl_diag_inc.nss(121): Error: NSC1020: Undeclared identifier "DL_L_NPC_WORK_STATUS"

dl_diag_inc.nss(121): Error: NSC1007: Required argument "sVarName" missing in call to "GetLocalString"

dl_diag_inc.nss(122): Error: NSC1020: Undeclared identifier "DL_L_NPC_WORK_TARGET"

dl_diag_inc.nss(122): Error: NSC1007: Required argument "sVarName" missing in call to "GetLocalString"

dl_diag_inc.nss(123): Error: NSC1020: Undeclared identifier "DL_L_NPC_TRANSITION_STATUS"

dl_diag_inc.nss(123): Error: NSC1007: Required argument "sVarName" missing in call to "GetLocalString"

dl_diag_inc.nss(124): Error: NSC1020: Undeclared identifier "DL_L_NPC_TRANSITION_TARGET"

dl_diag_inc.nss(124): Error: NSC1007: Required argument "sVarName" missing in call to "GetLocalString"

dl_diag_inc.nss(131): Error: NSC1020: Undeclared identifier "DL_L_NPC_DIRECTIVE"

dl_diag_inc.nss(131): Error: NSC1007: Required argument "sVarName" missing in call to "GetLocalInt"

dl_diag_inc.nss(131): Error: NSC1007: Required argument "nDirective" missing in call to "DL_GetDirectiveLabel"

dl_diag_inc.nss(132): Error: NSC1020: Undeclared identifier "DL_L_NPC_STATE"

dl_diag_inc.nss(132): Error: NSC1007: Required argument "sVarName" missing in call to "GetLocalString"

dl_diag_inc.nss(134): Error: NSC1020: Undeclared identifier "DL_L_NPC_SLEEP_STATUS"

dl_diag_inc.nss(134): Error: NSC1007: Required argument "sVarName" missing in call to "GetLocalString"

dl_diag_inc.nss(135): Error: NSC1020: Undeclared identifier "DL_L_NPC_SLEEP_TARGET"

dl_diag_inc.nss(135): Error: NSC1007: Required argument "sVarName" missing in call to "GetLocalString"

dl_diag_inc.nss(136): Error: NSC1020: Undeclared identifier "DL_L_NPC_WORK_STATUS"

dl_diag_inc.nss(136): Error: NSC1007: Required argument "sVarName" missing in call to "GetLocalString"

dl_diag_inc.nss(137): Error: NSC1020: Undeclared identifier "DL_L_NPC_WORK_TARGET"

dl_diag_inc.nss(137): Error: NSC1007: Required argument "sVarName" missing in call to "GetLocalString"

dl_diag_inc.nss(138): Error: NSC1020: Undeclared identifier "DL_L_NPC_TRANSITION_STATUS"

dl_diag_inc.nss(138): Error: NSC1007: Required argument "sVarName" missing in call to "GetLocalString"

dl_diag_inc.nss(139): Error: NSC1020: Undeclared identifier "DL_L_NPC_TRANSITION_TARGET"

dl_diag_inc.nss(139): Error: NSC1007: Required argument "sVarName" missing in call to "GetLocalString"

dl_diag_inc.nss(140): Error: NSC1039: Not all paths return a value

dl_registry_inc.nss(10): Error: NSC1051: Constant "DL_TIER_WARM" must be initialized before it may be referenced

dl_registry_inc.nss(11): Error: NSC1051: Constant "DL_TIER_HOT" must be initialized before it may be referenced

dl_registry_inc.nss(70): Error: NSC1020: Undeclared identifier "DL_AddLocalInt"

dl_registry_inc.nss(71): Error: NSC1039: Not all paths return a value

dl_registry_inc.nss(166): Error: NSC1020: Undeclared identifier "DL_ShouldRunByAreaTickInterval"

dl_registry_inc.nss(763): Error: NSC1020: Undeclared identifier "DL_L_NPC_PROFILE_ID"

dl_registry_inc.nss(763): Error: NSC1007: Required argument "sVarName" missing in call to "GetLocalString"

dl_registry_inc.nss(765): Error: NSC1020: Undeclared identifier "DL_L_NPC_PROFILE_ID"

dl_registry_inc.nss(765): Error: NSC1007: Required argument "sVarName" missing in call to "SetLocalString"

dl_registry_inc.nss(767): Error: NSC1020: Undeclared identifier "DL_L_NPC_STATE"

dl_registry_inc.nss(767): Error: NSC1007: Required argument "sVarName" missing in call to "GetLocalString"

dl_registry_inc.nss(769): Error: NSC1020: Undeclared identifier "DL_L_NPC_STATE"

dl_registry_inc.nss(769): Error: NSC1007: Required argument "sVarName" missing in call to "SetLocalString"

dl_resync_inc.nss(74): Error: NSC1020: Undeclared identifier "DL_ResolveNpcDirective"

dl_resync_inc.nss(75): Error: NSC1020: Undeclared identifier "DL_ApplyDirectiveSkeleton"

dl_worker_inc.nss(43): Error: NSC1020: Undeclared identifier "DL_ClampInt"

dl_worker_inc.nss(70): Error: NSC1020: Undeclared identifier "DL_L_MODULE_WORKER_TICKS"

dl_worker_inc.nss(70): Error: NSC1007: Required argument "sKey" missing in call to "DL_IncLocalInt"

dl_worker_inc.nss(73): Error: NSC1020: Undeclared identifier "DL_L_AREA_WORKER_LAST_PROCESSED"

dl_worker_inc.nss(73): Error: NSC1007: Required argument "sVarName" missing in call to "SetLocalInt"

dl_worker_inc.nss(74): Error: NSC1020: Undeclared identifier "DL_L_MODULE_WORKER_LAST_PROCESSED"

dl_worker_inc.nss(74): Error: NSC1007: Required argument "sVarName" missing in call to "SetLocalInt"

dl_worker_inc.nss(94): Error: NSC1020: Undeclared identifier "DL_L_AREA_RESYNC_LAST_PROCESSED"

dl_worker_inc.nss(94): Error: NSC1007: Required argument "sVarName" missing in call to "SetLocalInt"

dl_worker_inc.nss(95): Error: NSC1020: Undeclared identifier "DL_L_MODULE_RESYNC_LAST_PROCESSED"

dl_worker_inc.nss(95): Error: NSC1007: Required argument "sVarName" missing in call to "SetLocalInt"

dl_worker_inc.nss(455): Error: NSC1020: Undeclared identifier "DL_ResolveNpcDirective"

dl_worker_inc.nss(456): Error: NSC1020: Undeclared identifier "DL_ApplyDirectiveSkeleton"

dl_lifecycle_inc.nss(22): Error: NSC1050: Non-constant value specified for constant "DL_NPC_RESET_DIRECTIVE_EXEC_ALL"

dl_lifecycle_inc.nss(33): Error: NSC1020: Undeclared identifier "DL_L_NPC_SLEEP_TARGET_VALID"

dl_lifecycle_inc.nss(33): Error: NSC1007: Required argument "sVarName" missing in call to "DeleteLocalInt"

dl_lifecycle_inc.nss(37): Error: NSC1020: Undeclared identifier "DL_L_NPC_WORK_TARGET"

dl_lifecycle_inc.nss(37): Error: NSC1007: Required argument "sVarName" missing in call to "DeleteLocalObject"

dl_lifecycle_inc.nss(41): Error: NSC1020: Undeclared identifier "DL_L_NPC_MEAL_TARGET"

dl_lifecycle_inc.nss(41): Error: NSC1007: Required argument "sVarName" missing in call to "DeleteLocalObject"

dl_lifecycle_inc.nss(45): Error: NSC1020: Undeclared identifier "DL_L_NPC_CHILL_TARGET"

dl_lifecycle_inc.nss(45): Error: NSC1007: Required argument "sVarName" missing in call to "DeleteLocalObject"

dl_lifecycle_inc.nss(49): Error: NSC1020: Undeclared identifier "DL_L_NPC_SOCIAL_TARGET"

dl_lifecycle_inc.nss(49): Error: NSC1007: Required argument "sVarName" missing in call to "DeleteLocalObject"

dl_lifecycle_inc.nss(50): Error: NSC1020: Undeclared identifier "DL_L_NPC_SOCIAL_PARTNER"

dl_lifecycle_inc.nss(50): Error: NSC1007: Required argument "sVarName" missing in call to "DeleteLocalObject"

dl_lifecycle_inc.nss(54): Error: NSC1020: Undeclared identifier "DL_L_NPC_PUBLIC_TARGET"

dl_lifecycle_inc.nss(54): Error: NSC1007: Required argument "sVarName" missing in call to "DeleteLocalObject"

dl_lifecycle_inc.nss(97): Error: NSC1020: Undeclared identifier "DL_L_NPC_BLOCKED_OBJ"

dl_lifecycle_inc.nss(97): Error: NSC1007: Required argument "sVarName" missing in call to "DeleteLocalObject"

dl_lifecycle_inc.nss(98): Error: NSC1020: Undeclared identifier "DL_L_NPC_BLOCKED_TAG"

dl_lifecycle_inc.nss(98): Error: NSC1007: Required argument "sVarName" missing in call to "DeleteLocalString"

dl_lifecycle_inc.nss(99): Error: NSC1020: Undeclared identifier "DL_L_NPC_BLOCKED_TYPE"

dl_lifecycle_inc.nss(99): Error: NSC1007: Required argument "sVarName" missing in call to "DeleteLocalInt"

dl_lifecycle_inc.nss(100): Error: NSC1020: Undeclared identifier "DL_L_NPC_BLOCKED_BUSY"

dl_lifecycle_inc.nss(100): Error: NSC1007: Required argument "sVarName" missing in call to "DeleteLocalInt"

dl_city_response_inc.nss(47): Error: NSC1020: Undeclared identifier "DL_ClampInt"

dl_city_response_inc.nss(55): Error: NSC1020: Undeclared identifier "DL_GetAbsoluteMinute"

dl_city_response_inc.nss(155): Error: NSC1020: Undeclared identifier "GetIsInConversation"

dl_city_response_inc.nss(155): Error: NSC1020: Undeclared identifier "GetIsInConversation"

dl_city_response_inc.nss(172): Error: NSC1020: Undeclared identifier "LOCATION_INVALID"

dl_city_response_inc.nss(185): Error: NSC1020: Undeclared identifier "DL_GetAbsoluteMinute"

dl_city_response_inc.nss(188): Error: NSC1020: Undeclared identifier "DL_OrchestrateRuntimeAction"

dl_city_response_inc.nss(189): Error: NSC1020: Undeclared identifier "LOCATION_INVALID"

dl_city_response_inc.nss(189): Error: NSC1020: Undeclared identifier "DL_OrchestrateRuntimeAction"

dl_city_response_inc.nss(193): Error: NSC1020: Undeclared identifier "LOCATION_INVALID"

dl_city_response_inc.nss(193): Error: NSC1020: Undeclared identifier "DL_OrchestrateRuntimeAction"

dl_city_response_inc.nss(200): Error: NSC1020: Undeclared identifier "DL_L_NPC_PROFILE_ID"

dl_city_response_inc.nss(200): Error: NSC1007: Required argument "sVarName" missing in call to "GetLocalString"

dl_city_response_inc.nss(200): Error: NSC1020: Undeclared identifier "DL_PROFILE_GATE_POST"

dl_city_response_inc.nss(201): Error: NSC1039: Not all paths return a value

dl_city_response_inc.nss(213): Error: NSC1020: Undeclared identifier "DL_GetAbsoluteMinute"

dl_city_response_inc.nss(243): Error: NSC1020: Undeclared identifier "DL_GetAbsoluteMinute"

dl_city_response_inc.nss(244): Error: NSC1020: Undeclared identifier "DL_IsMinuteCooldownActive"

dl_city_response_inc.nss(249): Error: NSC1020: Undeclared identifier "DL_SetMinuteCooldown"

dl_city_response_inc.nss(286): Error: NSC1020: Undeclared identifier "DL_IsMinuteCooldownActive"

dl_city_response_inc.nss(287): Error: NSC1039: Not all paths return a value

dl_city_response_inc.nss(324): Error: NSC1020: Undeclared identifier "DL_GetAbsoluteMinute"

dl_city_response_inc.nss(340): Error: NSC1020: Undeclared identifier "DL_IsMinuteCooldownActive"

dl_city_response_inc.nss(344): Error: NSC1020: Undeclared identifier "DL_SetMinuteCooldown"

dl_city_response_inc.nss(348): Error: NSC1020: Undeclared identifier "LOCATION_INVALID"

dl_city_response_inc.nss(348): Error: NSC1020: Undeclared identifier "DL_GetAbsoluteMinute"

dl_city_response_inc.nss(348): Error: NSC1020: Undeclared identifier "DL_OrchestrateRuntimeAction"

dl_legal_inc.nss(60): Error: NSC1020: Undeclared identifier "DL_GetAbsoluteMinute"

dl_legal_inc.nss(97): Error: NSC1020: Undeclared identifier "DL_GetAbsoluteMinute"

dl_legal_inc.nss(97): Error: NSC1007: Required argument "nValue" missing in call to "SetLocalInt"

dl_legal_inc.nss(112): Error: NSC1020: Undeclared identifier "DL_GetAbsoluteMinute"

dl_legal_inc.nss(148): Error: NSC1020: Undeclared identifier "DL_GetAbsoluteMinute"

dl_legal_inc.nss(148): Error: NSC1007: Required argument "nValue" missing in call to "SetLocalInt"

dl_legal_inc.nss(167): Error: NSC1020: Undeclared identifier "DL_GetAbsoluteMinute"

dl_legal_inc.nss(167): Error: NSC1007: Required argument "nValue" missing in call to "SetLocalInt"

dl_cr_crime_inc.nss(97): Error: NSC1020: Undeclared identifier "DL_GetAbsoluteMinute"

dl_cr_crime_inc.nss(145): Error: NSC1020: Undeclared identifier "DL_GetAbsoluteMinute"

dl_cr_crime_inc.nss(145): Error: NSC1007: Required argument "nValue" missing in call to "SetLocalInt"

dl_cr_crime_inc.nss(232): Error: NSC1020: Undeclared identifier "DL_GetAbsoluteMinute"

dl_cr_crime_inc.nss(233): Error: NSC1020: Undeclared identifier "DL_IsMinuteCooldownActive"

dl_cr_crime_inc.nss(237): Error: NSC1020: Undeclared identifier "DL_SetMinuteCooldown"

dl_cr_crime_inc.nss(284): Error: NSC1020: Undeclared identifier "DL_SELECTION_SCORE_INF"

dl_cr_crime_inc.nss(285): Error: NSC1020: Undeclared identifier "DL_SELECTION_SCORE_INF"

dl_cr_crime_inc.nss(314): Error: NSC1020: Undeclared identifier "DL_SelectionBuildTieKey"

dl_cr_crime_inc.nss(315): Error: NSC1020: Undeclared identifier "DL_SelectionCompare"

dl_cr_crime_inc.nss(324): Error: NSC1020: Undeclared identifier "DL_SelectionCompare"

dl_cr_crime_inc.nss(342): Error: NSC1020: Undeclared identifier "DL_GetAbsoluteMinute"

dl_cr_crime_inc.nss(351): Error: NSC1020: Undeclared identifier "LOCATION_INVALID"

dl_cr_crime_inc.nss(351): Error: NSC1020: Undeclared identifier "DL_GetAbsoluteMinute"

dl_cr_crime_inc.nss(351): Error: NSC1020: Undeclared identifier "DL_OrchestrateRuntimeAction"

dl_cr_crime_inc.nss(365): Error: NSC1020: Undeclared identifier "LOCATION_INVALID"

dl_cr_crime_inc.nss(365): Error: NSC1020: Undeclared identifier "DL_GetAbsoluteMinute"

dl_cr_crime_inc.nss(365): Error: NSC1020: Undeclared identifier "DL_OrchestrateRuntimeAction"

dl_cr_crime_inc.nss(369): Error: NSC1020: Undeclared identifier "LOCATION_INVALID"

dl_cr_crime_inc.nss(369): Error: NSC1020: Undeclared identifier "DL_GetAbsoluteMinute"

dl_cr_crime_inc.nss(369): Error: NSC1020: Undeclared identifier "DL_OrchestrateRuntimeAction"

dl_cr_crime_inc.nss(398): Error: NSC1020: Undeclared identifier "DL_PipelineUpdateDiagnostic"

dl_cr_crime_inc.nss(408): Error: NSC1020: Undeclared identifier "DL_GetAbsoluteMinute"

dl_cr_crime_inc.nss(408): Error: NSC1007: Required argument "nUntilAbsMin" missing in call to "DL_CR_SetDetainPending"

dl_cr_crime_inc.nss(415): Error: NSC1020: Undeclared identifier "DL_PipelineUpdateDiagnostic"

dl_cr_crime_inc.nss(444): Error: NSC1020: Undeclared identifier "DL_CR_EVT_PICKPOCKET"

dl_cr_crime_inc.nss(444): Error: NSC1020: Undeclared identifier "DL_CR_EVT_CONTAINER_THEFT"

dl_cr_crime_inc.nss(462): Error: NSC1020: Undeclared identifier "DL_GetAbsoluteMinute"

dl_cr_crime_inc.nss(480): Error: NSC1020: Undeclared identifier "DL_GetAbsoluteMinute"

dl_cr_crime_inc.nss(531): Error: NSC1020: Undeclared identifier "DL_CR_EVT_DOOR_LOCKPICK"

dl_cr_crime_inc.nss(535): Error: NSC1020: Undeclared identifier "DL_CR_EVT_PLACEABLE_LOCKPICK"

dl_cr_crime_inc.nss(541): Error: NSC1020: Undeclared identifier "DL_CR_EVT_RESTRICTED_ENTRY"

dl_cr_crime_inc.nss(588): Error: NSC1020: Undeclared identifier "DL_CR_EVT_RESTRICTED_ENTRY"

dl_cr_crime_inc.nss(588): Error: NSC1007: Required argument "sKind" missing in call to "DL_CR_RegisterCrimeIncident"

dl_cr_crime_inc.nss(605): Error: NSC1020: Undeclared identifier "DL_GetAbsoluteMinute"

dl_cr_crime_inc.nss(605): Error: NSC1020: Undeclared identifier "DL_OrchestrateRuntimeAction"

dl_cr_crime_inc.nss(626): Error: NSC1020: Undeclared identifier "LOCATION_INVALID"

dl_cr_crime_inc.nss(626): Error: NSC1020: Undeclared identifier "DL_GetAbsoluteMinute"

dl_cr_crime_inc.nss(626): Error: NSC1020: Undeclared identifier "DL_OrchestrateRuntimeAction"

dl_cr_crime_inc.nss(637): Error: NSC1020: Undeclared identifier "DL_GetAbsoluteMinute"

dl_cr_crime_inc.nss(637): Error: NSC1007: Required argument "nUntilAbsMin" missing in call to "DL_CR_SetDetainPending"

dl_cr_crime_inc.nss(643): Error: NSC1020: Undeclared identifier "LOCATION_INVALID"

dl_cr_crime_inc.nss(643): Error: NSC1020: Undeclared identifier "DL_GetAbsoluteMinute"

dl_cr_crime_inc.nss(643): Error: NSC1020: Undeclared identifier "DL_OrchestrateRuntimeAction"

Compilation aborted with errors.

Processing aborted.

Total Execution time = 31ms

Running mode 'check' for 'D:\a\COMPILATOR\COMPILATOR\daily_life\dl_smk_work.nss' from 'D:\a\COMPILATOR\COMPILATOR\tools\nwn2_compiler\bin': D:\a\COMPILATOR\COMPILATOR\tools\nwn2_compiler\bin\NWNScriptCompiler.exe -c -a -i D:\a\COMPILATOR\COMPILATOR\daily_life -i D:\a\COMPILATOR\COMPILATOR\tools\nwn2_compiler\stock_scripts -b D:\a\COMPILATOR\COMPILATOR\artifacts\ncc D:\a\COMPILATOR\COMPILATOR\daily_life\dl_smk_work.nss
NWNScriptCompiler - built Jan 29 2014 19:24:04
Copyright (C) 2008-2014 Skywing.
Portions copyright (C) 2002-2003, Edward T. Smith.
Portions copyright (C) 2003, The Open Knights Consortium.
Compiling: dl_smk_work.NSS

dl_runtime_contract_inc.nss(196): Error: NSC1020: Undeclared identifier "DL_LogChatDebugEvent"

dl_runtime_contract_inc.nss(244): Error: NSC1020: Undeclared identifier "DL_IsAreaObject"

dl_runtime_contract_inc.nss(245): Error: NSC1039: Not all paths return a value

dl_runtime_contract_inc.nss(254): Error: NSC1020: Undeclared identifier "DL_GetAreaTier"

dl_runtime_contract_inc.nss(265): Error: NSC1020: Undeclared identifier "DL_GetAreaTier"

dl_runtime_contract_inc.nss(266): Error: NSC1039: Not all paths return a value

dl_runtime_contract_inc.nss(275): Error: NSC1020: Undeclared identifier "DL_GetAreaTier"

dl_runtime_contract_inc.nss(276): Error: NSC1039: Not all paths return a value

dl_runtime_contract_inc.nss(369): Error: NSC1020: Undeclared identifier "LOCATION_INVALID"

dl_runtime_contract_inc.nss(389): Error: NSC1020: Undeclared identifier "oActor"

dl_runtime_contract_inc.nss(389): Error: NSC1007: Required argument "oObject" missing in call to "GetIsObjectValid"

dl_runtime_contract_inc.nss(391): Error: NSC1080: Return statement outside the scope of a function

dl_runtime_contract_inc.nss(394): Error: NSC1020: Undeclared identifier "sNoopStateKey"

dl_runtime_contract_inc.nss(394): Error: NSC1020: Undeclared identifier "sNoopStateValue"

dl_runtime_contract_inc.nss(394): Error: NSC1020: Undeclared identifier "nExecutionWindow"

dl_runtime_contract_inc.nss(396): Error: NSC1020: Undeclared identifier "oActor"

dl_runtime_contract_inc.nss(396): Error: NSC1020: Undeclared identifier "sNoopStateKey"

dl_runtime_contract_inc.nss(396): Error: NSC1007: Required argument "oObject" missing in call to "GetLocalString"

dl_runtime_contract_inc.nss(396): Error: NSC1020: Undeclared identifier "sNoopStateValue"

dl_runtime_contract_inc.nss(397): Error: NSC1020: Undeclared identifier "oActor"

dl_runtime_contract_inc.nss(397): Error: NSC1007: Required argument "oObject" missing in call to "GetLocalInt"

dl_runtime_contract_inc.nss(397): Error: NSC1020: Undeclared identifier "nExecutionWindow"

dl_runtime_contract_inc.nss(398): Error: NSC1020: Undeclared identifier "oActor"

dl_runtime_contract_inc.nss(398): Error: NSC1007: Required argument "oObject" missing in call to "GetLocalString"

dl_runtime_contract_inc.nss(398): Error: NSC1020: Undeclared identifier "sNoopStateValue"

dl_runtime_contract_inc.nss(400): Error: NSC1080: Return statement outside the scope of a function

dl_runtime_contract_inc.nss(404): Error: NSC1020: Undeclared identifier "oActor"

dl_runtime_contract_inc.nss(404): Error: NSC1020: Undeclared identifier "sPreStatusKey"

dl_runtime_contract_inc.nss(404): Error: NSC1020: Undeclared identifier "sPreStatus"

dl_runtime_contract_inc.nss(404): Error: NSC1020: Undeclared identifier "sPreDiagKey"

dl_runtime_contract_inc.nss(404): Error: NSC1020: Undeclared identifier "sPreDiag"

dl_runtime_contract_inc.nss(404): Error: NSC1007: Required argument "oNpc" missing in call to "DL_SetRuntimeState"

dl_runtime_contract_inc.nss(405): Error: NSC1020: Undeclared identifier "bResetQueue"

dl_runtime_contract_inc.nss(407): Error: NSC1020: Undeclared identifier "oActor"

dl_runtime_contract_inc.nss(407): Error: NSC1007: Required argument "oActionSubject" missing in call to "AssignCommand"

dl_runtime_contract_inc.nss(410): Error: NSC1020: Undeclared identifier "nActionKind"

dl_runtime_contract_inc.nss(414): Error: NSC1020: Undeclared identifier "nActionKind"

dl_runtime_contract_inc.nss(416): Error: NSC1020: Undeclared identifier "oActor"

dl_runtime_contract_inc.nss(416): Error: NSC1020: Undeclared identifier "oTarget"

dl_runtime_contract_inc.nss(416): Error: NSC1020: Undeclared identifier "bRun"

dl_runtime_contract_inc.nss(416): Error: NSC1020: Undeclared identifier "fRange"

dl_runtime_contract_inc.nss(416): Error: NSC1020: Undeclared identifier "DL_CommandMoveToObject"

dl_runtime_contract_inc.nss(418): Error: NSC1020: Undeclared identifier "nActionKind"

dl_runtime_contract_inc.nss(420): Error: NSC1020: Undeclared identifier "oActor"

dl_runtime_contract_inc.nss(420): Error: NSC1020: Undeclared identifier "lTarget"

dl_runtime_contract_inc.nss(420): Error: NSC1020: Undeclared identifier "bRun"

dl_runtime_contract_inc.nss(420): Error: NSC1020: Undeclared identifier "DL_CommandMoveToLocation"

dl_runtime_contract_inc.nss(422): Error: NSC1020: Undeclared identifier "nActionKind"

dl_runtime_contract_inc.nss(424): Error: NSC1020: Undeclared identifier "oActor"

dl_runtime_contract_inc.nss(424): Error: NSC1020: Undeclared identifier "lTarget"

dl_runtime_contract_inc.nss(424): Error: NSC1020: Undeclared identifier "DL_CommandJumpToLocation"

dl_runtime_contract_inc.nss(426): Error: NSC1020: Undeclared identifier "nActionKind"

dl_runtime_contract_inc.nss(428): Error: NSC1020: Undeclared identifier "oActor"

dl_runtime_contract_inc.nss(428): Error: NSC1020: Undeclared identifier "oTarget"

dl_runtime_contract_inc.nss(428): Error: NSC1020: Undeclared identifier "sDialogResRef"

dl_runtime_contract_inc.nss(428): Error: NSC1020: Undeclared identifier "bPrivateConversation"

dl_runtime_contract_inc.nss(428): Error: NSC1020: Undeclared identifier "bPlayHello"

dl_runtime_contract_inc.nss(428): Error: NSC1020: Undeclared identifier "DL_CommandStartConversation"

dl_runtime_contract_inc.nss(430): Error: NSC1020: Undeclared identifier "nActionKind"

dl_runtime_contract_inc.nss(432): Error: NSC1020: Undeclared identifier "oActor"

dl_runtime_contract_inc.nss(432): Error: NSC1020: Undeclared identifier "oTarget"

dl_runtime_contract_inc.nss(432): Error: NSC1020: Undeclared identifier "DL_CommandAttack"

dl_runtime_contract_inc.nss(436): Error: NSC1080: Return statement outside the scope of a function

dl_runtime_contract_inc.nss(440): Error: NSC1020: Undeclared identifier "oActor"

dl_runtime_contract_inc.nss(441): Error: NSC1020: Undeclared identifier "sPostStatusKey"

dl_runtime_contract_inc.nss(442): Error: NSC1020: Undeclared identifier "sPostStatus"

dl_runtime_contract_inc.nss(443): Error: NSC1020: Undeclared identifier "sPostDiagKey"

dl_runtime_contract_inc.nss(444): Error: NSC1020: Undeclared identifier "sPostDiag"

dl_runtime_contract_inc.nss(446): Error: NSC1020: Undeclared identifier "nExecutionWindow"

dl_runtime_contract_inc.nss(447): Error: NSC1020: Undeclared identifier "sNoopStateKey"

dl_runtime_contract_inc.nss(449): Error: NSC1020: Undeclared identifier "sNoopStateValue"

dl_runtime_contract_inc.nss(449): Error: NSC1007: Required argument "oActor" missing in call to "DL_OnNpcActionDispatched"

dl_runtime_contract_inc.nss(451): Error: NSC1080: Return statement outside the scope of a function

dl_runtime_contract_inc.nss(550): Error: NSC1020: Undeclared identifier "OBJECT_TYPE_AREA"

dl_runtime_contract_inc.nss(551): Error: NSC1039: Not all paths return a value

dl_config_inc.nss(56): Error: NSC1003: Operator (>) not valid for specified types

dl_diag_inc.nss(6): Error: NSC1020: Undeclared identifier "DL_DIR_NONE"

dl_diag_inc.nss(10): Error: NSC1020: Undeclared identifier "DL_DIR_SLEEP"

dl_diag_inc.nss(14): Error: NSC1020: Undeclared identifier "DL_DIR_WORK"

dl_diag_inc.nss(18): Error: NSC1020: Undeclared identifier "DL_DIR_SOCIAL"

dl_diag_inc.nss(22): Error: NSC1020: Undeclared identifier "DL_DIR_MEAL"

dl_diag_inc.nss(26): Error: NSC1020: Undeclared identifier "DL_DIR_PUBLIC"

dl_diag_inc.nss(30): Error: NSC1020: Undeclared identifier "DL_DIR_CHILL"

dl_diag_inc.nss(39): Error: NSC1020: Undeclared identifier "DL_L_NPC_TRANSITION_DIAGNOSTIC"

dl_diag_inc.nss(39): Error: NSC1007: Required argument "sVarName" missing in call to "GetLocalString"

dl_diag_inc.nss(45): Error: NSC1020: Undeclared identifier "DL_L_NPC_SLEEP_DIAGNOSTIC"

dl_diag_inc.nss(45): Error: NSC1007: Required argument "sVarName" missing in call to "GetLocalString"

dl_diag_inc.nss(51): Error: NSC1020: Undeclared identifier "DL_L_NPC_WORK_DIAGNOSTIC"

dl_diag_inc.nss(51): Error: NSC1007: Required argument "sVarName" missing in call to "GetLocalString"

dl_diag_inc.nss(57): Error: NSC1020: Undeclared identifier "DL_L_NPC_FOCUS_DIAGNOSTIC"

dl_diag_inc.nss(57): Error: NSC1007: Required argument "sVarName" missing in call to "GetLocalString"

dl_diag_inc.nss(69): Error: NSC1020: Undeclared identifier "DL_L_NPC_TRANSITION_STATUS"

dl_diag_inc.nss(69): Error: NSC1007: Required argument "sVarName" missing in call to "GetLocalString"

dl_diag_inc.nss(75): Error: NSC1020: Undeclared identifier "DL_L_NPC_SLEEP_STATUS"

dl_diag_inc.nss(75): Error: NSC1007: Required argument "sVarName" missing in call to "GetLocalString"

dl_diag_inc.nss(81): Error: NSC1020: Undeclared identifier "DL_L_NPC_WORK_STATUS"

dl_diag_inc.nss(81): Error: NSC1007: Required argument "sVarName" missing in call to "GetLocalString"

dl_diag_inc.nss(87): Error: NSC1020: Undeclared identifier "DL_L_NPC_FOCUS_STATUS"

dl_diag_inc.nss(87): Error: NSC1007: Required argument "sVarName" missing in call to "GetLocalString"

dl_diag_inc.nss(115): Error: NSC1020: Undeclared identifier "DL_L_NPC_PROFILE_ID"

dl_diag_inc.nss(115): Error: NSC1007: Required argument "sVarName" missing in call to "GetLocalString"

dl_diag_inc.nss(116): Error: NSC1020: Undeclared identifier "DL_L_NPC_DIRECTIVE"

dl_diag_inc.nss(116): Error: NSC1007: Required argument "sVarName" missing in call to "GetLocalInt"

dl_diag_inc.nss(116): Error: NSC1007: Required argument "nDirective" missing in call to "DL_GetDirectiveLabel"

dl_diag_inc.nss(117): Error: NSC1020: Undeclared identifier "DL_L_NPC_STATE"

dl_diag_inc.nss(117): Error: NSC1007: Required argument "sVarName" missing in call to "GetLocalString"

dl_diag_inc.nss(119): Error: NSC1020: Undeclared identifier "DL_L_NPC_SLEEP_STATUS"

dl_diag_inc.nss(119): Error: NSC1007: Required argument "sVarName" missing in call to "GetLocalString"

dl_diag_inc.nss(120): Error: NSC1020: Undeclared identifier "DL_L_NPC_SLEEP_TARGET"

dl_diag_inc.nss(120): Error: NSC1007: Required argument "sVarName" missing in call to "GetLocalString"

dl_diag_inc.nss(121): Error: NSC1020: Undeclared identifier "DL_L_NPC_WORK_STATUS"

dl_diag_inc.nss(121): Error: NSC1007: Required argument "sVarName" missing in call to "GetLocalString"

dl_diag_inc.nss(122): Error: NSC1020: Undeclared identifier "DL_L_NPC_WORK_TARGET"

dl_diag_inc.nss(122): Error: NSC1007: Required argument "sVarName" missing in call to "GetLocalString"

dl_diag_inc.nss(123): Error: NSC1020: Undeclared identifier "DL_L_NPC_TRANSITION_STATUS"

dl_diag_inc.nss(123): Error: NSC1007: Required argument "sVarName" missing in call to "GetLocalString"

dl_diag_inc.nss(124): Error: NSC1020: Undeclared identifier "DL_L_NPC_TRANSITION_TARGET"

dl_diag_inc.nss(124): Error: NSC1007: Required argument "sVarName" missing in call to "GetLocalString"

dl_diag_inc.nss(131): Error: NSC1020: Undeclared identifier "DL_L_NPC_DIRECTIVE"

dl_diag_inc.nss(131): Error: NSC1007: Required argument "sVarName" missing in call to "GetLocalInt"

dl_diag_inc.nss(131): Error: NSC1007: Required argument "nDirective" missing in call to "DL_GetDirectiveLabel"

dl_diag_inc.nss(132): Error: NSC1020: Undeclared identifier "DL_L_NPC_STATE"

dl_diag_inc.nss(132): Error: NSC1007: Required argument "sVarName" missing in call to "GetLocalString"

dl_diag_inc.nss(134): Error: NSC1020: Undeclared identifier "DL_L_NPC_SLEEP_STATUS"

dl_diag_inc.nss(134): Error: NSC1007: Required argument "sVarName" missing in call to "GetLocalString"

dl_diag_inc.nss(135): Error: NSC1020: Undeclared identifier "DL_L_NPC_SLEEP_TARGET"

dl_diag_inc.nss(135): Error: NSC1007: Required argument "sVarName" missing in call to "GetLocalString"

dl_diag_inc.nss(136): Error: NSC1020: Undeclared identifier "DL_L_NPC_WORK_STATUS"

dl_diag_inc.nss(136): Error: NSC1007: Required argument "sVarName" missing in call to "GetLocalString"

dl_diag_inc.nss(137): Error: NSC1020: Undeclared identifier "DL_L_NPC_WORK_TARGET"

dl_diag_inc.nss(137): Error: NSC1007: Required argument "sVarName" missing in call to "GetLocalString"

dl_diag_inc.nss(138): Error: NSC1020: Undeclared identifier "DL_L_NPC_TRANSITION_STATUS"

dl_diag_inc.nss(138): Error: NSC1007: Required argument "sVarName" missing in call to "GetLocalString"

dl_diag_inc.nss(139): Error: NSC1020: Undeclared identifier "DL_L_NPC_TRANSITION_TARGET"

dl_diag_inc.nss(139): Error: NSC1007: Required argument "sVarName" missing in call to "GetLocalString"

dl_diag_inc.nss(140): Error: NSC1039: Not all paths return a value

dl_registry_inc.nss(10): Error: NSC1051: Constant "DL_TIER_WARM" must be initialized before it may be referenced

dl_registry_inc.nss(11): Error: NSC1051: Constant "DL_TIER_HOT" must be initialized before it may be referenced

dl_registry_inc.nss(70): Error: NSC1020: Undeclared identifier "DL_AddLocalInt"

dl_registry_inc.nss(71): Error: NSC1039: Not all paths return a value

dl_registry_inc.nss(166): Error: NSC1020: Undeclared identifier "DL_ShouldRunByAreaTickInterval"

dl_registry_inc.nss(763): Error: NSC1020: Undeclared identifier "DL_L_NPC_PROFILE_ID"

dl_registry_inc.nss(763): Error: NSC1007: Required argument "sVarName" missing in call to "GetLocalString"

dl_registry_inc.nss(765): Error: NSC1020: Undeclared identifier "DL_L_NPC_PROFILE_ID"

dl_registry_inc.nss(765): Error: NSC1007: Required argument "sVarName" missing in call to "SetLocalString"

dl_registry_inc.nss(767): Error: NSC1020: Undeclared identifier "DL_L_NPC_STATE"

dl_registry_inc.nss(767): Error: NSC1007: Required argument "sVarName" missing in call to "GetLocalString"

dl_registry_inc.nss(769): Error: NSC1020: Undeclared identifier "DL_L_NPC_STATE"

dl_registry_inc.nss(769): Error: NSC1007: Required argument "sVarName" missing in call to "SetLocalString"

dl_resync_inc.nss(74): Error: NSC1020: Undeclared identifier "DL_ResolveNpcDirective"

dl_resync_inc.nss(75): Error: NSC1020: Undeclared identifier "DL_ApplyDirectiveSkeleton"

dl_worker_inc.nss(43): Error: NSC1020: Undeclared identifier "DL_ClampInt"

dl_worker_inc.nss(70): Error: NSC1020: Undeclared identifier "DL_L_MODULE_WORKER_TICKS"

dl_worker_inc.nss(70): Error: NSC1007: Required argument "sKey" missing in call to "DL_IncLocalInt"

dl_worker_inc.nss(73): Error: NSC1020: Undeclared identifier "DL_L_AREA_WORKER_LAST_PROCESSED"

dl_worker_inc.nss(73): Error: NSC1007: Required argument "sVarName" missing in call to "SetLocalInt"

dl_worker_inc.nss(74): Error: NSC1020: Undeclared identifier "DL_L_MODULE_WORKER_LAST_PROCESSED"

dl_worker_inc.nss(74): Error: NSC1007: Required argument "sVarName" missing in call to "SetLocalInt"

dl_worker_inc.nss(94): Error: NSC1020: Undeclared identifier "DL_L_AREA_RESYNC_LAST_PROCESSED"

dl_worker_inc.nss(94): Error: NSC1007: Required argument "sVarName" missing in call to "SetLocalInt"

dl_worker_inc.nss(95): Error: NSC1020: Undeclared identifier "DL_L_MODULE_RESYNC_LAST_PROCESSED"

dl_worker_inc.nss(95): Error: NSC1007: Required argument "sVarName" missing in call to "SetLocalInt"

dl_worker_inc.nss(455): Error: NSC1020: Undeclared identifier "DL_ResolveNpcDirective"

dl_worker_inc.nss(456): Error: NSC1020: Undeclared identifier "DL_ApplyDirectiveSkeleton"

dl_lifecycle_inc.nss(22): Error: NSC1050: Non-constant value specified for constant "DL_NPC_RESET_DIRECTIVE_EXEC_ALL"

dl_lifecycle_inc.nss(33): Error: NSC1020: Undeclared identifier "DL_L_NPC_SLEEP_TARGET_VALID"

dl_lifecycle_inc.nss(33): Error: NSC1007: Required argument "sVarName" missing in call to "DeleteLocalInt"

dl_lifecycle_inc.nss(37): Error: NSC1020: Undeclared identifier "DL_L_NPC_WORK_TARGET"

dl_lifecycle_inc.nss(37): Error: NSC1007: Required argument "sVarName" missing in call to "DeleteLocalObject"

dl_lifecycle_inc.nss(41): Error: NSC1020: Undeclared identifier "DL_L_NPC_MEAL_TARGET"

dl_lifecycle_inc.nss(41): Error: NSC1007: Required argument "sVarName" missing in call to "DeleteLocalObject"

dl_lifecycle_inc.nss(45): Error: NSC1020: Undeclared identifier "DL_L_NPC_CHILL_TARGET"

dl_lifecycle_inc.nss(45): Error: NSC1007: Required argument "sVarName" missing in call to "DeleteLocalObject"

dl_lifecycle_inc.nss(49): Error: NSC1020: Undeclared identifier "DL_L_NPC_SOCIAL_TARGET"

dl_lifecycle_inc.nss(49): Error: NSC1007: Required argument "sVarName" missing in call to "DeleteLocalObject"

dl_lifecycle_inc.nss(50): Error: NSC1020: Undeclared identifier "DL_L_NPC_SOCIAL_PARTNER"

dl_lifecycle_inc.nss(50): Error: NSC1007: Required argument "sVarName" missing in call to "DeleteLocalObject"

dl_lifecycle_inc.nss(54): Error: NSC1020: Undeclared identifier "DL_L_NPC_PUBLIC_TARGET"

dl_lifecycle_inc.nss(54): Error: NSC1007: Required argument "sVarName" missing in call to "DeleteLocalObject"

dl_lifecycle_inc.nss(97): Error: NSC1020: Undeclared identifier "DL_L_NPC_BLOCKED_OBJ"

dl_lifecycle_inc.nss(97): Error: NSC1007: Required argument "sVarName" missing in call to "DeleteLocalObject"

dl_lifecycle_inc.nss(98): Error: NSC1020: Undeclared identifier "DL_L_NPC_BLOCKED_TAG"

dl_lifecycle_inc.nss(98): Error: NSC1007: Required argument "sVarName" missing in call to "DeleteLocalString"

dl_lifecycle_inc.nss(99): Error: NSC1020: Undeclared identifier "DL_L_NPC_BLOCKED_TYPE"

dl_lifecycle_inc.nss(99): Error: NSC1007: Required argument "sVarName" missing in call to "DeleteLocalInt"

dl_lifecycle_inc.nss(100): Error: NSC1020: Undeclared identifier "DL_L_NPC_BLOCKED_BUSY"

dl_lifecycle_inc.nss(100): Error: NSC1007: Required argument "sVarName" missing in call to "DeleteLocalInt"

dl_city_response_inc.nss(47): Error: NSC1020: Undeclared identifier "DL_ClampInt"

dl_city_response_inc.nss(55): Error: NSC1020: Undeclared identifier "DL_GetAbsoluteMinute"

dl_city_response_inc.nss(155): Error: NSC1020: Undeclared identifier "GetIsInConversation"

dl_city_response_inc.nss(155): Error: NSC1020: Undeclared identifier "GetIsInConversation"

dl_city_response_inc.nss(172): Error: NSC1020: Undeclared identifier "LOCATION_INVALID"

dl_city_response_inc.nss(185): Error: NSC1020: Undeclared identifier "DL_GetAbsoluteMinute"

dl_city_response_inc.nss(188): Error: NSC1020: Undeclared identifier "DL_OrchestrateRuntimeAction"

dl_city_response_inc.nss(189): Error: NSC1020: Undeclared identifier "LOCATION_INVALID"

dl_city_response_inc.nss(189): Error: NSC1020: Undeclared identifier "DL_OrchestrateRuntimeAction"

dl_city_response_inc.nss(193): Error: NSC1020: Undeclared identifier "LOCATION_INVALID"

dl_city_response_inc.nss(193): Error: NSC1020: Undeclared identifier "DL_OrchestrateRuntimeAction"

dl_city_response_inc.nss(200): Error: NSC1020: Undeclared identifier "DL_L_NPC_PROFILE_ID"

dl_city_response_inc.nss(200): Error: NSC1007: Required argument "sVarName" missing in call to "GetLocalString"

dl_city_response_inc.nss(200): Error: NSC1020: Undeclared identifier "DL_PROFILE_GATE_POST"

dl_city_response_inc.nss(201): Error: NSC1039: Not all paths return a value

dl_city_response_inc.nss(213): Error: NSC1020: Undeclared identifier "DL_GetAbsoluteMinute"

dl_city_response_inc.nss(243): Error: NSC1020: Undeclared identifier "DL_GetAbsoluteMinute"

dl_city_response_inc.nss(244): Error: NSC1020: Undeclared identifier "DL_IsMinuteCooldownActive"

dl_city_response_inc.nss(249): Error: NSC1020: Undeclared identifier "DL_SetMinuteCooldown"

dl_city_response_inc.nss(286): Error: NSC1020: Undeclared identifier "DL_IsMinuteCooldownActive"

dl_city_response_inc.nss(287): Error: NSC1039: Not all paths return a value

dl_city_response_inc.nss(324): Error: NSC1020: Undeclared identifier "DL_GetAbsoluteMinute"

dl_city_response_inc.nss(340): Error: NSC1020: Undeclared identifier "DL_IsMinuteCooldownActive"

dl_city_response_inc.nss(344): Error: NSC1020: Undeclared identifier "DL_SetMinuteCooldown"

dl_city_response_inc.nss(348): Error: NSC1020: Undeclared identifier "LOCATION_INVALID"

dl_city_response_inc.nss(348): Error: NSC1020: Undeclared identifier "DL_GetAbsoluteMinute"

dl_city_response_inc.nss(348): Error: NSC1020: Undeclared identifier "DL_OrchestrateRuntimeAction"

dl_legal_inc.nss(60): Error: NSC1020: Undeclared identifier "DL_GetAbsoluteMinute"

dl_legal_inc.nss(97): Error: NSC1020: Undeclared identifier "DL_GetAbsoluteMinute"

dl_legal_inc.nss(97): Error: NSC1007: Required argument "nValue" missing in call to "SetLocalInt"

dl_legal_inc.nss(112): Error: NSC1020: Undeclared identifier "DL_GetAbsoluteMinute"

dl_legal_inc.nss(148): Error: NSC1020: Undeclared identifier "DL_GetAbsoluteMinute"

dl_legal_inc.nss(148): Error: NSC1007: Required argument "nValue" missing in call to "SetLocalInt"

dl_legal_inc.nss(167): Error: NSC1020: Undeclared identifier "DL_GetAbsoluteMinute"

dl_legal_inc.nss(167): Error: NSC1007: Required argument "nValue" missing in call to "SetLocalInt"

dl_cr_crime_inc.nss(97): Error: NSC1020: Undeclared identifier "DL_GetAbsoluteMinute"

dl_cr_crime_inc.nss(145): Error: NSC1020: Undeclared identifier "DL_GetAbsoluteMinute"

dl_cr_crime_inc.nss(145): Error: NSC1007: Required argument "nValue" missing in call to "SetLocalInt"

dl_cr_crime_inc.nss(232): Error: NSC1020: Undeclared identifier "DL_GetAbsoluteMinute"

dl_cr_crime_inc.nss(233): Error: NSC1020: Undeclared identifier "DL_IsMinuteCooldownActive"

dl_cr_crime_inc.nss(237): Error: NSC1020: Undeclared identifier "DL_SetMinuteCooldown"

dl_cr_crime_inc.nss(284): Error: NSC1020: Undeclared identifier "DL_SELECTION_SCORE_INF"

dl_cr_crime_inc.nss(285): Error: NSC1020: Undeclared identifier "DL_SELECTION_SCORE_INF"

dl_cr_crime_inc.nss(314): Error: NSC1020: Undeclared identifier "DL_SelectionBuildTieKey"

dl_cr_crime_inc.nss(315): Error: NSC1020: Undeclared identifier "DL_SelectionCompare"

dl_cr_crime_inc.nss(324): Error: NSC1020: Undeclared identifier "DL_SelectionCompare"

dl_cr_crime_inc.nss(342): Error: NSC1020: Undeclared identifier "DL_GetAbsoluteMinute"

dl_cr_crime_inc.nss(351): Error: NSC1020: Undeclared identifier "LOCATION_INVALID"

dl_cr_crime_inc.nss(351): Error: NSC1020: Undeclared identifier "DL_GetAbsoluteMinute"

dl_cr_crime_inc.nss(351): Error: NSC1020: Undeclared identifier "DL_OrchestrateRuntimeAction"

dl_cr_crime_inc.nss(365): Error: NSC1020: Undeclared identifier "LOCATION_INVALID"

dl_cr_crime_inc.nss(365): Error: NSC1020: Undeclared identifier "DL_GetAbsoluteMinute"

dl_cr_crime_inc.nss(365): Error: NSC1020: Undeclared identifier "DL_OrchestrateRuntimeAction"

dl_cr_crime_inc.nss(369): Error: NSC1020: Undeclared identifier "LOCATION_INVALID"

dl_cr_crime_inc.nss(369): Error: NSC1020: Undeclared identifier "DL_GetAbsoluteMinute"

dl_cr_crime_inc.nss(369): Error: NSC1020: Undeclared identifier "DL_OrchestrateRuntimeAction"

dl_cr_crime_inc.nss(398): Error: NSC1020: Undeclared identifier "DL_PipelineUpdateDiagnostic"

dl_cr_crime_inc.nss(408): Error: NSC1020: Undeclared identifier "DL_GetAbsoluteMinute"

dl_cr_crime_inc.nss(408): Error: NSC1007: Required argument "nUntilAbsMin" missing in call to "DL_CR_SetDetainPending"

dl_cr_crime_inc.nss(415): Error: NSC1020: Undeclared identifier "DL_PipelineUpdateDiagnostic"

dl_cr_crime_inc.nss(444): Error: NSC1020: Undeclared identifier "DL_CR_EVT_PICKPOCKET"

dl_cr_crime_inc.nss(444): Error: NSC1020: Undeclared identifier "DL_CR_EVT_CONTAINER_THEFT"

dl_cr_crime_inc.nss(462): Error: NSC1020: Undeclared identifier "DL_GetAbsoluteMinute"

dl_cr_crime_inc.nss(480): Error: NSC1020: Undeclared identifier "DL_GetAbsoluteMinute"

dl_cr_crime_inc.nss(531): Error: NSC1020: Undeclared identifier "DL_CR_EVT_DOOR_LOCKPICK"

dl_cr_crime_inc.nss(535): Error: NSC1020: Undeclared identifier "DL_CR_EVT_PLACEABLE_LOCKPICK"

dl_cr_crime_inc.nss(541): Error: NSC1020: Undeclared identifier "DL_CR_EVT_RESTRICTED_ENTRY"

dl_cr_crime_inc.nss(588): Error: NSC1020: Undeclared identifier "DL_CR_EVT_RESTRICTED_ENTRY"

dl_cr_crime_inc.nss(588): Error: NSC1007: Required argument "sKind" missing in call to "DL_CR_RegisterCrimeIncident"

dl_cr_crime_inc.nss(605): Error: NSC1020: Undeclared identifier "DL_GetAbsoluteMinute"

dl_cr_crime_inc.nss(605): Error: NSC1020: Undeclared identifier "DL_OrchestrateRuntimeAction"

dl_cr_crime_inc.nss(626): Error: NSC1020: Undeclared identifier "LOCATION_INVALID"

dl_cr_crime_inc.nss(626): Error: NSC1020: Undeclared identifier "DL_GetAbsoluteMinute"

dl_cr_crime_inc.nss(626): Error: NSC1020: Undeclared identifier "DL_OrchestrateRuntimeAction"

dl_cr_crime_inc.nss(637): Error: NSC1020: Undeclared identifier "DL_GetAbsoluteMinute"

dl_cr_crime_inc.nss(637): Error: NSC1007: Required argument "nUntilAbsMin" missing in call to "DL_CR_SetDetainPending"

dl_cr_crime_inc.nss(643): Error: NSC1020: Undeclared identifier "LOCATION_INVALID"

dl_cr_crime_inc.nss(643): Error: NSC1020: Undeclared identifier "DL_GetAbsoluteMinute"

dl_cr_crime_inc.nss(643): Error: NSC1020: Undeclared identifier "DL_OrchestrateRuntimeAction"

Compilation aborted with errors.

Processing aborted.

Total Execution time = 32ms

Running mode 'check' for 'D:\a\COMPILATOR\COMPILATOR\daily_life\dl_smoke_ev.nss' from 'D:\a\COMPILATOR\COMPILATOR\tools\nwn2_compiler\bin': D:\a\COMPILATOR\COMPILATOR\tools\nwn2_compiler\bin\NWNScriptCompiler.exe -c -a -i D:\a\COMPILATOR\COMPILATOR\daily_life -i D:\a\COMPILATOR\COMPILATOR\tools\nwn2_compiler\stock_scripts -b D:\a\COMPILATOR\COMPILATOR\artifacts\ncc D:\a\COMPILATOR\COMPILATOR\daily_life\dl_smoke_ev.nss
NWNScriptCompiler - built Jan 29 2014 19:24:04
Copyright (C) 2008-2014 Skywing.
Portions copyright (C) 2002-2003, Edward T. Smith.
Portions copyright (C) 2003, The Open Knights Consortium.
Compiling: dl_smoke_ev.NSS

dl_runtime_contract_inc.nss(196): Error: NSC1020: Undeclared identifier "DL_LogChatDebugEvent"

dl_runtime_contract_inc.nss(244): Error: NSC1020: Undeclared identifier "DL_IsAreaObject"

dl_runtime_contract_inc.nss(245): Error: NSC1039: Not all paths return a value

dl_runtime_contract_inc.nss(254): Error: NSC1020: Undeclared identifier "DL_GetAreaTier"

dl_runtime_contract_inc.nss(265): Error: NSC1020: Undeclared identifier "DL_GetAreaTier"

dl_runtime_contract_inc.nss(266): Error: NSC1039: Not all paths return a value

dl_runtime_contract_inc.nss(275): Error: NSC1020: Undeclared identifier "DL_GetAreaTier"

dl_runtime_contract_inc.nss(276): Error: NSC1039: Not all paths return a value

dl_runtime_contract_inc.nss(369): Error: NSC1020: Undeclared identifier "LOCATION_INVALID"

dl_runtime_contract_inc.nss(389): Error: NSC1020: Undeclared identifier "oActor"

dl_runtime_contract_inc.nss(389): Error: NSC1007: Required argument "oObject" missing in call to "GetIsObjectValid"

dl_runtime_contract_inc.nss(391): Error: NSC1080: Return statement outside the scope of a function

dl_runtime_contract_inc.nss(394): Error: NSC1020: Undeclared identifier "sNoopStateKey"

dl_runtime_contract_inc.nss(394): Error: NSC1020: Undeclared identifier "sNoopStateValue"

dl_runtime_contract_inc.nss(394): Error: NSC1020: Undeclared identifier "nExecutionWindow"

dl_runtime_contract_inc.nss(396): Error: NSC1020: Undeclared identifier "oActor"

dl_runtime_contract_inc.nss(396): Error: NSC1020: Undeclared identifier "sNoopStateKey"

dl_runtime_contract_inc.nss(396): Error: NSC1007: Required argument "oObject" missing in call to "GetLocalString"

dl_runtime_contract_inc.nss(396): Error: NSC1020: Undeclared identifier "sNoopStateValue"

dl_runtime_contract_inc.nss(397): Error: NSC1020: Undeclared identifier "oActor"

dl_runtime_contract_inc.nss(397): Error: NSC1007: Required argument "oObject" missing in call to "GetLocalInt"

dl_runtime_contract_inc.nss(397): Error: NSC1020: Undeclared identifier "nExecutionWindow"

dl_runtime_contract_inc.nss(398): Error: NSC1020: Undeclared identifier "oActor"

dl_runtime_contract_inc.nss(398): Error: NSC1007: Required argument "oObject" missing in call to "GetLocalString"

dl_runtime_contract_inc.nss(398): Error: NSC1020: Undeclared identifier "sNoopStateValue"

dl_runtime_contract_inc.nss(400): Error: NSC1080: Return statement outside the scope of a function

dl_runtime_contract_inc.nss(404): Error: NSC1020: Undeclared identifier "oActor"

dl_runtime_contract_inc.nss(404): Error: NSC1020: Undeclared identifier "sPreStatusKey"

dl_runtime_contract_inc.nss(404): Error: NSC1020: Undeclared identifier "sPreStatus"

dl_runtime_contract_inc.nss(404): Error: NSC1020: Undeclared identifier "sPreDiagKey"

dl_runtime_contract_inc.nss(404): Error: NSC1020: Undeclared identifier "sPreDiag"

dl_runtime_contract_inc.nss(404): Error: NSC1007: Required argument "oNpc" missing in call to "DL_SetRuntimeState"

dl_runtime_contract_inc.nss(405): Error: NSC1020: Undeclared identifier "bResetQueue"

dl_runtime_contract_inc.nss(407): Error: NSC1020: Undeclared identifier "oActor"

dl_runtime_contract_inc.nss(407): Error: NSC1007: Required argument "oActionSubject" missing in call to "AssignCommand"

dl_runtime_contract_inc.nss(410): Error: NSC1020: Undeclared identifier "nActionKind"

dl_runtime_contract_inc.nss(414): Error: NSC1020: Undeclared identifier "nActionKind"

dl_runtime_contract_inc.nss(416): Error: NSC1020: Undeclared identifier "oActor"

dl_runtime_contract_inc.nss(416): Error: NSC1020: Undeclared identifier "oTarget"

dl_runtime_contract_inc.nss(416): Error: NSC1020: Undeclared identifier "bRun"

dl_runtime_contract_inc.nss(416): Error: NSC1020: Undeclared identifier "fRange"

dl_runtime_contract_inc.nss(416): Error: NSC1020: Undeclared identifier "DL_CommandMoveToObject"

dl_runtime_contract_inc.nss(418): Error: NSC1020: Undeclared identifier "nActionKind"

dl_runtime_contract_inc.nss(420): Error: NSC1020: Undeclared identifier "oActor"

dl_runtime_contract_inc.nss(420): Error: NSC1020: Undeclared identifier "lTarget"

dl_runtime_contract_inc.nss(420): Error: NSC1020: Undeclared identifier "bRun"

dl_runtime_contract_inc.nss(420): Error: NSC1020: Undeclared identifier "DL_CommandMoveToLocation"

dl_runtime_contract_inc.nss(422): Error: NSC1020: Undeclared identifier "nActionKind"

dl_runtime_contract_inc.nss(424): Error: NSC1020: Undeclared identifier "oActor"

dl_runtime_contract_inc.nss(424): Error: NSC1020: Undeclared identifier "lTarget"

dl_runtime_contract_inc.nss(424): Error: NSC1020: Undeclared identifier "DL_CommandJumpToLocation"

dl_runtime_contract_inc.nss(426): Error: NSC1020: Undeclared identifier "nActionKind"

dl_runtime_contract_inc.nss(428): Error: NSC1020: Undeclared identifier "oActor"

dl_runtime_contract_inc.nss(428): Error: NSC1020: Undeclared identifier "oTarget"

dl_runtime_contract_inc.nss(428): Error: NSC1020: Undeclared identifier "sDialogResRef"

dl_runtime_contract_inc.nss(428): Error: NSC1020: Undeclared identifier "bPrivateConversation"

dl_runtime_contract_inc.nss(428): Error: NSC1020: Undeclared identifier "bPlayHello"

dl_runtime_contract_inc.nss(428): Error: NSC1020: Undeclared identifier "DL_CommandStartConversation"

dl_runtime_contract_inc.nss(430): Error: NSC1020: Undeclared identifier "nActionKind"

dl_runtime_contract_inc.nss(432): Error: NSC1020: Undeclared identifier "oActor"

dl_runtime_contract_inc.nss(432): Error: NSC1020: Undeclared identifier "oTarget"

dl_runtime_contract_inc.nss(432): Error: NSC1020: Undeclared identifier "DL_CommandAttack"

dl_runtime_contract_inc.nss(436): Error: NSC1080: Return statement outside the scope of a function

dl_runtime_contract_inc.nss(440): Error: NSC1020: Undeclared identifier "oActor"

dl_runtime_contract_inc.nss(441): Error: NSC1020: Undeclared identifier "sPostStatusKey"

dl_runtime_contract_inc.nss(442): Error: NSC1020: Undeclared identifier "sPostStatus"

dl_runtime_contract_inc.nss(443): Error: NSC1020: Undeclared identifier "sPostDiagKey"

dl_runtime_contract_inc.nss(444): Error: NSC1020: Undeclared identifier "sPostDiag"

dl_runtime_contract_inc.nss(446): Error: NSC1020: Undeclared identifier "nExecutionWindow"

dl_runtime_contract_inc.nss(447): Error: NSC1020: Undeclared identifier "sNoopStateKey"

dl_runtime_contract_inc.nss(449): Error: NSC1020: Undeclared identifier "sNoopStateValue"

dl_runtime_contract_inc.nss(449): Error: NSC1007: Required argument "oActor" missing in call to "DL_OnNpcActionDispatched"

dl_runtime_contract_inc.nss(451): Error: NSC1080: Return statement outside the scope of a function

dl_runtime_contract_inc.nss(550): Error: NSC1020: Undeclared identifier "OBJECT_TYPE_AREA"

dl_runtime_contract_inc.nss(551): Error: NSC1039: Not all paths return a value

dl_config_inc.nss(56): Error: NSC1003: Operator (>) not valid for specified types

dl_diag_inc.nss(6): Error: NSC1020: Undeclared identifier "DL_DIR_NONE"

dl_diag_inc.nss(10): Error: NSC1020: Undeclared identifier "DL_DIR_SLEEP"

dl_diag_inc.nss(14): Error: NSC1020: Undeclared identifier "DL_DIR_WORK"

dl_diag_inc.nss(18): Error: NSC1020: Undeclared identifier "DL_DIR_SOCIAL"

dl_diag_inc.nss(22): Error: NSC1020: Undeclared identifier "DL_DIR_MEAL"

dl_diag_inc.nss(26): Error: NSC1020: Undeclared identifier "DL_DIR_PUBLIC"

dl_diag_inc.nss(30): Error: NSC1020: Undeclared identifier "DL_DIR_CHILL"

dl_diag_inc.nss(39): Error: NSC1020: Undeclared identifier "DL_L_NPC_TRANSITION_DIAGNOSTIC"

dl_diag_inc.nss(39): Error: NSC1007: Required argument "sVarName" missing in call to "GetLocalString"

dl_diag_inc.nss(45): Error: NSC1020: Undeclared identifier "DL_L_NPC_SLEEP_DIAGNOSTIC"

dl_diag_inc.nss(45): Error: NSC1007: Required argument "sVarName" missing in call to "GetLocalString"

dl_diag_inc.nss(51): Error: NSC1020: Undeclared identifier "DL_L_NPC_WORK_DIAGNOSTIC"

dl_diag_inc.nss(51): Error: NSC1007: Required argument "sVarName" missing in call to "GetLocalString"

dl_diag_inc.nss(57): Error: NSC1020: Undeclared identifier "DL_L_NPC_FOCUS_DIAGNOSTIC"

dl_diag_inc.nss(57): Error: NSC1007: Required argument "sVarName" missing in call to "GetLocalString"

dl_diag_inc.nss(69): Error: NSC1020: Undeclared identifier "DL_L_NPC_TRANSITION_STATUS"

dl_diag_inc.nss(69): Error: NSC1007: Required argument "sVarName" missing in call to "GetLocalString"

dl_diag_inc.nss(75): Error: NSC1020: Undeclared identifier "DL_L_NPC_SLEEP_STATUS"

dl_diag_inc.nss(75): Error: NSC1007: Required argument "sVarName" missing in call to "GetLocalString"

dl_diag_inc.nss(81): Error: NSC1020: Undeclared identifier "DL_L_NPC_WORK_STATUS"

dl_diag_inc.nss(81): Error: NSC1007: Required argument "sVarName" missing in call to "GetLocalString"

dl_diag_inc.nss(87): Error: NSC1020: Undeclared identifier "DL_L_NPC_FOCUS_STATUS"

dl_diag_inc.nss(87): Error: NSC1007: Required argument "sVarName" missing in call to "GetLocalString"

dl_diag_inc.nss(115): Error: NSC1020: Undeclared identifier "DL_L_NPC_PROFILE_ID"

dl_diag_inc.nss(115): Error: NSC1007: Required argument "sVarName" missing in call to "GetLocalString"

dl_diag_inc.nss(116): Error: NSC1020: Undeclared identifier "DL_L_NPC_DIRECTIVE"

dl_diag_inc.nss(116): Error: NSC1007: Required argument "sVarName" missing in call to "GetLocalInt"

dl_diag_inc.nss(116): Error: NSC1007: Required argument "nDirective" missing in call to "DL_GetDirectiveLabel"

dl_diag_inc.nss(117): Error: NSC1020: Undeclared identifier "DL_L_NPC_STATE"

dl_diag_inc.nss(117): Error: NSC1007: Required argument "sVarName" missing in call to "GetLocalString"

dl_diag_inc.nss(119): Error: NSC1020: Undeclared identifier "DL_L_NPC_SLEEP_STATUS"

dl_diag_inc.nss(119): Error: NSC1007: Required argument "sVarName" missing in call to "GetLocalString"

dl_diag_inc.nss(120): Error: NSC1020: Undeclared identifier "DL_L_NPC_SLEEP_TARGET"

dl_diag_inc.nss(120): Error: NSC1007: Required argument "sVarName" missing in call to "GetLocalString"

dl_diag_inc.nss(121): Error: NSC1020: Undeclared identifier "DL_L_NPC_WORK_STATUS"

dl_diag_inc.nss(121): Error: NSC1007: Required argument "sVarName" missing in call to "GetLocalString"

dl_diag_inc.nss(122): Error: NSC1020: Undeclared identifier "DL_L_NPC_WORK_TARGET"

dl_diag_inc.nss(122): Error: NSC1007: Required argument "sVarName" missing in call to "GetLocalString"

dl_diag_inc.nss(123): Error: NSC1020: Undeclared identifier "DL_L_NPC_TRANSITION_STATUS"

dl_diag_inc.nss(123): Error: NSC1007: Required argument "sVarName" missing in call to "GetLocalString"

dl_diag_inc.nss(124): Error: NSC1020: Undeclared identifier "DL_L_NPC_TRANSITION_TARGET"

dl_diag_inc.nss(124): Error: NSC1007: Required argument "sVarName" missing in call to "GetLocalString"

dl_diag_inc.nss(131): Error: NSC1020: Undeclared identifier "DL_L_NPC_DIRECTIVE"

dl_diag_inc.nss(131): Error: NSC1007: Required argument "sVarName" missing in call to "GetLocalInt"

dl_diag_inc.nss(131): Error: NSC1007: Required argument "nDirective" missing in call to "DL_GetDirectiveLabel"

dl_diag_inc.nss(132): Error: NSC1020: Undeclared identifier "DL_L_NPC_STATE"

dl_diag_inc.nss(132): Error: NSC1007: Required argument "sVarName" missing in call to "GetLocalString"

dl_diag_inc.nss(134): Error: NSC1020: Undeclared identifier "DL_L_NPC_SLEEP_STATUS"

dl_diag_inc.nss(134): Error: NSC1007: Required argument "sVarName" missing in call to "GetLocalString"

dl_diag_inc.nss(135): Error: NSC1020: Undeclared identifier "DL_L_NPC_SLEEP_TARGET"

dl_diag_inc.nss(135): Error: NSC1007: Required argument "sVarName" missing in call to "GetLocalString"

dl_diag_inc.nss(136): Error: NSC1020: Undeclared identifier "DL_L_NPC_WORK_STATUS"

dl_diag_inc.nss(136): Error: NSC1007: Required argument "sVarName" missing in call to "GetLocalString"

dl_diag_inc.nss(137): Error: NSC1020: Undeclared identifier "DL_L_NPC_WORK_TARGET"

dl_diag_inc.nss(137): Error: NSC1007: Required argument "sVarName" missing in call to "GetLocalString"

dl_diag_inc.nss(138): Error: NSC1020: Undeclared identifier "DL_L_NPC_TRANSITION_STATUS"

dl_diag_inc.nss(138): Error: NSC1007: Required argument "sVarName" missing in call to "GetLocalString"

dl_diag_inc.nss(139): Error: NSC1020: Undeclared identifier "DL_L_NPC_TRANSITION_TARGET"

dl_diag_inc.nss(139): Error: NSC1007: Required argument "sVarName" missing in call to "GetLocalString"

dl_diag_inc.nss(140): Error: NSC1039: Not all paths return a value

dl_registry_inc.nss(10): Error: NSC1051: Constant "DL_TIER_WARM" must be initialized before it may be referenced

dl_registry_inc.nss(11): Error: NSC1051: Constant "DL_TIER_HOT" must be initialized before it may be referenced

dl_registry_inc.nss(70): Error: NSC1020: Undeclared identifier "DL_AddLocalInt"

dl_registry_inc.nss(71): Error: NSC1039: Not all paths return a value

dl_registry_inc.nss(166): Error: NSC1020: Undeclared identifier "DL_ShouldRunByAreaTickInterval"

dl_registry_inc.nss(763): Error: NSC1020: Undeclared identifier "DL_L_NPC_PROFILE_ID"

dl_registry_inc.nss(763): Error: NSC1007: Required argument "sVarName" missing in call to "GetLocalString"

dl_registry_inc.nss(765): Error: NSC1020: Undeclared identifier "DL_L_NPC_PROFILE_ID"

dl_registry_inc.nss(765): Error: NSC1007: Required argument "sVarName" missing in call to "SetLocalString"

dl_registry_inc.nss(767): Error: NSC1020: Undeclared identifier "DL_L_NPC_STATE"

dl_registry_inc.nss(767): Error: NSC1007: Required argument "sVarName" missing in call to "GetLocalString"

dl_registry_inc.nss(769): Error: NSC1020: Undeclared identifier "DL_L_NPC_STATE"

dl_registry_inc.nss(769): Error: NSC1007: Required argument "sVarName" missing in call to "SetLocalString"

dl_resync_inc.nss(74): Error: NSC1020: Undeclared identifier "DL_ResolveNpcDirective"

dl_resync_inc.nss(75): Error: NSC1020: Undeclared identifier "DL_ApplyDirectiveSkeleton"

dl_worker_inc.nss(43): Error: NSC1020: Undeclared identifier "DL_ClampInt"

dl_worker_inc.nss(70): Error: NSC1020: Undeclared identifier "DL_L_MODULE_WORKER_TICKS"

dl_worker_inc.nss(70): Error: NSC1007: Required argument "sKey" missing in call to "DL_IncLocalInt"

dl_worker_inc.nss(73): Error: NSC1020: Undeclared identifier "DL_L_AREA_WORKER_LAST_PROCESSED"

dl_worker_inc.nss(73): Error: NSC1007: Required argument "sVarName" missing in call to "SetLocalInt"

dl_worker_inc.nss(74): Error: NSC1020: Undeclared identifier "DL_L_MODULE_WORKER_LAST_PROCESSED"

dl_worker_inc.nss(74): Error: NSC1007: Required argument "sVarName" missing in call to "SetLocalInt"

dl_worker_inc.nss(94): Error: NSC1020: Undeclared identifier "DL_L_AREA_RESYNC_LAST_PROCESSED"

dl_worker_inc.nss(94): Error: NSC1007: Required argument "sVarName" missing in call to "SetLocalInt"

dl_worker_inc.nss(95): Error: NSC1020: Undeclared identifier "DL_L_MODULE_RESYNC_LAST_PROCESSED"

dl_worker_inc.nss(95): Error: NSC1007: Required argument "sVarName" missing in call to "SetLocalInt"

dl_worker_inc.nss(455): Error: NSC1020: Undeclared identifier "DL_ResolveNpcDirective"

dl_worker_inc.nss(456): Error: NSC1020: Undeclared identifier "DL_ApplyDirectiveSkeleton"

dl_lifecycle_inc.nss(22): Error: NSC1050: Non-constant value specified for constant "DL_NPC_RESET_DIRECTIVE_EXEC_ALL"

dl_lifecycle_inc.nss(33): Error: NSC1020: Undeclared identifier "DL_L_NPC_SLEEP_TARGET_VALID"

dl_lifecycle_inc.nss(33): Error: NSC1007: Required argument "sVarName" missing in call to "DeleteLocalInt"

dl_lifecycle_inc.nss(37): Error: NSC1020: Undeclared identifier "DL_L_NPC_WORK_TARGET"

dl_lifecycle_inc.nss(37): Error: NSC1007: Required argument "sVarName" missing in call to "DeleteLocalObject"

dl_lifecycle_inc.nss(41): Error: NSC1020: Undeclared identifier "DL_L_NPC_MEAL_TARGET"

dl_lifecycle_inc.nss(41): Error: NSC1007: Required argument "sVarName" missing in call to "DeleteLocalObject"

dl_lifecycle_inc.nss(45): Error: NSC1020: Undeclared identifier "DL_L_NPC_CHILL_TARGET"

dl_lifecycle_inc.nss(45): Error: NSC1007: Required argument "sVarName" missing in call to "DeleteLocalObject"

dl_lifecycle_inc.nss(49): Error: NSC1020: Undeclared identifier "DL_L_NPC_SOCIAL_TARGET"

dl_lifecycle_inc.nss(49): Error: NSC1007: Required argument "sVarName" missing in call to "DeleteLocalObject"

dl_lifecycle_inc.nss(50): Error: NSC1020: Undeclared identifier "DL_L_NPC_SOCIAL_PARTNER"

dl_lifecycle_inc.nss(50): Error: NSC1007: Required argument "sVarName" missing in call to "DeleteLocalObject"

dl_lifecycle_inc.nss(54): Error: NSC1020: Undeclared identifier "DL_L_NPC_PUBLIC_TARGET"

dl_lifecycle_inc.nss(54): Error: NSC1007: Required argument "sVarName" missing in call to "DeleteLocalObject"

dl_lifecycle_inc.nss(97): Error: NSC1020: Undeclared identifier "DL_L_NPC_BLOCKED_OBJ"

dl_lifecycle_inc.nss(97): Error: NSC1007: Required argument "sVarName" missing in call to "DeleteLocalObject"

dl_lifecycle_inc.nss(98): Error: NSC1020: Undeclared identifier "DL_L_NPC_BLOCKED_TAG"

dl_lifecycle_inc.nss(98): Error: NSC1007: Required argument "sVarName" missing in call to "DeleteLocalString"

dl_lifecycle_inc.nss(99): Error: NSC1020: Undeclared identifier "DL_L_NPC_BLOCKED_TYPE"

dl_lifecycle_inc.nss(99): Error: NSC1007: Required argument "sVarName" missing in call to "DeleteLocalInt"

dl_lifecycle_inc.nss(100): Error: NSC1020: Undeclared identifier "DL_L_NPC_BLOCKED_BUSY"

dl_lifecycle_inc.nss(100): Error: NSC1007: Required argument "sVarName" missing in call to "DeleteLocalInt"

dl_city_response_inc.nss(47): Error: NSC1020: Undeclared identifier "DL_ClampInt"

dl_city_response_inc.nss(55): Error: NSC1020: Undeclared identifier "DL_GetAbsoluteMinute"

dl_city_response_inc.nss(155): Error: NSC1020: Undeclared identifier "GetIsInConversation"

dl_city_response_inc.nss(155): Error: NSC1020: Undeclared identifier "GetIsInConversation"

dl_city_response_inc.nss(172): Error: NSC1020: Undeclared identifier "LOCATION_INVALID"

dl_city_response_inc.nss(185): Error: NSC1020: Undeclared identifier "DL_GetAbsoluteMinute"

dl_city_response_inc.nss(188): Error: NSC1020: Undeclared identifier "DL_OrchestrateRuntimeAction"

dl_city_response_inc.nss(189): Error: NSC1020: Undeclared identifier "LOCATION_INVALID"

dl_city_response_inc.nss(189): Error: NSC1020: Undeclared identifier "DL_OrchestrateRuntimeAction"

dl_city_response_inc.nss(193): Error: NSC1020: Undeclared identifier "LOCATION_INVALID"

dl_city_response_inc.nss(193): Error: NSC1020: Undeclared identifier "DL_OrchestrateRuntimeAction"

dl_city_response_inc.nss(200): Error: NSC1020: Undeclared identifier "DL_L_NPC_PROFILE_ID"

dl_city_response_inc.nss(200): Error: NSC1007: Required argument "sVarName" missing in call to "GetLocalString"

dl_city_response_inc.nss(200): Error: NSC1020: Undeclared identifier "DL_PROFILE_GATE_POST"

dl_city_response_inc.nss(201): Error: NSC1039: Not all paths return a value

dl_city_response_inc.nss(213): Error: NSC1020: Undeclared identifier "DL_GetAbsoluteMinute"

dl_city_response_inc.nss(243): Error: NSC1020: Undeclared identifier "DL_GetAbsoluteMinute"

dl_city_response_inc.nss(244): Error: NSC1020: Undeclared identifier "DL_IsMinuteCooldownActive"

dl_city_response_inc.nss(249): Error: NSC1020: Undeclared identifier "DL_SetMinuteCooldown"

dl_city_response_inc.nss(286): Error: NSC1020: Undeclared identifier "DL_IsMinuteCooldownActive"

dl_city_response_inc.nss(287): Error: NSC1039: Not all paths return a value

dl_city_response_inc.nss(324): Error: NSC1020: Undeclared identifier "DL_GetAbsoluteMinute"

dl_city_response_inc.nss(340): Error: NSC1020: Undeclared identifier "DL_IsMinuteCooldownActive"

dl_city_response_inc.nss(344): Error: NSC1020: Undeclared identifier "DL_SetMinuteCooldown"

dl_city_response_inc.nss(348): Error: NSC1020: Undeclared identifier "LOCATION_INVALID"

dl_city_response_inc.nss(348): Error: NSC1020: Undeclared identifier "DL_GetAbsoluteMinute"

dl_city_response_inc.nss(348): Error: NSC1020: Undeclared identifier "DL_OrchestrateRuntimeAction"

dl_legal_inc.nss(60): Error: NSC1020: Undeclared identifier "DL_GetAbsoluteMinute"

dl_legal_inc.nss(97): Error: NSC1020: Undeclared identifier "DL_GetAbsoluteMinute"

dl_legal_inc.nss(97): Error: NSC1007: Required argument "nValue" missing in call to "SetLocalInt"

dl_legal_inc.nss(112): Error: NSC1020: Undeclared identifier "DL_GetAbsoluteMinute"

dl_legal_inc.nss(148): Error: NSC1020: Undeclared identifier "DL_GetAbsoluteMinute"

dl_legal_inc.nss(148): Error: NSC1007: Required argument "nValue" missing in call to "SetLocalInt"

dl_legal_inc.nss(167): Error: NSC1020: Undeclared identifier "DL_GetAbsoluteMinute"

dl_legal_inc.nss(167): Error: NSC1007: Required argument "nValue" missing in call to "SetLocalInt"

dl_cr_crime_inc.nss(97): Error: NSC1020: Undeclared identifier "DL_GetAbsoluteMinute"

dl_cr_crime_inc.nss(145): Error: NSC1020: Undeclared identifier "DL_GetAbsoluteMinute"

dl_cr_crime_inc.nss(145): Error: NSC1007: Required argument "nValue" missing in call to "SetLocalInt"

dl_cr_crime_inc.nss(232): Error: NSC1020: Undeclared identifier "DL_GetAbsoluteMinute"

dl_cr_crime_inc.nss(233): Error: NSC1020: Undeclared identifier "DL_IsMinuteCooldownActive"

dl_cr_crime_inc.nss(237): Error: NSC1020: Undeclared identifier "DL_SetMinuteCooldown"

dl_cr_crime_inc.nss(284): Error: NSC1020: Undeclared identifier "DL_SELECTION_SCORE_INF"

dl_cr_crime_inc.nss(285): Error: NSC1020: Undeclared identifier "DL_SELECTION_SCORE_INF"

dl_cr_crime_inc.nss(314): Error: NSC1020: Undeclared identifier "DL_SelectionBuildTieKey"

dl_cr_crime_inc.nss(315): Error: NSC1020: Undeclared identifier "DL_SelectionCompare"

dl_cr_crime_inc.nss(324): Error: NSC1020: Undeclared identifier "DL_SelectionCompare"

dl_cr_crime_inc.nss(342): Error: NSC1020: Undeclared identifier "DL_GetAbsoluteMinute"

dl_cr_crime_inc.nss(351): Error: NSC1020: Undeclared identifier "LOCATION_INVALID"

dl_cr_crime_inc.nss(351): Error: NSC1020: Undeclared identifier "DL_GetAbsoluteMinute"

dl_cr_crime_inc.nss(351): Error: NSC1020: Undeclared identifier "DL_OrchestrateRuntimeAction"

dl_cr_crime_inc.nss(365): Error: NSC1020: Undeclared identifier "LOCATION_INVALID"

dl_cr_crime_inc.nss(365): Error: NSC1020: Undeclared identifier "DL_GetAbsoluteMinute"

dl_cr_crime_inc.nss(365): Error: NSC1020: Undeclared identifier "DL_OrchestrateRuntimeAction"

dl_cr_crime_inc.nss(369): Error: NSC1020: Undeclared identifier "LOCATION_INVALID"

dl_cr_crime_inc.nss(369): Error: NSC1020: Undeclared identifier "DL_GetAbsoluteMinute"

dl_cr_crime_inc.nss(369): Error: NSC1020: Undeclared identifier "DL_OrchestrateRuntimeAction"

dl_cr_crime_inc.nss(398): Error: NSC1020: Undeclared identifier "DL_PipelineUpdateDiagnostic"

dl_cr_crime_inc.nss(408): Error: NSC1020: Undeclared identifier "DL_GetAbsoluteMinute"

dl_cr_crime_inc.nss(408): Error: NSC1007: Required argument "nUntilAbsMin" missing in call to "DL_CR_SetDetainPending"

dl_cr_crime_inc.nss(415): Error: NSC1020: Undeclared identifier "DL_PipelineUpdateDiagnostic"

dl_cr_crime_inc.nss(444): Error: NSC1020: Undeclared identifier "DL_CR_EVT_PICKPOCKET"

dl_cr_crime_inc.nss(444): Error: NSC1020: Undeclared identifier "DL_CR_EVT_CONTAINER_THEFT"

dl_cr_crime_inc.nss(462): Error: NSC1020: Undeclared identifier "DL_GetAbsoluteMinute"

dl_cr_crime_inc.nss(480): Error: NSC1020: Undeclared identifier "DL_GetAbsoluteMinute"

dl_cr_crime_inc.nss(531): Error: NSC1020: Undeclared identifier "DL_CR_EVT_DOOR_LOCKPICK"

dl_cr_crime_inc.nss(535): Error: NSC1020: Undeclared identifier "DL_CR_EVT_PLACEABLE_LOCKPICK"

dl_cr_crime_inc.nss(541): Error: NSC1020: Undeclared identifier "DL_CR_EVT_RESTRICTED_ENTRY"

dl_cr_crime_inc.nss(588): Error: NSC1020: Undeclared identifier "DL_CR_EVT_RESTRICTED_ENTRY"

dl_cr_crime_inc.nss(588): Error: NSC1007: Required argument "sKind" missing in call to "DL_CR_RegisterCrimeIncident"

dl_cr_crime_inc.nss(605): Error: NSC1020: Undeclared identifier "DL_GetAbsoluteMinute"

dl_cr_crime_inc.nss(605): Error: NSC1020: Undeclared identifier "DL_OrchestrateRuntimeAction"

dl_cr_crime_inc.nss(626): Error: NSC1020: Undeclared identifier "LOCATION_INVALID"

dl_cr_crime_inc.nss(626): Error: NSC1020: Undeclared identifier "DL_GetAbsoluteMinute"

dl_cr_crime_inc.nss(626): Error: NSC1020: Undeclared identifier "DL_OrchestrateRuntimeAction"

dl_cr_crime_inc.nss(637): Error: NSC1020: Undeclared identifier "DL_GetAbsoluteMinute"

dl_cr_crime_inc.nss(637): Error: NSC1007: Required argument "nUntilAbsMin" missing in call to "DL_CR_SetDetainPending"

dl_cr_crime_inc.nss(643): Error: NSC1020: Undeclared identifier "LOCATION_INVALID"

dl_cr_crime_inc.nss(643): Error: NSC1020: Undeclared identifier "DL_GetAbsoluteMinute"

dl_cr_crime_inc.nss(643): Error: NSC1020: Undeclared identifier "DL_OrchestrateRuntimeAction"

Compilation aborted with errors.

Processing aborted.

Total Execution time = 32ms

Running mode 'check' for 'D:\a\COMPILATOR\COMPILATOR\daily_life\dl_spawn.nss' from 'D:\a\COMPILATOR\COMPILATOR\tools\nwn2_compiler\bin': D:\a\COMPILATOR\COMPILATOR\tools\nwn2_compiler\bin\NWNScriptCompiler.exe -c -a -i D:\a\COMPILATOR\COMPILATOR\daily_life -i D:\a\COMPILATOR\COMPILATOR\tools\nwn2_compiler\stock_scripts -b D:\a\COMPILATOR\COMPILATOR\artifacts\ncc D:\a\COMPILATOR\COMPILATOR\daily_life\dl_spawn.nss
NWNScriptCompiler - built Jan 29 2014 19:24:04
Copyright (C) 2008-2014 Skywing.
Portions copyright (C) 2002-2003, Edward T. Smith.
Portions copyright (C) 2003, The Open Knights Consortium.
Compiling: dl_spawn.NSS

dl_runtime_contract_inc.nss(196): Error: NSC1020: Undeclared identifier "DL_LogChatDebugEvent"

dl_runtime_contract_inc.nss(244): Error: NSC1020: Undeclared identifier "DL_IsAreaObject"

dl_runtime_contract_inc.nss(245): Error: NSC1039: Not all paths return a value

dl_runtime_contract_inc.nss(254): Error: NSC1020: Undeclared identifier "DL_GetAreaTier"

dl_runtime_contract_inc.nss(265): Error: NSC1020: Undeclared identifier "DL_GetAreaTier"

dl_runtime_contract_inc.nss(266): Error: NSC1039: Not all paths return a value

dl_runtime_contract_inc.nss(275): Error: NSC1020: Undeclared identifier "DL_GetAreaTier"

dl_runtime_contract_inc.nss(276): Error: NSC1039: Not all paths return a value

dl_runtime_contract_inc.nss(369): Error: NSC1020: Undeclared identifier "LOCATION_INVALID"

dl_runtime_contract_inc.nss(389): Error: NSC1020: Undeclared identifier "oActor"

dl_runtime_contract_inc.nss(389): Error: NSC1007: Required argument "oObject" missing in call to "GetIsObjectValid"

dl_runtime_contract_inc.nss(391): Error: NSC1080: Return statement outside the scope of a function

dl_runtime_contract_inc.nss(394): Error: NSC1020: Undeclared identifier "sNoopStateKey"

dl_runtime_contract_inc.nss(394): Error: NSC1020: Undeclared identifier "sNoopStateValue"

dl_runtime_contract_inc.nss(394): Error: NSC1020: Undeclared identifier "nExecutionWindow"

dl_runtime_contract_inc.nss(396): Error: NSC1020: Undeclared identifier "oActor"

dl_runtime_contract_inc.nss(396): Error: NSC1020: Undeclared identifier "sNoopStateKey"

dl_runtime_contract_inc.nss(396): Error: NSC1007: Required argument "oObject" missing in call to "GetLocalString"

dl_runtime_contract_inc.nss(396): Error: NSC1020: Undeclared identifier "sNoopStateValue"

dl_runtime_contract_inc.nss(397): Error: NSC1020: Undeclared identifier "oActor"

dl_runtime_contract_inc.nss(397): Error: NSC1007: Required argument "oObject" missing in call to "GetLocalInt"

dl_runtime_contract_inc.nss(397): Error: NSC1020: Undeclared identifier "nExecutionWindow"

dl_runtime_contract_inc.nss(398): Error: NSC1020: Undeclared identifier "oActor"

dl_runtime_contract_inc.nss(398): Error: NSC1007: Required argument "oObject" missing in call to "GetLocalString"

dl_runtime_contract_inc.nss(398): Error: NSC1020: Undeclared identifier "sNoopStateValue"

dl_runtime_contract_inc.nss(400): Error: NSC1080: Return statement outside the scope of a function

dl_runtime_contract_inc.nss(404): Error: NSC1020: Undeclared identifier "oActor"

dl_runtime_contract_inc.nss(404): Error: NSC1020: Undeclared identifier "sPreStatusKey"

dl_runtime_contract_inc.nss(404): Error: NSC1020: Undeclared identifier "sPreStatus"

dl_runtime_contract_inc.nss(404): Error: NSC1020: Undeclared identifier "sPreDiagKey"

dl_runtime_contract_inc.nss(404): Error: NSC1020: Undeclared identifier "sPreDiag"

dl_runtime_contract_inc.nss(404): Error: NSC1007: Required argument "oNpc" missing in call to "DL_SetRuntimeState"

dl_runtime_contract_inc.nss(405): Error: NSC1020: Undeclared identifier "bResetQueue"

dl_runtime_contract_inc.nss(407): Error: NSC1020: Undeclared identifier "oActor"

dl_runtime_contract_inc.nss(407): Error: NSC1007: Required argument "oActionSubject" missing in call to "AssignCommand"

dl_runtime_contract_inc.nss(410): Error: NSC1020: Undeclared identifier "nActionKind"

dl_runtime_contract_inc.nss(414): Error: NSC1020: Undeclared identifier "nActionKind"

dl_runtime_contract_inc.nss(416): Error: NSC1020: Undeclared identifier "oActor"

dl_runtime_contract_inc.nss(416): Error: NSC1020: Undeclared identifier "oTarget"

dl_runtime_contract_inc.nss(416): Error: NSC1020: Undeclared identifier "bRun"

dl_runtime_contract_inc.nss(416): Error: NSC1020: Undeclared identifier "fRange"

dl_runtime_contract_inc.nss(416): Error: NSC1020: Undeclared identifier "DL_CommandMoveToObject"

dl_runtime_contract_inc.nss(418): Error: NSC1020: Undeclared identifier "nActionKind"

dl_runtime_contract_inc.nss(420): Error: NSC1020: Undeclared identifier "oActor"

dl_runtime_contract_inc.nss(420): Error: NSC1020: Undeclared identifier "lTarget"

dl_runtime_contract_inc.nss(420): Error: NSC1020: Undeclared identifier "bRun"

dl_runtime_contract_inc.nss(420): Error: NSC1020: Undeclared identifier "DL_CommandMoveToLocation"

dl_runtime_contract_inc.nss(422): Error: NSC1020: Undeclared identifier "nActionKind"

dl_runtime_contract_inc.nss(424): Error: NSC1020: Undeclared identifier "oActor"

dl_runtime_contract_inc.nss(424): Error: NSC1020: Undeclared identifier "lTarget"

dl_runtime_contract_inc.nss(424): Error: NSC1020: Undeclared identifier "DL_CommandJumpToLocation"

dl_runtime_contract_inc.nss(426): Error: NSC1020: Undeclared identifier "nActionKind"

dl_runtime_contract_inc.nss(428): Error: NSC1020: Undeclared identifier "oActor"

dl_runtime_contract_inc.nss(428): Error: NSC1020: Undeclared identifier "oTarget"

dl_runtime_contract_inc.nss(428): Error: NSC1020: Undeclared identifier "sDialogResRef"

dl_runtime_contract_inc.nss(428): Error: NSC1020: Undeclared identifier "bPrivateConversation"

dl_runtime_contract_inc.nss(428): Error: NSC1020: Undeclared identifier "bPlayHello"

dl_runtime_contract_inc.nss(428): Error: NSC1020: Undeclared identifier "DL_CommandStartConversation"

dl_runtime_contract_inc.nss(430): Error: NSC1020: Undeclared identifier "nActionKind"

dl_runtime_contract_inc.nss(432): Error: NSC1020: Undeclared identifier "oActor"

dl_runtime_contract_inc.nss(432): Error: NSC1020: Undeclared identifier "oTarget"

dl_runtime_contract_inc.nss(432): Error: NSC1020: Undeclared identifier "DL_CommandAttack"

dl_runtime_contract_inc.nss(436): Error: NSC1080: Return statement outside the scope of a function

dl_runtime_contract_inc.nss(440): Error: NSC1020: Undeclared identifier "oActor"

dl_runtime_contract_inc.nss(441): Error: NSC1020: Undeclared identifier "sPostStatusKey"

dl_runtime_contract_inc.nss(442): Error: NSC1020: Undeclared identifier "sPostStatus"

dl_runtime_contract_inc.nss(443): Error: NSC1020: Undeclared identifier "sPostDiagKey"

dl_runtime_contract_inc.nss(444): Error: NSC1020: Undeclared identifier "sPostDiag"

dl_runtime_contract_inc.nss(446): Error: NSC1020: Undeclared identifier "nExecutionWindow"

dl_runtime_contract_inc.nss(447): Error: NSC1020: Undeclared identifier "sNoopStateKey"

dl_runtime_contract_inc.nss(449): Error: NSC1020: Undeclared identifier "sNoopStateValue"

dl_runtime_contract_inc.nss(449): Error: NSC1007: Required argument "oActor" missing in call to "DL_OnNpcActionDispatched"

dl_runtime_contract_inc.nss(451): Error: NSC1080: Return statement outside the scope of a function

dl_runtime_contract_inc.nss(550): Error: NSC1020: Undeclared identifier "OBJECT_TYPE_AREA"

dl_runtime_contract_inc.nss(551): Error: NSC1039: Not all paths return a value

dl_config_inc.nss(56): Error: NSC1003: Operator (>) not valid for specified types

dl_diag_inc.nss(6): Error: NSC1020: Undeclared identifier "DL_DIR_NONE"

dl_diag_inc.nss(10): Error: NSC1020: Undeclared identifier "DL_DIR_SLEEP"

dl_diag_inc.nss(14): Error: NSC1020: Undeclared identifier "DL_DIR_WORK"

dl_diag_inc.nss(18): Error: NSC1020: Undeclared identifier "DL_DIR_SOCIAL"

dl_diag_inc.nss(22): Error: NSC1020: Undeclared identifier "DL_DIR_MEAL"

dl_diag_inc.nss(26): Error: NSC1020: Undeclared identifier "DL_DIR_PUBLIC"

dl_diag_inc.nss(30): Error: NSC1020: Undeclared identifier "DL_DIR_CHILL"

dl_diag_inc.nss(39): Error: NSC1020: Undeclared identifier "DL_L_NPC_TRANSITION_DIAGNOSTIC"

dl_diag_inc.nss(39): Error: NSC1007: Required argument "sVarName" missing in call to "GetLocalString"

dl_diag_inc.nss(45): Error: NSC1020: Undeclared identifier "DL_L_NPC_SLEEP_DIAGNOSTIC"

dl_diag_inc.nss(45): Error: NSC1007: Required argument "sVarName" missing in call to "GetLocalString"

dl_diag_inc.nss(51): Error: NSC1020: Undeclared identifier "DL_L_NPC_WORK_DIAGNOSTIC"

dl_diag_inc.nss(51): Error: NSC1007: Required argument "sVarName" missing in call to "GetLocalString"

dl_diag_inc.nss(57): Error: NSC1020: Undeclared identifier "DL_L_NPC_FOCUS_DIAGNOSTIC"

dl_diag_inc.nss(57): Error: NSC1007: Required argument "sVarName" missing in call to "GetLocalString"

dl_diag_inc.nss(69): Error: NSC1020: Undeclared identifier "DL_L_NPC_TRANSITION_STATUS"

dl_diag_inc.nss(69): Error: NSC1007: Required argument "sVarName" missing in call to "GetLocalString"

dl_diag_inc.nss(75): Error: NSC1020: Undeclared identifier "DL_L_NPC_SLEEP_STATUS"

dl_diag_inc.nss(75): Error: NSC1007: Required argument "sVarName" missing in call to "GetLocalString"

dl_diag_inc.nss(81): Error: NSC1020: Undeclared identifier "DL_L_NPC_WORK_STATUS"

dl_diag_inc.nss(81): Error: NSC1007: Required argument "sVarName" missing in call to "GetLocalString"

dl_diag_inc.nss(87): Error: NSC1020: Undeclared identifier "DL_L_NPC_FOCUS_STATUS"

dl_diag_inc.nss(87): Error: NSC1007: Required argument "sVarName" missing in call to "GetLocalString"

dl_diag_inc.nss(115): Error: NSC1020: Undeclared identifier "DL_L_NPC_PROFILE_ID"

dl_diag_inc.nss(115): Error: NSC1007: Required argument "sVarName" missing in call to "GetLocalString"

dl_diag_inc.nss(116): Error: NSC1020: Undeclared identifier "DL_L_NPC_DIRECTIVE"

dl_diag_inc.nss(116): Error: NSC1007: Required argument "sVarName" missing in call to "GetLocalInt"

dl_diag_inc.nss(116): Error: NSC1007: Required argument "nDirective" missing in call to "DL_GetDirectiveLabel"

dl_diag_inc.nss(117): Error: NSC1020: Undeclared identifier "DL_L_NPC_STATE"

dl_diag_inc.nss(117): Error: NSC1007: Required argument "sVarName" missing in call to "GetLocalString"

dl_diag_inc.nss(119): Error: NSC1020: Undeclared identifier "DL_L_NPC_SLEEP_STATUS"

dl_diag_inc.nss(119): Error: NSC1007: Required argument "sVarName" missing in call to "GetLocalString"

dl_diag_inc.nss(120): Error: NSC1020: Undeclared identifier "DL_L_NPC_SLEEP_TARGET"

dl_diag_inc.nss(120): Error: NSC1007: Required argument "sVarName" missing in call to "GetLocalString"

dl_diag_inc.nss(121): Error: NSC1020: Undeclared identifier "DL_L_NPC_WORK_STATUS"

dl_diag_inc.nss(121): Error: NSC1007: Required argument "sVarName" missing in call to "GetLocalString"

dl_diag_inc.nss(122): Error: NSC1020: Undeclared identifier "DL_L_NPC_WORK_TARGET"

dl_diag_inc.nss(122): Error: NSC1007: Required argument "sVarName" missing in call to "GetLocalString"

dl_diag_inc.nss(123): Error: NSC1020: Undeclared identifier "DL_L_NPC_TRANSITION_STATUS"

dl_diag_inc.nss(123): Error: NSC1007: Required argument "sVarName" missing in call to "GetLocalString"

dl_diag_inc.nss(124): Error: NSC1020: Undeclared identifier "DL_L_NPC_TRANSITION_TARGET"

dl_diag_inc.nss(124): Error: NSC1007: Required argument "sVarName" missing in call to "GetLocalString"

dl_diag_inc.nss(131): Error: NSC1020: Undeclared identifier "DL_L_NPC_DIRECTIVE"

dl_diag_inc.nss(131): Error: NSC1007: Required argument "sVarName" missing in call to "GetLocalInt"

dl_diag_inc.nss(131): Error: NSC1007: Required argument "nDirective" missing in call to "DL_GetDirectiveLabel"

dl_diag_inc.nss(132): Error: NSC1020: Undeclared identifier "DL_L_NPC_STATE"

dl_diag_inc.nss(132): Error: NSC1007: Required argument "sVarName" missing in call to "GetLocalString"

dl_diag_inc.nss(134): Error: NSC1020: Undeclared identifier "DL_L_NPC_SLEEP_STATUS"

dl_diag_inc.nss(134): Error: NSC1007: Required argument "sVarName" missing in call to "GetLocalString"

dl_diag_inc.nss(135): Error: NSC1020: Undeclared identifier "DL_L_NPC_SLEEP_TARGET"

dl_diag_inc.nss(135): Error: NSC1007: Required argument "sVarName" missing in call to "GetLocalString"

dl_diag_inc.nss(136): Error: NSC1020: Undeclared identifier "DL_L_NPC_WORK_STATUS"

dl_diag_inc.nss(136): Error: NSC1007: Required argument "sVarName" missing in call to "GetLocalString"

dl_diag_inc.nss(137): Error: NSC1020: Undeclared identifier "DL_L_NPC_WORK_TARGET"

dl_diag_inc.nss(137): Error: NSC1007: Required argument "sVarName" missing in call to "GetLocalString"

dl_diag_inc.nss(138): Error: NSC1020: Undeclared identifier "DL_L_NPC_TRANSITION_STATUS"

dl_diag_inc.nss(138): Error: NSC1007: Required argument "sVarName" missing in call to "GetLocalString"

dl_diag_inc.nss(139): Error: NSC1020: Undeclared identifier "DL_L_NPC_TRANSITION_TARGET"

dl_diag_inc.nss(139): Error: NSC1007: Required argument "sVarName" missing in call to "GetLocalString"

dl_diag_inc.nss(140): Error: NSC1039: Not all paths return a value

dl_registry_inc.nss(10): Error: NSC1051: Constant "DL_TIER_WARM" must be initialized before it may be referenced

dl_registry_inc.nss(11): Error: NSC1051: Constant "DL_TIER_HOT" must be initialized before it may be referenced

dl_registry_inc.nss(70): Error: NSC1020: Undeclared identifier "DL_AddLocalInt"

dl_registry_inc.nss(71): Error: NSC1039: Not all paths return a value

dl_registry_inc.nss(166): Error: NSC1020: Undeclared identifier "DL_ShouldRunByAreaTickInterval"

dl_registry_inc.nss(763): Error: NSC1020: Undeclared identifier "DL_L_NPC_PROFILE_ID"

dl_registry_inc.nss(763): Error: NSC1007: Required argument "sVarName" missing in call to "GetLocalString"

dl_registry_inc.nss(765): Error: NSC1020: Undeclared identifier "DL_L_NPC_PROFILE_ID"

dl_registry_inc.nss(765): Error: NSC1007: Required argument "sVarName" missing in call to "SetLocalString"

dl_registry_inc.nss(767): Error: NSC1020: Undeclared identifier "DL_L_NPC_STATE"

dl_registry_inc.nss(767): Error: NSC1007: Required argument "sVarName" missing in call to "GetLocalString"

dl_registry_inc.nss(769): Error: NSC1020: Undeclared identifier "DL_L_NPC_STATE"

dl_registry_inc.nss(769): Error: NSC1007: Required argument "sVarName" missing in call to "SetLocalString"

dl_resync_inc.nss(74): Error: NSC1020: Undeclared identifier "DL_ResolveNpcDirective"

dl_resync_inc.nss(75): Error: NSC1020: Undeclared identifier "DL_ApplyDirectiveSkeleton"

dl_worker_inc.nss(43): Error: NSC1020: Undeclared identifier "DL_ClampInt"

dl_worker_inc.nss(70): Error: NSC1020: Undeclared identifier "DL_L_MODULE_WORKER_TICKS"

dl_worker_inc.nss(70): Error: NSC1007: Required argument "sKey" missing in call to "DL_IncLocalInt"

dl_worker_inc.nss(73): Error: NSC1020: Undeclared identifier "DL_L_AREA_WORKER_LAST_PROCESSED"

dl_worker_inc.nss(73): Error: NSC1007: Required argument "sVarName" missing in call to "SetLocalInt"

dl_worker_inc.nss(74): Error: NSC1020: Undeclared identifier "DL_L_MODULE_WORKER_LAST_PROCESSED"

dl_worker_inc.nss(74): Error: NSC1007: Required argument "sVarName" missing in call to "SetLocalInt"

dl_worker_inc.nss(94): Error: NSC1020: Undeclared identifier "DL_L_AREA_RESYNC_LAST_PROCESSED"

dl_worker_inc.nss(94): Error: NSC1007: Required argument "sVarName" missing in call to "SetLocalInt"

dl_worker_inc.nss(95): Error: NSC1020: Undeclared identifier "DL_L_MODULE_RESYNC_LAST_PROCESSED"

dl_worker_inc.nss(95): Error: NSC1007: Required argument "sVarName" missing in call to "SetLocalInt"

dl_worker_inc.nss(455): Error: NSC1020: Undeclared identifier "DL_ResolveNpcDirective"

dl_worker_inc.nss(456): Error: NSC1020: Undeclared identifier "DL_ApplyDirectiveSkeleton"

dl_lifecycle_inc.nss(22): Error: NSC1050: Non-constant value specified for constant "DL_NPC_RESET_DIRECTIVE_EXEC_ALL"

dl_lifecycle_inc.nss(33): Error: NSC1020: Undeclared identifier "DL_L_NPC_SLEEP_TARGET_VALID"

dl_lifecycle_inc.nss(33): Error: NSC1007: Required argument "sVarName" missing in call to "DeleteLocalInt"

dl_lifecycle_inc.nss(37): Error: NSC1020: Undeclared identifier "DL_L_NPC_WORK_TARGET"

dl_lifecycle_inc.nss(37): Error: NSC1007: Required argument "sVarName" missing in call to "DeleteLocalObject"

dl_lifecycle_inc.nss(41): Error: NSC1020: Undeclared identifier "DL_L_NPC_MEAL_TARGET"

dl_lifecycle_inc.nss(41): Error: NSC1007: Required argument "sVarName" missing in call to "DeleteLocalObject"

dl_lifecycle_inc.nss(45): Error: NSC1020: Undeclared identifier "DL_L_NPC_CHILL_TARGET"

dl_lifecycle_inc.nss(45): Error: NSC1007: Required argument "sVarName" missing in call to "DeleteLocalObject"

dl_lifecycle_inc.nss(49): Error: NSC1020: Undeclared identifier "DL_L_NPC_SOCIAL_TARGET"

dl_lifecycle_inc.nss(49): Error: NSC1007: Required argument "sVarName" missing in call to "DeleteLocalObject"

dl_lifecycle_inc.nss(50): Error: NSC1020: Undeclared identifier "DL_L_NPC_SOCIAL_PARTNER"

dl_lifecycle_inc.nss(50): Error: NSC1007: Required argument "sVarName" missing in call to "DeleteLocalObject"

dl_lifecycle_inc.nss(54): Error: NSC1020: Undeclared identifier "DL_L_NPC_PUBLIC_TARGET"

dl_lifecycle_inc.nss(54): Error: NSC1007: Required argument "sVarName" missing in call to "DeleteLocalObject"

dl_lifecycle_inc.nss(97): Error: NSC1020: Undeclared identifier "DL_L_NPC_BLOCKED_OBJ"

dl_lifecycle_inc.nss(97): Error: NSC1007: Required argument "sVarName" missing in call to "DeleteLocalObject"

dl_lifecycle_inc.nss(98): Error: NSC1020: Undeclared identifier "DL_L_NPC_BLOCKED_TAG"

dl_lifecycle_inc.nss(98): Error: NSC1007: Required argument "sVarName" missing in call to "DeleteLocalString"

dl_lifecycle_inc.nss(99): Error: NSC1020: Undeclared identifier "DL_L_NPC_BLOCKED_TYPE"

dl_lifecycle_inc.nss(99): Error: NSC1007: Required argument "sVarName" missing in call to "DeleteLocalInt"

dl_lifecycle_inc.nss(100): Error: NSC1020: Undeclared identifier "DL_L_NPC_BLOCKED_BUSY"

dl_lifecycle_inc.nss(100): Error: NSC1007: Required argument "sVarName" missing in call to "DeleteLocalInt"

dl_city_response_inc.nss(47): Error: NSC1020: Undeclared identifier "DL_ClampInt"

dl_city_response_inc.nss(55): Error: NSC1020: Undeclared identifier "DL_GetAbsoluteMinute"

dl_city_response_inc.nss(155): Error: NSC1020: Undeclared identifier "GetIsInConversation"

dl_city_response_inc.nss(155): Error: NSC1020: Undeclared identifier "GetIsInConversation"

dl_city_response_inc.nss(172): Error: NSC1020: Undeclared identifier "LOCATION_INVALID"

dl_city_response_inc.nss(185): Error: NSC1020: Undeclared identifier "DL_GetAbsoluteMinute"

dl_city_response_inc.nss(188): Error: NSC1020: Undeclared identifier "DL_OrchestrateRuntimeAction"

dl_city_response_inc.nss(189): Error: NSC1020: Undeclared identifier "LOCATION_INVALID"

dl_city_response_inc.nss(189): Error: NSC1020: Undeclared identifier "DL_OrchestrateRuntimeAction"

dl_city_response_inc.nss(193): Error: NSC1020: Undeclared identifier "LOCATION_INVALID"

dl_city_response_inc.nss(193): Error: NSC1020: Undeclared identifier "DL_OrchestrateRuntimeAction"

dl_city_response_inc.nss(200): Error: NSC1020: Undeclared identifier "DL_L_NPC_PROFILE_ID"

dl_city_response_inc.nss(200): Error: NSC1007: Required argument "sVarName" missing in call to "GetLocalString"

dl_city_response_inc.nss(200): Error: NSC1020: Undeclared identifier "DL_PROFILE_GATE_POST"

dl_city_response_inc.nss(201): Error: NSC1039: Not all paths return a value

dl_city_response_inc.nss(213): Error: NSC1020: Undeclared identifier "DL_GetAbsoluteMinute"

dl_city_response_inc.nss(243): Error: NSC1020: Undeclared identifier "DL_GetAbsoluteMinute"

dl_city_response_inc.nss(244): Error: NSC1020: Undeclared identifier "DL_IsMinuteCooldownActive"

dl_city_response_inc.nss(249): Error: NSC1020: Undeclared identifier "DL_SetMinuteCooldown"

dl_city_response_inc.nss(286): Error: NSC1020: Undeclared identifier "DL_IsMinuteCooldownActive"

dl_city_response_inc.nss(287): Error: NSC1039: Not all paths return a value

dl_city_response_inc.nss(324): Error: NSC1020: Undeclared identifier "DL_GetAbsoluteMinute"

dl_city_response_inc.nss(340): Error: NSC1020: Undeclared identifier "DL_IsMinuteCooldownActive"

dl_city_response_inc.nss(344): Error: NSC1020: Undeclared identifier "DL_SetMinuteCooldown"

dl_city_response_inc.nss(348): Error: NSC1020: Undeclared identifier "LOCATION_INVALID"

dl_city_response_inc.nss(348): Error: NSC1020: Undeclared identifier "DL_GetAbsoluteMinute"

dl_city_response_inc.nss(348): Error: NSC1020: Undeclared identifier "DL_OrchestrateRuntimeAction"

dl_legal_inc.nss(60): Error: NSC1020: Undeclared identifier "DL_GetAbsoluteMinute"

dl_legal_inc.nss(97): Error: NSC1020: Undeclared identifier "DL_GetAbsoluteMinute"

dl_legal_inc.nss(97): Error: NSC1007: Required argument "nValue" missing in call to "SetLocalInt"

dl_legal_inc.nss(112): Error: NSC1020: Undeclared identifier "DL_GetAbsoluteMinute"

dl_legal_inc.nss(148): Error: NSC1020: Undeclared identifier "DL_GetAbsoluteMinute"

dl_legal_inc.nss(148): Error: NSC1007: Required argument "nValue" missing in call to "SetLocalInt"

dl_legal_inc.nss(167): Error: NSC1020: Undeclared identifier "DL_GetAbsoluteMinute"

dl_legal_inc.nss(167): Error: NSC1007: Required argument "nValue" missing in call to "SetLocalInt"

dl_cr_crime_inc.nss(97): Error: NSC1020: Undeclared identifier "DL_GetAbsoluteMinute"

dl_cr_crime_inc.nss(145): Error: NSC1020: Undeclared identifier "DL_GetAbsoluteMinute"

dl_cr_crime_inc.nss(145): Error: NSC1007: Required argument "nValue" missing in call to "SetLocalInt"

dl_cr_crime_inc.nss(232): Error: NSC1020: Undeclared identifier "DL_GetAbsoluteMinute"

dl_cr_crime_inc.nss(233): Error: NSC1020: Undeclared identifier "DL_IsMinuteCooldownActive"

dl_cr_crime_inc.nss(237): Error: NSC1020: Undeclared identifier "DL_SetMinuteCooldown"

dl_cr_crime_inc.nss(284): Error: NSC1020: Undeclared identifier "DL_SELECTION_SCORE_INF"

dl_cr_crime_inc.nss(285): Error: NSC1020: Undeclared identifier "DL_SELECTION_SCORE_INF"

dl_cr_crime_inc.nss(314): Error: NSC1020: Undeclared identifier "DL_SelectionBuildTieKey"

dl_cr_crime_inc.nss(315): Error: NSC1020: Undeclared identifier "DL_SelectionCompare"

dl_cr_crime_inc.nss(324): Error: NSC1020: Undeclared identifier "DL_SelectionCompare"

dl_cr_crime_inc.nss(342): Error: NSC1020: Undeclared identifier "DL_GetAbsoluteMinute"

dl_cr_crime_inc.nss(351): Error: NSC1020: Undeclared identifier "LOCATION_INVALID"

dl_cr_crime_inc.nss(351): Error: NSC1020: Undeclared identifier "DL_GetAbsoluteMinute"

dl_cr_crime_inc.nss(351): Error: NSC1020: Undeclared identifier "DL_OrchestrateRuntimeAction"

dl_cr_crime_inc.nss(365): Error: NSC1020: Undeclared identifier "LOCATION_INVALID"

dl_cr_crime_inc.nss(365): Error: NSC1020: Undeclared identifier "DL_GetAbsoluteMinute"

dl_cr_crime_inc.nss(365): Error: NSC1020: Undeclared identifier "DL_OrchestrateRuntimeAction"

dl_cr_crime_inc.nss(369): Error: NSC1020: Undeclared identifier "LOCATION_INVALID"

dl_cr_crime_inc.nss(369): Error: NSC1020: Undeclared identifier "DL_GetAbsoluteMinute"

dl_cr_crime_inc.nss(369): Error: NSC1020: Undeclared identifier "DL_OrchestrateRuntimeAction"

dl_cr_crime_inc.nss(398): Error: NSC1020: Undeclared identifier "DL_PipelineUpdateDiagnostic"

dl_cr_crime_inc.nss(408): Error: NSC1020: Undeclared identifier "DL_GetAbsoluteMinute"

dl_cr_crime_inc.nss(408): Error: NSC1007: Required argument "nUntilAbsMin" missing in call to "DL_CR_SetDetainPending"

dl_cr_crime_inc.nss(415): Error: NSC1020: Undeclared identifier "DL_PipelineUpdateDiagnostic"

dl_cr_crime_inc.nss(444): Error: NSC1020: Undeclared identifier "DL_CR_EVT_PICKPOCKET"

dl_cr_crime_inc.nss(444): Error: NSC1020: Undeclared identifier "DL_CR_EVT_CONTAINER_THEFT"

dl_cr_crime_inc.nss(462): Error: NSC1020: Undeclared identifier "DL_GetAbsoluteMinute"

dl_cr_crime_inc.nss(480): Error: NSC1020: Undeclared identifier "DL_GetAbsoluteMinute"

dl_cr_crime_inc.nss(531): Error: NSC1020: Undeclared identifier "DL_CR_EVT_DOOR_LOCKPICK"

dl_cr_crime_inc.nss(535): Error: NSC1020: Undeclared identifier "DL_CR_EVT_PLACEABLE_LOCKPICK"

dl_cr_crime_inc.nss(541): Error: NSC1020: Undeclared identifier "DL_CR_EVT_RESTRICTED_ENTRY"

dl_cr_crime_inc.nss(588): Error: NSC1020: Undeclared identifier "DL_CR_EVT_RESTRICTED_ENTRY"

dl_cr_crime_inc.nss(588): Error: NSC1007: Required argument "sKind" missing in call to "DL_CR_RegisterCrimeIncident"

dl_cr_crime_inc.nss(605): Error: NSC1020: Undeclared identifier "DL_GetAbsoluteMinute"

dl_cr_crime_inc.nss(605): Error: NSC1020: Undeclared identifier "DL_OrchestrateRuntimeAction"

dl_cr_crime_inc.nss(626): Error: NSC1020: Undeclared identifier "LOCATION_INVALID"

dl_cr_crime_inc.nss(626): Error: NSC1020: Undeclared identifier "DL_GetAbsoluteMinute"

dl_cr_crime_inc.nss(626): Error: NSC1020: Undeclared identifier "DL_OrchestrateRuntimeAction"

dl_cr_crime_inc.nss(637): Error: NSC1020: Undeclared identifier "DL_GetAbsoluteMinute"

dl_cr_crime_inc.nss(637): Error: NSC1007: Required argument "nUntilAbsMin" missing in call to "DL_CR_SetDetainPending"

dl_cr_crime_inc.nss(643): Error: NSC1020: Undeclared identifier "LOCATION_INVALID"

dl_cr_crime_inc.nss(643): Error: NSC1020: Undeclared identifier "DL_GetAbsoluteMinute"

dl_cr_crime_inc.nss(643): Error: NSC1020: Undeclared identifier "DL_OrchestrateRuntimeAction"

dl_ingress_orch_inc.nss(95): Error: NSC1020: Undeclared identifier "DL_RequestNpcBlockedSignal"

Compilation aborted with errors.

Processing aborted.

Total Execution time = 16ms

Running mode 'check' for 'D:\a\COMPILATOR\COMPILATOR\daily_life\dl_userdef.nss' from 'D:\a\COMPILATOR\COMPILATOR\tools\nwn2_compiler\bin': D:\a\COMPILATOR\COMPILATOR\tools\nwn2_compiler\bin\NWNScriptCompiler.exe -c -a -i D:\a\COMPILATOR\COMPILATOR\daily_life -i D:\a\COMPILATOR\COMPILATOR\tools\nwn2_compiler\stock_scripts -b D:\a\COMPILATOR\COMPILATOR\artifacts\ncc D:\a\COMPILATOR\COMPILATOR\daily_life\dl_userdef.nss
NWNScriptCompiler - built Jan 29 2014 19:24:04
Copyright (C) 2008-2014 Skywing.
Portions copyright (C) 2002-2003, Edward T. Smith.
Portions copyright (C) 2003, The Open Knights Consortium.
Compiling: dl_userdef.NSS

dl_runtime_contract_inc.nss(196): Error: NSC1020: Undeclared identifier "DL_LogChatDebugEvent"

dl_runtime_contract_inc.nss(244): Error: NSC1020: Undeclared identifier "DL_IsAreaObject"

dl_runtime_contract_inc.nss(245): Error: NSC1039: Not all paths return a value

dl_runtime_contract_inc.nss(254): Error: NSC1020: Undeclared identifier "DL_GetAreaTier"

dl_runtime_contract_inc.nss(265): Error: NSC1020: Undeclared identifier "DL_GetAreaTier"

dl_runtime_contract_inc.nss(266): Error: NSC1039: Not all paths return a value

dl_runtime_contract_inc.nss(275): Error: NSC1020: Undeclared identifier "DL_GetAreaTier"

dl_runtime_contract_inc.nss(276): Error: NSC1039: Not all paths return a value

dl_runtime_contract_inc.nss(369): Error: NSC1020: Undeclared identifier "LOCATION_INVALID"

dl_runtime_contract_inc.nss(389): Error: NSC1020: Undeclared identifier "oActor"

dl_runtime_contract_inc.nss(389): Error: NSC1007: Required argument "oObject" missing in call to "GetIsObjectValid"

dl_runtime_contract_inc.nss(391): Error: NSC1080: Return statement outside the scope of a function

dl_runtime_contract_inc.nss(394): Error: NSC1020: Undeclared identifier "sNoopStateKey"

dl_runtime_contract_inc.nss(394): Error: NSC1020: Undeclared identifier "sNoopStateValue"

dl_runtime_contract_inc.nss(394): Error: NSC1020: Undeclared identifier "nExecutionWindow"

dl_runtime_contract_inc.nss(396): Error: NSC1020: Undeclared identifier "oActor"

dl_runtime_contract_inc.nss(396): Error: NSC1020: Undeclared identifier "sNoopStateKey"

dl_runtime_contract_inc.nss(396): Error: NSC1007: Required argument "oObject" missing in call to "GetLocalString"

dl_runtime_contract_inc.nss(396): Error: NSC1020: Undeclared identifier "sNoopStateValue"

dl_runtime_contract_inc.nss(397): Error: NSC1020: Undeclared identifier "oActor"

dl_runtime_contract_inc.nss(397): Error: NSC1007: Required argument "oObject" missing in call to "GetLocalInt"

dl_runtime_contract_inc.nss(397): Error: NSC1020: Undeclared identifier "nExecutionWindow"

dl_runtime_contract_inc.nss(398): Error: NSC1020: Undeclared identifier "oActor"

dl_runtime_contract_inc.nss(398): Error: NSC1007: Required argument "oObject" missing in call to "GetLocalString"

dl_runtime_contract_inc.nss(398): Error: NSC1020: Undeclared identifier "sNoopStateValue"

dl_runtime_contract_inc.nss(400): Error: NSC1080: Return statement outside the scope of a function

dl_runtime_contract_inc.nss(404): Error: NSC1020: Undeclared identifier "oActor"

dl_runtime_contract_inc.nss(404): Error: NSC1020: Undeclared identifier "sPreStatusKey"

dl_runtime_contract_inc.nss(404): Error: NSC1020: Undeclared identifier "sPreStatus"

dl_runtime_contract_inc.nss(404): Error: NSC1020: Undeclared identifier "sPreDiagKey"

dl_runtime_contract_inc.nss(404): Error: NSC1020: Undeclared identifier "sPreDiag"

dl_runtime_contract_inc.nss(404): Error: NSC1007: Required argument "oNpc" missing in call to "DL_SetRuntimeState"

dl_runtime_contract_inc.nss(405): Error: NSC1020: Undeclared identifier "bResetQueue"

dl_runtime_contract_inc.nss(407): Error: NSC1020: Undeclared identifier "oActor"

dl_runtime_contract_inc.nss(407): Error: NSC1007: Required argument "oActionSubject" missing in call to "AssignCommand"

dl_runtime_contract_inc.nss(410): Error: NSC1020: Undeclared identifier "nActionKind"

dl_runtime_contract_inc.nss(414): Error: NSC1020: Undeclared identifier "nActionKind"

dl_runtime_contract_inc.nss(416): Error: NSC1020: Undeclared identifier "oActor"

dl_runtime_contract_inc.nss(416): Error: NSC1020: Undeclared identifier "oTarget"

dl_runtime_contract_inc.nss(416): Error: NSC1020: Undeclared identifier "bRun"

dl_runtime_contract_inc.nss(416): Error: NSC1020: Undeclared identifier "fRange"

dl_runtime_contract_inc.nss(416): Error: NSC1020: Undeclared identifier "DL_CommandMoveToObject"

dl_runtime_contract_inc.nss(418): Error: NSC1020: Undeclared identifier "nActionKind"

dl_runtime_contract_inc.nss(420): Error: NSC1020: Undeclared identifier "oActor"

dl_runtime_contract_inc.nss(420): Error: NSC1020: Undeclared identifier "lTarget"

dl_runtime_contract_inc.nss(420): Error: NSC1020: Undeclared identifier "bRun"

dl_runtime_contract_inc.nss(420): Error: NSC1020: Undeclared identifier "DL_CommandMoveToLocation"

dl_runtime_contract_inc.nss(422): Error: NSC1020: Undeclared identifier "nActionKind"

dl_runtime_contract_inc.nss(424): Error: NSC1020: Undeclared identifier "oActor"

dl_runtime_contract_inc.nss(424): Error: NSC1020: Undeclared identifier "lTarget"

dl_runtime_contract_inc.nss(424): Error: NSC1020: Undeclared identifier "DL_CommandJumpToLocation"

dl_runtime_contract_inc.nss(426): Error: NSC1020: Undeclared identifier "nActionKind"

dl_runtime_contract_inc.nss(428): Error: NSC1020: Undeclared identifier "oActor"

dl_runtime_contract_inc.nss(428): Error: NSC1020: Undeclared identifier "oTarget"

dl_runtime_contract_inc.nss(428): Error: NSC1020: Undeclared identifier "sDialogResRef"

dl_runtime_contract_inc.nss(428): Error: NSC1020: Undeclared identifier "bPrivateConversation"

dl_runtime_contract_inc.nss(428): Error: NSC1020: Undeclared identifier "bPlayHello"

dl_runtime_contract_inc.nss(428): Error: NSC1020: Undeclared identifier "DL_CommandStartConversation"

dl_runtime_contract_inc.nss(430): Error: NSC1020: Undeclared identifier "nActionKind"

dl_runtime_contract_inc.nss(432): Error: NSC1020: Undeclared identifier "oActor"

dl_runtime_contract_inc.nss(432): Error: NSC1020: Undeclared identifier "oTarget"

dl_runtime_contract_inc.nss(432): Error: NSC1020: Undeclared identifier "DL_CommandAttack"

dl_runtime_contract_inc.nss(436): Error: NSC1080: Return statement outside the scope of a function

dl_runtime_contract_inc.nss(440): Error: NSC1020: Undeclared identifier "oActor"

dl_runtime_contract_inc.nss(441): Error: NSC1020: Undeclared identifier "sPostStatusKey"

dl_runtime_contract_inc.nss(442): Error: NSC1020: Undeclared identifier "sPostStatus"

dl_runtime_contract_inc.nss(443): Error: NSC1020: Undeclared identifier "sPostDiagKey"

dl_runtime_contract_inc.nss(444): Error: NSC1020: Undeclared identifier "sPostDiag"

dl_runtime_contract_inc.nss(446): Error: NSC1020: Undeclared identifier "nExecutionWindow"

dl_runtime_contract_inc.nss(447): Error: NSC1020: Undeclared identifier "sNoopStateKey"

dl_runtime_contract_inc.nss(449): Error: NSC1020: Undeclared identifier "sNoopStateValue"

dl_runtime_contract_inc.nss(449): Error: NSC1007: Required argument "oActor" missing in call to "DL_OnNpcActionDispatched"

dl_runtime_contract_inc.nss(451): Error: NSC1080: Return statement outside the scope of a function

dl_runtime_contract_inc.nss(550): Error: NSC1020: Undeclared identifier "OBJECT_TYPE_AREA"

dl_runtime_contract_inc.nss(551): Error: NSC1039: Not all paths return a value

dl_config_inc.nss(56): Error: NSC1003: Operator (>) not valid for specified types

dl_diag_inc.nss(6): Error: NSC1020: Undeclared identifier "DL_DIR_NONE"

dl_diag_inc.nss(10): Error: NSC1020: Undeclared identifier "DL_DIR_SLEEP"

dl_diag_inc.nss(14): Error: NSC1020: Undeclared identifier "DL_DIR_WORK"

dl_diag_inc.nss(18): Error: NSC1020: Undeclared identifier "DL_DIR_SOCIAL"

dl_diag_inc.nss(22): Error: NSC1020: Undeclared identifier "DL_DIR_MEAL"

dl_diag_inc.nss(26): Error: NSC1020: Undeclared identifier "DL_DIR_PUBLIC"

dl_diag_inc.nss(30): Error: NSC1020: Undeclared identifier "DL_DIR_CHILL"

dl_diag_inc.nss(39): Error: NSC1020: Undeclared identifier "DL_L_NPC_TRANSITION_DIAGNOSTIC"

dl_diag_inc.nss(39): Error: NSC1007: Required argument "sVarName" missing in call to "GetLocalString"

dl_diag_inc.nss(45): Error: NSC1020: Undeclared identifier "DL_L_NPC_SLEEP_DIAGNOSTIC"

dl_diag_inc.nss(45): Error: NSC1007: Required argument "sVarName" missing in call to "GetLocalString"

dl_diag_inc.nss(51): Error: NSC1020: Undeclared identifier "DL_L_NPC_WORK_DIAGNOSTIC"

dl_diag_inc.nss(51): Error: NSC1007: Required argument "sVarName" missing in call to "GetLocalString"

dl_diag_inc.nss(57): Error: NSC1020: Undeclared identifier "DL_L_NPC_FOCUS_DIAGNOSTIC"

dl_diag_inc.nss(57): Error: NSC1007: Required argument "sVarName" missing in call to "GetLocalString"

dl_diag_inc.nss(69): Error: NSC1020: Undeclared identifier "DL_L_NPC_TRANSITION_STATUS"

dl_diag_inc.nss(69): Error: NSC1007: Required argument "sVarName" missing in call to "GetLocalString"

dl_diag_inc.nss(75): Error: NSC1020: Undeclared identifier "DL_L_NPC_SLEEP_STATUS"

dl_diag_inc.nss(75): Error: NSC1007: Required argument "sVarName" missing in call to "GetLocalString"

dl_diag_inc.nss(81): Error: NSC1020: Undeclared identifier "DL_L_NPC_WORK_STATUS"

dl_diag_inc.nss(81): Error: NSC1007: Required argument "sVarName" missing in call to "GetLocalString"

dl_diag_inc.nss(87): Error: NSC1020: Undeclared identifier "DL_L_NPC_FOCUS_STATUS"

dl_diag_inc.nss(87): Error: NSC1007: Required argument "sVarName" missing in call to "GetLocalString"

dl_diag_inc.nss(115): Error: NSC1020: Undeclared identifier "DL_L_NPC_PROFILE_ID"

dl_diag_inc.nss(115): Error: NSC1007: Required argument "sVarName" missing in call to "GetLocalString"

dl_diag_inc.nss(116): Error: NSC1020: Undeclared identifier "DL_L_NPC_DIRECTIVE"

dl_diag_inc.nss(116): Error: NSC1007: Required argument "sVarName" missing in call to "GetLocalInt"

dl_diag_inc.nss(116): Error: NSC1007: Required argument "nDirective" missing in call to "DL_GetDirectiveLabel"

dl_diag_inc.nss(117): Error: NSC1020: Undeclared identifier "DL_L_NPC_STATE"

dl_diag_inc.nss(117): Error: NSC1007: Required argument "sVarName" missing in call to "GetLocalString"

dl_diag_inc.nss(119): Error: NSC1020: Undeclared identifier "DL_L_NPC_SLEEP_STATUS"

dl_diag_inc.nss(119): Error: NSC1007: Required argument "sVarName" missing in call to "GetLocalString"

dl_diag_inc.nss(120): Error: NSC1020: Undeclared identifier "DL_L_NPC_SLEEP_TARGET"

dl_diag_inc.nss(120): Error: NSC1007: Required argument "sVarName" missing in call to "GetLocalString"

dl_diag_inc.nss(121): Error: NSC1020: Undeclared identifier "DL_L_NPC_WORK_STATUS"

dl_diag_inc.nss(121): Error: NSC1007: Required argument "sVarName" missing in call to "GetLocalString"

dl_diag_inc.nss(122): Error: NSC1020: Undeclared identifier "DL_L_NPC_WORK_TARGET"

dl_diag_inc.nss(122): Error: NSC1007: Required argument "sVarName" missing in call to "GetLocalString"

dl_diag_inc.nss(123): Error: NSC1020: Undeclared identifier "DL_L_NPC_TRANSITION_STATUS"

dl_diag_inc.nss(123): Error: NSC1007: Required argument "sVarName" missing in call to "GetLocalString"

dl_diag_inc.nss(124): Error: NSC1020: Undeclared identifier "DL_L_NPC_TRANSITION_TARGET"

dl_diag_inc.nss(124): Error: NSC1007: Required argument "sVarName" missing in call to "GetLocalString"

dl_diag_inc.nss(131): Error: NSC1020: Undeclared identifier "DL_L_NPC_DIRECTIVE"

dl_diag_inc.nss(131): Error: NSC1007: Required argument "sVarName" missing in call to "GetLocalInt"

dl_diag_inc.nss(131): Error: NSC1007: Required argument "nDirective" missing in call to "DL_GetDirectiveLabel"

dl_diag_inc.nss(132): Error: NSC1020: Undeclared identifier "DL_L_NPC_STATE"

dl_diag_inc.nss(132): Error: NSC1007: Required argument "sVarName" missing in call to "GetLocalString"

dl_diag_inc.nss(134): Error: NSC1020: Undeclared identifier "DL_L_NPC_SLEEP_STATUS"

dl_diag_inc.nss(134): Error: NSC1007: Required argument "sVarName" missing in call to "GetLocalString"

dl_diag_inc.nss(135): Error: NSC1020: Undeclared identifier "DL_L_NPC_SLEEP_TARGET"

dl_diag_inc.nss(135): Error: NSC1007: Required argument "sVarName" missing in call to "GetLocalString"

dl_diag_inc.nss(136): Error: NSC1020: Undeclared identifier "DL_L_NPC_WORK_STATUS"

dl_diag_inc.nss(136): Error: NSC1007: Required argument "sVarName" missing in call to "GetLocalString"

dl_diag_inc.nss(137): Error: NSC1020: Undeclared identifier "DL_L_NPC_WORK_TARGET"

dl_diag_inc.nss(137): Error: NSC1007: Required argument "sVarName" missing in call to "GetLocalString"

dl_diag_inc.nss(138): Error: NSC1020: Undeclared identifier "DL_L_NPC_TRANSITION_STATUS"

dl_diag_inc.nss(138): Error: NSC1007: Required argument "sVarName" missing in call to "GetLocalString"

dl_diag_inc.nss(139): Error: NSC1020: Undeclared identifier "DL_L_NPC_TRANSITION_TARGET"

dl_diag_inc.nss(139): Error: NSC1007: Required argument "sVarName" missing in call to "GetLocalString"

dl_diag_inc.nss(140): Error: NSC1039: Not all paths return a value

dl_registry_inc.nss(10): Error: NSC1051: Constant "DL_TIER_WARM" must be initialized before it may be referenced

dl_registry_inc.nss(11): Error: NSC1051: Constant "DL_TIER_HOT" must be initialized before it may be referenced

dl_registry_inc.nss(70): Error: NSC1020: Undeclared identifier "DL_AddLocalInt"

dl_registry_inc.nss(71): Error: NSC1039: Not all paths return a value

dl_registry_inc.nss(166): Error: NSC1020: Undeclared identifier "DL_ShouldRunByAreaTickInterval"

dl_registry_inc.nss(763): Error: NSC1020: Undeclared identifier "DL_L_NPC_PROFILE_ID"

dl_registry_inc.nss(763): Error: NSC1007: Required argument "sVarName" missing in call to "GetLocalString"

dl_registry_inc.nss(765): Error: NSC1020: Undeclared identifier "DL_L_NPC_PROFILE_ID"

dl_registry_inc.nss(765): Error: NSC1007: Required argument "sVarName" missing in call to "SetLocalString"

dl_registry_inc.nss(767): Error: NSC1020: Undeclared identifier "DL_L_NPC_STATE"

dl_registry_inc.nss(767): Error: NSC1007: Required argument "sVarName" missing in call to "GetLocalString"

dl_registry_inc.nss(769): Error: NSC1020: Undeclared identifier "DL_L_NPC_STATE"

dl_registry_inc.nss(769): Error: NSC1007: Required argument "sVarName" missing in call to "SetLocalString"

dl_resync_inc.nss(74): Error: NSC1020: Undeclared identifier "DL_ResolveNpcDirective"

dl_resync_inc.nss(75): Error: NSC1020: Undeclared identifier "DL_ApplyDirectiveSkeleton"

dl_worker_inc.nss(43): Error: NSC1020: Undeclared identifier "DL_ClampInt"

dl_worker_inc.nss(70): Error: NSC1020: Undeclared identifier "DL_L_MODULE_WORKER_TICKS"

dl_worker_inc.nss(70): Error: NSC1007: Required argument "sKey" missing in call to "DL_IncLocalInt"

dl_worker_inc.nss(73): Error: NSC1020: Undeclared identifier "DL_L_AREA_WORKER_LAST_PROCESSED"

dl_worker_inc.nss(73): Error: NSC1007: Required argument "sVarName" missing in call to "SetLocalInt"

dl_worker_inc.nss(74): Error: NSC1020: Undeclared identifier "DL_L_MODULE_WORKER_LAST_PROCESSED"

dl_worker_inc.nss(74): Error: NSC1007: Required argument "sVarName" missing in call to "SetLocalInt"

dl_worker_inc.nss(94): Error: NSC1020: Undeclared identifier "DL_L_AREA_RESYNC_LAST_PROCESSED"

dl_worker_inc.nss(94): Error: NSC1007: Required argument "sVarName" missing in call to "SetLocalInt"

dl_worker_inc.nss(95): Error: NSC1020: Undeclared identifier "DL_L_MODULE_RESYNC_LAST_PROCESSED"

dl_worker_inc.nss(95): Error: NSC1007: Required argument "sVarName" missing in call to "SetLocalInt"

dl_worker_inc.nss(455): Error: NSC1020: Undeclared identifier "DL_ResolveNpcDirective"

dl_worker_inc.nss(456): Error: NSC1020: Undeclared identifier "DL_ApplyDirectiveSkeleton"

dl_lifecycle_inc.nss(22): Error: NSC1050: Non-constant value specified for constant "DL_NPC_RESET_DIRECTIVE_EXEC_ALL"

dl_lifecycle_inc.nss(33): Error: NSC1020: Undeclared identifier "DL_L_NPC_SLEEP_TARGET_VALID"

dl_lifecycle_inc.nss(33): Error: NSC1007: Required argument "sVarName" missing in call to "DeleteLocalInt"

dl_lifecycle_inc.nss(37): Error: NSC1020: Undeclared identifier "DL_L_NPC_WORK_TARGET"

dl_lifecycle_inc.nss(37): Error: NSC1007: Required argument "sVarName" missing in call to "DeleteLocalObject"

dl_lifecycle_inc.nss(41): Error: NSC1020: Undeclared identifier "DL_L_NPC_MEAL_TARGET"

dl_lifecycle_inc.nss(41): Error: NSC1007: Required argument "sVarName" missing in call to "DeleteLocalObject"

dl_lifecycle_inc.nss(45): Error: NSC1020: Undeclared identifier "DL_L_NPC_CHILL_TARGET"

dl_lifecycle_inc.nss(45): Error: NSC1007: Required argument "sVarName" missing in call to "DeleteLocalObject"

dl_lifecycle_inc.nss(49): Error: NSC1020: Undeclared identifier "DL_L_NPC_SOCIAL_TARGET"

dl_lifecycle_inc.nss(49): Error: NSC1007: Required argument "sVarName" missing in call to "DeleteLocalObject"

dl_lifecycle_inc.nss(50): Error: NSC1020: Undeclared identifier "DL_L_NPC_SOCIAL_PARTNER"

dl_lifecycle_inc.nss(50): Error: NSC1007: Required argument "sVarName" missing in call to "DeleteLocalObject"

dl_lifecycle_inc.nss(54): Error: NSC1020: Undeclared identifier "DL_L_NPC_PUBLIC_TARGET"

dl_lifecycle_inc.nss(54): Error: NSC1007: Required argument "sVarName" missing in call to "DeleteLocalObject"

dl_city_response_inc.nss(47): Error: NSC1020: Undeclared identifier "DL_ClampInt"

dl_city_response_inc.nss(55): Error: NSC1020: Undeclared identifier "DL_GetAbsoluteMinute"

dl_city_response_inc.nss(155): Error: NSC1020: Undeclared identifier "GetIsInConversation"

dl_city_response_inc.nss(155): Error: NSC1020: Undeclared identifier "GetIsInConversation"

dl_city_response_inc.nss(172): Error: NSC1020: Undeclared identifier "LOCATION_INVALID"

dl_city_response_inc.nss(185): Error: NSC1020: Undeclared identifier "DL_GetAbsoluteMinute"

dl_city_response_inc.nss(188): Error: NSC1020: Undeclared identifier "DL_OrchestrateRuntimeAction"

dl_city_response_inc.nss(189): Error: NSC1020: Undeclared identifier "LOCATION_INVALID"

dl_city_response_inc.nss(189): Error: NSC1020: Undeclared identifier "DL_OrchestrateRuntimeAction"

dl_city_response_inc.nss(193): Error: NSC1020: Undeclared identifier "LOCATION_INVALID"

dl_city_response_inc.nss(193): Error: NSC1020: Undeclared identifier "DL_OrchestrateRuntimeAction"

dl_city_response_inc.nss(200): Error: NSC1020: Undeclared identifier "DL_L_NPC_PROFILE_ID"

dl_city_response_inc.nss(200): Error: NSC1007: Required argument "sVarName" missing in call to "GetLocalString"

dl_city_response_inc.nss(200): Error: NSC1020: Undeclared identifier "DL_PROFILE_GATE_POST"

dl_city_response_inc.nss(201): Error: NSC1039: Not all paths return a value

dl_city_response_inc.nss(213): Error: NSC1020: Undeclared identifier "DL_GetAbsoluteMinute"

dl_city_response_inc.nss(243): Error: NSC1020: Undeclared identifier "DL_GetAbsoluteMinute"

dl_city_response_inc.nss(244): Error: NSC1020: Undeclared identifier "DL_IsMinuteCooldownActive"

dl_city_response_inc.nss(249): Error: NSC1020: Undeclared identifier "DL_SetMinuteCooldown"

dl_city_response_inc.nss(286): Error: NSC1020: Undeclared identifier "DL_IsMinuteCooldownActive"

dl_city_response_inc.nss(287): Error: NSC1039: Not all paths return a value

dl_city_response_inc.nss(324): Error: NSC1020: Undeclared identifier "DL_GetAbsoluteMinute"

dl_city_response_inc.nss(340): Error: NSC1020: Undeclared identifier "DL_IsMinuteCooldownActive"

dl_city_response_inc.nss(344): Error: NSC1020: Undeclared identifier "DL_SetMinuteCooldown"

dl_city_response_inc.nss(348): Error: NSC1020: Undeclared identifier "LOCATION_INVALID"

dl_city_response_inc.nss(348): Error: NSC1020: Undeclared identifier "DL_GetAbsoluteMinute"

dl_city_response_inc.nss(348): Error: NSC1020: Undeclared identifier "DL_OrchestrateRuntimeAction"

dl_legal_inc.nss(60): Error: NSC1020: Undeclared identifier "DL_GetAbsoluteMinute"

dl_legal_inc.nss(97): Error: NSC1020: Undeclared identifier "DL_GetAbsoluteMinute"

dl_legal_inc.nss(97): Error: NSC1007: Required argument "nValue" missing in call to "SetLocalInt"

dl_legal_inc.nss(112): Error: NSC1020: Undeclared identifier "DL_GetAbsoluteMinute"

dl_legal_inc.nss(148): Error: NSC1020: Undeclared identifier "DL_GetAbsoluteMinute"

dl_legal_inc.nss(148): Error: NSC1007: Required argument "nValue" missing in call to "SetLocalInt"

dl_legal_inc.nss(167): Error: NSC1020: Undeclared identifier "DL_GetAbsoluteMinute"

dl_legal_inc.nss(167): Error: NSC1007: Required argument "nValue" missing in call to "SetLocalInt"

dl_cr_crime_inc.nss(97): Error: NSC1020: Undeclared identifier "DL_GetAbsoluteMinute"

dl_cr_crime_inc.nss(145): Error: NSC1020: Undeclared identifier "DL_GetAbsoluteMinute"

dl_cr_crime_inc.nss(145): Error: NSC1007: Required argument "nValue" missing in call to "SetLocalInt"

dl_cr_crime_inc.nss(232): Error: NSC1020: Undeclared identifier "DL_GetAbsoluteMinute"

dl_cr_crime_inc.nss(233): Error: NSC1020: Undeclared identifier "DL_IsMinuteCooldownActive"

dl_cr_crime_inc.nss(237): Error: NSC1020: Undeclared identifier "DL_SetMinuteCooldown"

dl_cr_crime_inc.nss(284): Error: NSC1020: Undeclared identifier "DL_SELECTION_SCORE_INF"

dl_cr_crime_inc.nss(285): Error: NSC1020: Undeclared identifier "DL_SELECTION_SCORE_INF"

dl_cr_crime_inc.nss(314): Error: NSC1020: Undeclared identifier "DL_SelectionBuildTieKey"

dl_cr_crime_inc.nss(315): Error: NSC1020: Undeclared identifier "DL_SelectionCompare"

dl_cr_crime_inc.nss(324): Error: NSC1020: Undeclared identifier "DL_SelectionCompare"

dl_cr_crime_inc.nss(342): Error: NSC1020: Undeclared identifier "DL_GetAbsoluteMinute"

dl_cr_crime_inc.nss(351): Error: NSC1020: Undeclared identifier "LOCATION_INVALID"

dl_cr_crime_inc.nss(351): Error: NSC1020: Undeclared identifier "DL_GetAbsoluteMinute"

dl_cr_crime_inc.nss(351): Error: NSC1020: Undeclared identifier "DL_OrchestrateRuntimeAction"

dl_cr_crime_inc.nss(365): Error: NSC1020: Undeclared identifier "LOCATION_INVALID"

dl_cr_crime_inc.nss(365): Error: NSC1020: Undeclared identifier "DL_GetAbsoluteMinute"

dl_cr_crime_inc.nss(365): Error: NSC1020: Undeclared identifier "DL_OrchestrateRuntimeAction"

dl_cr_crime_inc.nss(369): Error: NSC1020: Undeclared identifier "LOCATION_INVALID"

dl_cr_crime_inc.nss(369): Error: NSC1020: Undeclared identifier "DL_GetAbsoluteMinute"

dl_cr_crime_inc.nss(369): Error: NSC1020: Undeclared identifier "DL_OrchestrateRuntimeAction"

dl_cr_crime_inc.nss(398): Error: NSC1020: Undeclared identifier "DL_PipelineUpdateDiagnostic"

dl_cr_crime_inc.nss(408): Error: NSC1020: Undeclared identifier "DL_GetAbsoluteMinute"

dl_cr_crime_inc.nss(408): Error: NSC1007: Required argument "nUntilAbsMin" missing in call to "DL_CR_SetDetainPending"

dl_cr_crime_inc.nss(415): Error: NSC1020: Undeclared identifier "DL_PipelineUpdateDiagnostic"

dl_cr_crime_inc.nss(444): Error: NSC1020: Undeclared identifier "DL_CR_EVT_PICKPOCKET"

dl_cr_crime_inc.nss(444): Error: NSC1020: Undeclared identifier "DL_CR_EVT_CONTAINER_THEFT"

dl_cr_crime_inc.nss(462): Error: NSC1020: Undeclared identifier "DL_GetAbsoluteMinute"

dl_cr_crime_inc.nss(480): Error: NSC1020: Undeclared identifier "DL_GetAbsoluteMinute"

dl_cr_crime_inc.nss(531): Error: NSC1020: Undeclared identifier "DL_CR_EVT_DOOR_LOCKPICK"

dl_cr_crime_inc.nss(535): Error: NSC1020: Undeclared identifier "DL_CR_EVT_PLACEABLE_LOCKPICK"

dl_cr_crime_inc.nss(541): Error: NSC1020: Undeclared identifier "DL_CR_EVT_RESTRICTED_ENTRY"

dl_cr_crime_inc.nss(588): Error: NSC1020: Undeclared identifier "DL_CR_EVT_RESTRICTED_ENTRY"

dl_cr_crime_inc.nss(588): Error: NSC1007: Required argument "sKind" missing in call to "DL_CR_RegisterCrimeIncident"

dl_cr_crime_inc.nss(605): Error: NSC1020: Undeclared identifier "DL_GetAbsoluteMinute"

dl_cr_crime_inc.nss(605): Error: NSC1020: Undeclared identifier "DL_OrchestrateRuntimeAction"

dl_cr_crime_inc.nss(626): Error: NSC1020: Undeclared identifier "LOCATION_INVALID"

dl_cr_crime_inc.nss(626): Error: NSC1020: Undeclared identifier "DL_GetAbsoluteMinute"

dl_cr_crime_inc.nss(626): Error: NSC1020: Undeclared identifier "DL_OrchestrateRuntimeAction"

dl_cr_crime_inc.nss(637): Error: NSC1020: Undeclared identifier "DL_GetAbsoluteMinute"

dl_cr_crime_inc.nss(637): Error: NSC1007: Required argument "nUntilAbsMin" missing in call to "DL_CR_SetDetainPending"

dl_cr_crime_inc.nss(643): Error: NSC1020: Undeclared identifier "LOCATION_INVALID"

dl_cr_crime_inc.nss(643): Error: NSC1020: Undeclared identifier "DL_GetAbsoluteMinute"

dl_cr_crime_inc.nss(643): Error: NSC1020: Undeclared identifier "DL_OrchestrateRuntimeAction"

dl_blocked_inc.nss(1): Error: NSC1051: Constant "DL_L_NPC_BLOCKED_OBJ" must be initialized before it may be referenced

dl_blocked_inc.nss(2): Error: NSC1051: Constant "DL_L_NPC_BLOCKED_TAG" must be initialized before it may be referenced

dl_blocked_inc.nss(3): Error: NSC1051: Constant "DL_L_NPC_BLOCKED_TYPE" must be initialized before it may be referenced

dl_blocked_inc.nss(4): Error: NSC1051: Constant "DL_L_NPC_BLOCKED_BUSY" must be initialized before it may be referenced

dl_blocked_inc.nss(11): Error: NSC1020: Undeclared identifier "DL_DIR_SLEEP"

dl_blocked_inc.nss(12): Error: NSC1020: Undeclared identifier "DL_DIR_WORK"

dl_blocked_inc.nss(13): Error: NSC1020: Undeclared identifier "DL_DIR_MEAL"

dl_blocked_inc.nss(14): Error: NSC1020: Undeclared identifier "DL_DIR_CHILL"

dl_blocked_inc.nss(15): Error: NSC1020: Undeclared identifier "DL_DIR_SOCIAL"

dl_blocked_inc.nss(16): Error: NSC1020: Undeclared identifier "DL_DIR_PUBLIC"

dl_blocked_inc.nss(17): Error: NSC1039: Not all paths return a value

dl_blocked_inc.nss(43): Error: NSC1020: Undeclared identifier "DL_L_NPC_DIRECTIVE"

dl_blocked_inc.nss(43): Error: NSC1007: Required argument "sVarName" missing in call to "GetLocalInt"

dl_blocked_inc.nss(51): Error: NSC1020: Undeclared identifier "DL_ApplyDirectiveSkeleton"

dl_blocked_inc.nss(115): Error: NSC1020: Undeclared identifier "DL_L_NPC_DIRECTIVE"

dl_blocked_inc.nss(115): Error: NSC1007: Required argument "sVarName" missing in call to "GetLocalInt"

Compilation aborted with errors.

Processing aborted.

Total Execution time = 16ms

